batch_idx,mc_draw,accuracy,fault_layer,fault_location,fault_category,fault_type,fault_value
0,0,1.0,2,In2_Out0,Connection,stuck_on,stuck_on
0,1,1.0,2,In4_Out0,Connection,stuck_on,stuck_on
0,2,0.5,2,In1_Out1,Connection,stuck_on,stuck_on
0,3,1.0,1,In0_Out2,Connection,stuck_on,stuck_on
0,4,1.0,1,In2_Out2,Connection,stuck_on,stuck_on
0,5,0.0,2,In3_Out2,Connection,stuck_off,stuck_off
0,6,1.0,2,N1,Neuron,dynamic,Idx_1
0,7,1.0,2,In2_Out1,Connection,stuck_off,stuck_off
0,8,0.5,0,N1,Neuron,dynamic,Idx_1
0,9,0.5,0,N1,Neuron,dynamic,Idx_0
0,10,1.0,1,In3_Out4,Connection,stuck_off,stuck_off
0,11,1.0,2,In4_Out0,Connection,stuck_on,stuck_on
0,12,1.0,1,N1,Neuron,dynamic,Idx_2
0,13,1.0,2,In0_Out1,Connection,stuck_off,stuck_off
0,14,1.0,1,N3,Neuron,static,2.0
0,15,0.5,1,In0_Out4,Connection,stuck_off,stuck_off
0,16,1.0,1,In4_Out2,Connection,stuck_on,stuck_on
0,17,1.0,1,In3_Out0,Connection,stuck_on,stuck_on
0,18,1.0,1,In0_Out1,Connection,stuck_on,stuck_on
0,19,1.0,0,In0_Out4,Connection,stuck_on,stuck_on
0,20,1.0,2,In2_Out1,Connection,stuck_off,stuck_off
0,21,1.0,2,In2_Out1,Connection,stuck_on,stuck_on
0,22,1.0,1,In1_Out1,Connection,stuck_on,stuck_on
0,23,1.0,2,In4_Out2,Connection,stuck_on,stuck_on
0,24,1.0,2,In3_Out0,Connection,stuck_off,stuck_off
0,25,0.5,2,In0_Out0,Connection,stuck_on,stuck_on
0,26,0.5,0,N0,Neuron,dynamic,Idx_2
0,27,0.0,2,N0,Neuron,dynamic,Idx_2
0,28,1.0,1,In1_Out2,Connection,stuck_off,stuck_off
0,29,1.0,0,In0_Out4,Connection,stuck_on,stuck_on
0,30,1.0,1,In0_Out1,Connection,stuck_off,stuck_off
0,31,1.0,2,In4_Out2,Connection,stuck_on,stuck_on
0,32,0.5,2,In2_Out0,Connection,stuck_off,stuck_off
0,33,0.0,2,In3_Out2,Connection,stuck_off,stuck_off
0,34,0.5,2,In0_Out0,Connection,stuck_on,stuck_on
0,35,1.0,1,In2_Out1,Connection,stuck_off,stuck_off
0,36,1.0,2,In3_Out1,Connection,stuck_on,stuck_on
0,37,0.5,0,In0_Out0,Connection,stuck_off,stuck_off
0,38,1.0,1,In2_Out0,Connection,stuck_on,stuck_on
0,39,1.0,0,N1,Neuron,static,2.0
0,40,1.0,1,In4_Out3,Connection,stuck_on,stuck_on
0,41,0.5,1,In1_Out4,Connection,stuck_on,stuck_on
0,42,0.0,2,N0,Neuron,static,3.0
0,43,1.0,1,In0_Out1,Connection,stuck_off,stuck_off
0,44,1.0,2,In1_Out0,Connection,stuck_off,stuck_off
0,45,1.0,2,In0_Out1,Connection,stuck_off,stuck_off
0,46,0.0,2,In0_Out2,Connection,stuck_off,stuck_off
0,47,0.5,1,In1_Out2,Connection,stuck_on,stuck_on
0,48,0.5,1,In1_Out4,Connection,stuck_on,stuck_on
0,49,1.0,1,N2,Neuron,dynamic,Idx_1
0,50,1.0,1,In2_Out1,Connection,stuck_off,stuck_off
0,51,1.0,1,N3,Neuron,dynamic,Idx_2
0,52,1.0,0,N1,Neuron,static,3.0
0,53,1.0,2,In3_Out0,Connection,stuck_off,stuck_off
0,54,1.0,1,In1_Out0,Connection,stuck_off,stuck_off
0,55,1.0,1,In2_Out3,Connection,stuck_on,stuck_on
0,56,0.5,2,In2_Out0,Connection,stuck_off,stuck_off
0,57,1.0,1,In4_Out3,Connection,stuck_off,stuck_off
0,58,1.0,0,In0_Out1,Connection,stuck_off,stuck_off
0,59,1.0,1,In1_Out2,Connection,stuck_off,stuck_off
0,60,1.0,2,In1_Out2,Connection,stuck_on,stuck_on
0,61,1.0,1,In3_Out1,Connection,stuck_on,stuck_on
0,62,1.0,1,In1_Out3,Connection,stuck_off,stuck_off
0,63,0.5,2,In2_Out0,Connection,stuck_off,stuck_off
0,64,0.5,0,N3,Neuron,dynamic,Idx_0
0,65,1.0,0,In0_Out0,Connection,stuck_on,stuck_on
0,66,1.0,0,N2,Neuron,static,2.0
0,67,1.0,1,In2_Out0,Connection,stuck_on,stuck_on
0,68,0.0,1,N3,Neuron,dynamic,Idx_0
0,69,1.0,1,In2_Out0,Connection,stuck_on,stuck_on
0,70,0.0,1,N4,Neuron,static,3.0
0,71,1.0,2,In3_Out1,Connection,stuck_off,stuck_off
0,72,1.0,1,In1_Out3,Connection,stuck_on,stuck_on
0,73,1.0,1,In0_Out3,Connection,stuck_off,stuck_off
0,74,0.5,1,In0_Out4,Connection,stuck_off,stuck_off
0,75,1.0,1,In4_Out1,Connection,stuck_off,stuck_off
0,76,1.0,1,In0_Out3,Connection,stuck_off,stuck_off
0,77,1.0,1,In0_Out3,Connection,stuck_on,stuck_on
0,78,1.0,2,In0_Out1,Connection,stuck_off,stuck_off
0,79,1.0,1,In4_Out1,Connection,stuck_off,stuck_off
0,80,0.5,2,In0_Out1,Connection,stuck_on,stuck_on
0,81,0.5,2,In1_Out1,Connection,stuck_on,stuck_on
0,82,0.5,1,N1,Neuron,static,0.0
0,83,1.0,2,N2,Neuron,dynamic,Idx_2
0,84,0.5,0,In0_Out0,Connection,stuck_off,stuck_off
0,85,1.0,1,In3_Out3,Connection,stuck_off,stuck_off
0,86,0.0,2,In0_Out2,Connection,stuck_off,stuck_off
0,87,0.5,0,N0,Neuron,static,0.0
0,88,0.5,0,In0_Out0,Connection,stuck_off,stuck_off
0,89,1.0,1,In0_Out1,Connection,stuck_off,stuck_off
0,90,0.5,0,N3,Neuron,dynamic,Idx_0
0,91,1.0,1,In0_Out3,Connection,stuck_on,stuck_on
0,92,1.0,1,In1_Out1,Connection,stuck_off,stuck_off
0,93,0.5,1,In0_Out4,Connection,stuck_off,stuck_off
0,94,0.0,1,N2,Neuron,static,2.0
0,95,1.0,2,In4_Out0,Connection,stuck_off,stuck_off
0,96,1.0,2,In3_Out2,Connection,stuck_on,stuck_on
0,97,1.0,2,In0_Out1,Connection,stuck_off,stuck_off
0,98,1.0,2,In4_Out2,Connection,stuck_off,stuck_off
0,99,0.5,1,N1,Neuron,static,0.0
1,0,1.0,1,In4_Out1,Connection,stuck_on,stuck_on
1,1,1.0,1,In0_Out1,Connection,stuck_off,stuck_off
1,2,0.0,2,In1_Out0,Connection,stuck_on,stuck_on
1,3,1.0,1,In1_Out2,Connection,stuck_off,stuck_off
1,4,0.0,0,N0,Neuron,dynamic,Idx_2
1,5,1.0,1,N1,Neuron,dynamic,Idx_2
1,6,1.0,0,In0_Out2,Connection,stuck_on,stuck_on
1,7,0.0,1,N4,Neuron,dynamic,Idx_0
1,8,1.0,2,N1,Neuron,static,3.0
1,9,1.0,2,In0_Out2,Connection,stuck_off,stuck_off
1,10,1.0,1,In3_Out3,Connection,stuck_on,stuck_on
1,11,0.0,2,In2_Out2,Connection,stuck_off,stuck_off
1,12,1.0,1,N0,Neuron,dynamic,Idx_2
1,13,1.0,1,In1_Out0,Connection,stuck_off,stuck_off
1,14,1.0,1,N3,Neuron,dynamic,Idx_0
1,15,1.0,2,In0_Out1,Connection,stuck_off,stuck_off
1,16,0.0,2,In0_Out0,Connection,stuck_on,stuck_on
1,17,0.0,2,In1_Out0,Connection,stuck_on,stuck_on
1,18,1.0,2,In2_Out2,Connection,stuck_on,stuck_on
1,19,1.0,1,In3_Out1,Connection,stuck_off,stuck_off
1,20,0.0,2,In2_Out2,Connection,stuck_off,stuck_off
1,21,1.0,1,In3_Out1,Connection,stuck_off,stuck_off
1,22,1.0,2,In0_Out2,Connection,stuck_off,stuck_off
1,23,0.0,1,N2,Neuron,dynamic,Idx_2
1,24,1.0,1,In1_Out1,Connection,stuck_on,stuck_on
1,25,1.0,2,In0_Out1,Connection,stuck_on,stuck_on
1,26,1.0,1,In0_Out4,Connection,stuck_off,stuck_off
1,27,0.0,2,In2_Out1,Connection,stuck_on,stuck_on
1,28,1.0,0,N4,Neuron,dynamic,Idx_1
1,29,1.0,1,In3_Out1,Connection,stuck_off,stuck_off
1,30,0.0,0,N2,Neuron,static,3.0
1,31,1.0,0,In0_Out2,Connection,stuck_on,stuck_on
1,32,1.0,1,N0,Neuron,dynamic,Idx_1
1,33,1.0,1,In3_Out4,Connection,stuck_off,stuck_off
1,34,1.0,1,In1_Out1,Connection,stuck_on,stuck_on
1,35,0.0,2,In3_Out2,Connection,stuck_on,stuck_on
1,36,0.0,0,N0,Neuron,dynamic,Idx_0
1,37,1.0,1,In1_Out3,Connection,stuck_on,stuck_on
1,38,1.0,2,In2_Out1,Connection,stuck_off,stuck_off
1,39,1.0,1,In3_Out1,Connection,stuck_off,stuck_off
1,40,0.5,0,In0_Out2,Connection,stuck_off,stuck_off
1,41,1.0,1,In3_Out0,Connection,stuck_off,stuck_off
1,42,1.0,1,In0_Out0,Connection,stuck_on,stuck_on
1,43,1.0,1,In4_Out0,Connection,stuck_off,stuck_off
1,44,0.0,2,N0,Neuron,static,2.0
1,45,1.0,1,In2_Out2,Connection,stuck_off,stuck_off
1,46,1.0,2,In3_Out0,Connection,stuck_on,stuck_on
1,47,1.0,1,N0,Neuron,dynamic,Idx_0
1,48,1.0,2,In2_Out0,Connection,stuck_on,stuck_on
1,49,0.0,1,In2_Out4,Connection,stuck_on,stuck_on
1,50,1.0,1,In2_Out1,Connection,stuck_on,stuck_on
1,51,1.0,1,In0_Out3,Connection,stuck_off,stuck_off
1,52,1.0,1,In4_Out3,Connection,stuck_on,stuck_on
1,53,1.0,1,In1_Out0,Connection,stuck_on,stuck_on
1,54,0.5,2,In3_Out1,Connection,stuck_on,stuck_on
1,55,1.0,1,In3_Out2,Connection,stuck_on,stuck_on
1,56,0.5,1,N0,Neuron,static,2.0
1,57,1.0,1,In2_Out0,Connection,stuck_off,stuck_off
1,58,0.0,1,In3_Out4,Connection,stuck_on,stuck_on
1,59,1.0,1,N2,Neuron,static,3.0
1,60,0.0,1,N4,Neuron,static,3.0
1,61,0.0,2,N2,Neuron,static,3.0
1,62,0.0,1,In4_Out4,Connection,stuck_on,stuck_on
1,63,1.0,0,In0_Out2,Connection,stuck_on,stuck_on
1,64,1.0,1,In4_Out1,Connection,stuck_off,stuck_off
1,65,1.0,1,In0_Out3,Connection,stuck_off,stuck_off
1,66,1.0,1,In2_Out4,Connection,stuck_off,stuck_off
1,67,0.0,2,In2_Out2,Connection,stuck_off,stuck_off
1,68,0.0,2,In2_Out2,Connection,stuck_off,stuck_off
1,69,1.0,2,In2_Out1,Connection,stuck_off,stuck_off
1,70,1.0,1,In3_Out1,Connection,stuck_on,stuck_on
1,71,1.0,1,In4_Out3,Connection,stuck_off,stuck_off
1,72,1.0,1,In3_Out3,Connection,stuck_off,stuck_off
1,73,1.0,1,In3_Out0,Connection,stuck_off,stuck_off
1,74,1.0,1,In1_Out2,Connection,stuck_off,stuck_off
1,75,1.0,0,In0_Out0,Connection,stuck_on,stuck_on
1,76,0.0,2,N0,Neuron,dynamic,Idx_2
1,77,1.0,2,In3_Out2,Connection,stuck_off,stuck_off
1,78,1.0,2,In4_Out0,Connection,stuck_off,stuck_off
1,79,1.0,1,In4_Out1,Connection,stuck_on,stuck_on
1,80,1.0,1,In3_Out4,Connection,stuck_off,stuck_off
1,81,1.0,1,In1_Out2,Connection,stuck_on,stuck_on
1,82,1.0,0,In0_Out2,Connection,stuck_on,stuck_on
1,83,1.0,2,In1_Out1,Connection,stuck_off,stuck_off
1,84,1.0,2,In2_Out1,Connection,stuck_off,stuck_off
1,85,1.0,1,In0_Out1,Connection,stuck_on,stuck_on
1,86,1.0,0,In0_Out2,Connection,stuck_on,stuck_on
1,87,1.0,2,In3_Out1,Connection,stuck_off,stuck_off
1,88,0.0,2,In2_Out2,Connection,stuck_off,stuck_off
1,89,0.0,1,In1_Out4,Connection,stuck_on,stuck_on
1,90,0.0,0,N2,Neuron,static,3.0
1,91,1.0,1,In2_Out0,Connection,stuck_off,stuck_off
1,92,1.0,1,In3_Out1,Connection,stuck_on,stuck_on
1,93,1.0,0,N3,Neuron,static,0.0
1,94,1.0,1,In3_Out0,Connection,stuck_on,stuck_on
1,95,0.0,2,In0_Out0,Connection,stuck_on,stuck_on
1,96,1.0,2,In1_Out2,Connection,stuck_off,stuck_off
1,97,1.0,0,In0_Out4,Connection,stuck_on,stuck_on
1,98,1.0,1,In4_Out2,Connection,stuck_on,stuck_on
1,99,1.0,1,N0,Neuron,static,0.0
2,0,1.0,2,In3_Out1,Connection,stuck_off,stuck_off
2,1,0.5,2,In0_Out2,Connection,stuck_off,stuck_off
2,2,1.0,2,In3_Out1,Connection,stuck_on,stuck_on
2,3,0.0,1,N3,Neuron,dynamic,Idx_1
2,4,1.0,1,In0_Out4,Connection,stuck_off,stuck_off
2,5,1.0,1,In2_Out2,Connection,stuck_on,stuck_on
2,6,0.5,0,In0_Out4,Connection,stuck_off,stuck_off
2,7,0.5,2,N0,Neuron,static,2.0
2,8,1.0,1,In2_Out3,Connection,stuck_off,stuck_off
2,9,1.0,1,In2_Out3,Connection,stuck_on,stuck_on
2,10,0.0,0,N4,Neuron,static,0.0
2,11,0.5,0,N2,Neuron,static,2.0
2,12,0.5,2,N2,Neuron,static,3.0
2,13,0.0,2,In4_Out1,Connection,stuck_on,stuck_on
2,14,0.5,2,In0_Out2,Connection,stuck_off,stuck_off
2,15,0.5,2,In3_Out0,Connection,stuck_on,stuck_on
2,16,0.5,1,N4,Neuron,static,0.0
2,17,1.0,1,In4_Out3,Connection,stuck_on,stuck_on
2,18,0.5,1,In0_Out1,Connection,stuck_on,stuck_on
2,19,0.0,0,N2,Neuron,dynamic,Idx_1
2,20,1.0,1,In4_Out2,Connection,stuck_off,stuck_off
2,21,0.5,1,In4_Out4,Connection,stuck_off,stuck_off
2,22,0.5,1,In0_Out1,Connection,stuck_on,stuck_on
2,23,0.5,2,In0_Out2,Connection,stuck_on,stuck_on
2,24,0.5,2,In1_Out1,Connection,stuck_on,stuck_on
2,25,1.0,0,In0_Out1,Connection,stuck_off,stuck_off
2,26,1.0,1,In3_Out2,Connection,stuck_on,stuck_on
2,27,1.0,1,In1_Out2,Connection,stuck_on,stuck_on
2,28,1.0,1,In3_Out0,Connection,stuck_on,stuck_on
2,29,0.5,2,N0,Neuron,static,0.0
2,30,0.5,2,In1_Out2,Connection,stuck_off,stuck_off
2,31,0.5,2,In4_Out0,Connection,stuck_off,stuck_off
2,32,1.0,1,In2_Out4,Connection,stuck_off,stuck_off
2,33,0.0,0,N2,Neuron,dynamic,Idx_0
2,34,0.5,2,In3_Out2,Connection,stuck_on,stuck_on
2,35,1.0,2,In0_Out0,Connection,stuck_on,stuck_on
2,36,1.0,0,In0_Out2,Connection,stuck_on,stuck_on
2,37,1.0,1,N0,Neuron,dynamic,Idx_0
2,38,0.5,0,In0_Out3,Connection,stuck_off,stuck_off
2,39,1.0,0,N0,Neuron,static,0.0
2,40,0.5,2,N2,Neuron,dynamic,Idx_0
2,41,1.0,1,In2_Out1,Connection,stuck_on,stuck_on
2,42,1.0,1,In3_Out4,Connection,stuck_on,stuck_on
2,43,1.0,1,In4_Out0,Connection,stuck_off,stuck_off
2,44,1.0,1,In1_Out1,Connection,stuck_off,stuck_off
2,45,1.0,2,In1_Out1,Connection,stuck_off,stuck_off
2,46,0.5,2,N0,Neuron,dynamic,Idx_1
2,47,0.5,2,In1_Out2,Connection,stuck_on,stuck_on
2,48,1.0,1,In1_Out3,Connection,stuck_on,stuck_on
2,49,1.0,2,In4_Out2,Connection,stuck_off,stuck_off
2,50,1.0,1,In4_Out4,Connection,stuck_on,stuck_on
2,51,1.0,2,In3_Out0,Connection,stuck_off,stuck_off
2,52,1.0,1,In3_Out4,Connection,stuck_on,stuck_on
2,53,0.5,0,In0_Out4,Connection,stuck_off,stuck_off
2,54,0.5,2,N2,Neuron,static,2.0
2,55,0.0,1,N4,Neuron,static,2.0
2,56,1.0,1,In4_Out0,Connection,stuck_off,stuck_off
2,57,0.5,0,N4,Neuron,dynamic,Idx_1
2,58,1.0,2,N1,Neuron,dynamic,Idx_1
2,59,1.0,1,In0_Out4,Connection,stuck_off,stuck_off
2,60,0.5,2,In4_Out0,Connection,stuck_off,stuck_off
2,61,0.5,1,In3_Out4,Connection,stuck_off,stuck_off
2,62,1.0,0,N3,Neuron,dynamic,Idx_0
2,63,1.0,0,In0_Out2,Connection,stuck_on,stuck_on
2,64,1.0,0,N1,Neuron,dynamic,Idx_1
2,65,0.5,0,N3,Neuron,static,2.0
2,66,1.0,1,N1,Neuron,static,0.0
2,67,1.0,1,In3_Out3,Connection,stuck_on,stuck_on
2,68,1.0,0,In0_Out2,Connection,stuck_off,stuck_off
2,69,1.0,2,In1_Out0,Connection,stuck_on,stuck_on
2,70,1.0,1,In2_Out4,Connection,stuck_off,stuck_off
2,71,0.5,1,In4_Out1,Connection,stuck_on,stuck_on
2,72,1.0,1,In2_Out1,Connection,stuck_off,stuck_off
2,73,1.0,1,N1,Neuron,static,0.0
2,74,1.0,2,N1,Neuron,dynamic,Idx_0
2,75,0.5,1,In0_Out4,Connection,stuck_on,stuck_on
2,76,0.5,0,N3,Neuron,static,2.0
2,77,1.0,2,In4_Out2,Connection,stuck_off,stuck_off
2,78,0.5,1,In3_Out4,Connection,stuck_off,stuck_off
2,79,0.5,2,In0_Out1,Connection,stuck_on,stuck_on
2,80,1.0,1,In2_Out1,Connection,stuck_off,stuck_off
2,81,0.5,2,In4_Out2,Connection,stuck_on,stuck_on
2,82,0.0,1,N3,Neuron,static,0.0
2,83,1.0,1,In3_Out3,Connection,stuck_off,stuck_off
2,84,0.5,2,In0_Out2,Connection,stuck_on,stuck_on
2,85,0.5,1,In0_Out0,Connection,stuck_on,stuck_on
2,86,1.0,1,In1_Out4,Connection,stuck_on,stuck_on
2,87,1.0,1,In1_Out3,Connection,stuck_off,stuck_off
2,88,1.0,1,In1_Out0,Connection,stuck_on,stuck_on
2,89,0.5,2,In4_Out2,Connection,stuck_on,stuck_on
2,90,0.5,2,In0_Out2,Connection,stuck_off,stuck_off
2,91,0.0,2,N1,Neuron,dynamic,Idx_2
2,92,1.0,2,In3_Out1,Connection,stuck_off,stuck_off
2,93,0.5,1,N4,Neuron,static,0.0
2,94,1.0,2,In1_Out0,Connection,stuck_on,stuck_on
2,95,1.0,2,In3_Out0,Connection,stuck_off,stuck_off
2,96,1.0,1,In0_Out2,Connection,stuck_off,stuck_off
2,97,0.5,2,In0_Out2,Connection,stuck_off,stuck_off
2,98,1.0,0,In0_Out4,Connection,stuck_on,stuck_on
2,99,1.0,2,In4_Out2,Connection,stuck_off,stuck_off
3,0,0.0,0,N0,Neuron,dynamic,Idx_2
3,1,0.0,1,In4_Out3,Connection,stuck_on,stuck_on
3,2,0.0,1,In0_Out3,Connection,stuck_off,stuck_off
3,3,0.0,2,N1,Neuron,static,2.0
3,4,0.0,1,In3_Out1,Connection,stuck_on,stuck_on
3,5,0.0,1,In4_Out1,Connection,stuck_off,stuck_off
3,6,0.0,1,In2_Out4,Connection,stuck_on,stuck_on
3,7,0.0,1,In0_Out2,Connection,stuck_off,stuck_off
3,8,0.0,1,N1,Neuron,dynamic,Idx_2
3,9,0.0,0,N4,Neuron,dynamic,Idx_0
3,10,0.0,1,N3,Neuron,dynamic,Idx_2
3,11,0.0,2,In4_Out1,Connection,stuck_off,stuck_off
3,12,0.0,1,In1_Out4,Connection,stuck_off,stuck_off
3,13,0.0,1,In4_Out3,Connection,stuck_on,stuck_on
3,14,0.0,1,In0_Out3,Connection,stuck_off,stuck_off
3,15,0.0,0,In0_Out1,Connection,stuck_on,stuck_on
3,16,0.0,1,In4_Out4,Connection,stuck_off,stuck_off
3,17,1.0,1,N2,Neuron,dynamic,Idx_0
3,18,0.0,2,In0_Out1,Connection,stuck_off,stuck_off
3,19,1.0,2,In3_Out2,Connection,stuck_on,stuck_on
3,20,0.0,1,In4_Out4,Connection,stuck_on,stuck_on
3,21,1.0,1,N2,Neuron,dynamic,Idx_0
3,22,1.0,2,In4_Out2,Connection,stuck_on,stuck_on
3,23,0.0,0,N3,Neuron,dynamic,Idx_2
3,24,0.5,1,N1,Neuron,static,2.0
3,25,0.5,2,In4_Out0,Connection,stuck_off,stuck_off
3,26,1.0,0,N1,Neuron,static,3.0
3,27,0.0,0,In0_Out3,Connection,stuck_on,stuck_on
3,28,0.0,2,In3_Out2,Connection,stuck_off,stuck_off
3,29,0.0,1,In0_Out0,Connection,stuck_on,stuck_on
3,30,0.0,2,In4_Out2,Connection,stuck_off,stuck_off
3,31,0.0,2,In0_Out0,Connection,stuck_on,stuck_on
3,32,0.0,1,In4_Out0,Connection,stuck_on,stuck_on
3,33,0.0,1,In1_Out2,Connection,stuck_off,stuck_off
3,34,0.0,1,In3_Out4,Connection,stuck_off,stuck_off
3,35,0.0,0,N2,Neuron,static,0.0
3,36,0.0,0,In0_Out4,Connection,stuck_on,stuck_on
3,37,0.0,1,In0_Out0,Connection,stuck_on,stuck_on
3,38,0.0,0,In0_Out3,Connection,stuck_on,stuck_on
3,39,0.0,1,In1_Out1,Connection,stuck_on,stuck_on
3,40,0.0,1,N2,Neuron,static,3.0
3,41,0.0,0,In0_Out4,Connection,stuck_off,stuck_off
3,42,0.0,2,In3_Out0,Connection,stuck_off,stuck_off
3,43,0.0,2,In2_Out1,Connection,stuck_off,stuck_off
3,44,0.0,1,In3_Out1,Connection,stuck_off,stuck_off
3,45,0.0,1,In4_Out4,Connection,stuck_on,stuck_on
3,46,0.0,2,In3_Out0,Connection,stuck_off,stuck_off
3,47,0.0,0,In0_Out3,Connection,stuck_off,stuck_off
3,48,1.0,2,N2,Neuron,static,2.0
3,49,0.0,1,In2_Out2,Connection,stuck_on,stuck_on
3,50,0.0,0,N3,Neuron,dynamic,Idx_2
3,51,0.0,2,N2,Neuron,static,0.0
3,52,0.0,1,In4_Out0,Connection,stuck_off,stuck_off
3,53,0.0,0,In0_Out2,Connection,stuck_on,stuck_on
3,54,0.0,0,In0_Out0,Connection,stuck_off,stuck_off
3,55,1.0,0,N3,Neuron,static,2.0
3,56,0.0,2,N1,Neuron,dynamic,Idx_2
3,57,0.0,1,In4_Out4,Connection,stuck_off,stuck_off
3,58,0.0,2,N2,Neuron,static,0.0
3,59,0.0,1,In0_Out4,Connection,stuck_off,stuck_off
3,60,0.0,2,In3_Out2,Connection,stuck_off,stuck_off
3,61,0.0,1,In1_Out3,Connection,stuck_on,stuck_on
3,62,0.5,2,In3_Out0,Connection,stuck_on,stuck_on
3,63,0.0,1,In4_Out4,Connection,stuck_off,stuck_off
3,64,1.0,2,In1_Out2,Connection,stuck_on,stuck_on
3,65,1.0,0,N3,Neuron,static,3.0
3,66,0.0,2,In0_Out2,Connection,stuck_off,stuck_off
3,67,0.0,1,N4,Neuron,dynamic,Idx_0
3,68,0.0,1,In2_Out4,Connection,stuck_on,stuck_on
3,69,0.0,1,In3_Out3,Connection,stuck_off,stuck_off
3,70,1.0,2,In1_Out2,Connection,stuck_on,stuck_on
3,71,0.0,2,In2_Out0,Connection,stuck_off,stuck_off
3,72,0.0,1,In4_Out3,Connection,stuck_on,stuck_on
3,73,0.0,1,In0_Out2,Connection,stuck_off,stuck_off
3,74,0.0,1,In1_Out4,Connection,stuck_on,stuck_on
3,75,0.0,1,In0_Out4,Connection,stuck_on,stuck_on
3,76,0.0,1,In4_Out2,Connection,stuck_off,stuck_off
3,77,0.0,2,In2_Out1,Connection,stuck_off,stuck_off
3,78,0.0,1,In4_Out3,Connection,stuck_on,stuck_on
3,79,0.0,1,In0_Out1,Connection,stuck_on,stuck_on
3,80,0.0,2,In1_Out2,Connection,stuck_off,stuck_off
3,81,0.0,1,In0_Out3,Connection,stuck_on,stuck_on
3,82,0.0,1,In0_Out3,Connection,stuck_off,stuck_off
3,83,0.0,2,In3_Out2,Connection,stuck_off,stuck_off
3,84,0.0,1,In2_Out0,Connection,stuck_on,stuck_on
3,85,0.0,1,In1_Out3,Connection,stuck_off,stuck_off
3,86,1.0,1,N1,Neuron,static,3.0
3,87,0.0,1,In3_Out3,Connection,stuck_off,stuck_off
3,88,0.0,0,N1,Neuron,dynamic,Idx_0
3,89,0.0,1,In2_Out4,Connection,stuck_on,stuck_on
3,90,0.0,1,In3_Out1,Connection,stuck_off,stuck_off
3,91,0.0,1,In3_Out4,Connection,stuck_off,stuck_off
3,92,0.5,1,N1,Neuron,static,2.0
3,93,0.0,1,In2_Out1,Connection,stuck_off,stuck_off
3,94,0.5,2,In4_Out0,Connection,stuck_off,stuck_off
3,95,1.0,2,N2,Neuron,static,3.0
3,96,0.0,1,In4_Out0,Connection,stuck_off,stuck_off
3,97,0.0,0,N3,Neuron,dynamic,Idx_0
3,98,0.5,0,N1,Neuron,static,2.0
3,99,0.0,0,In0_Out3,Connection,stuck_off,stuck_off
4,0,0.5,2,In3_Out2,Connection,stuck_on,stuck_on
4,1,1.0,2,In4_Out0,Connection,stuck_off,stuck_off
4,2,1.0,2,In2_Out0,Connection,stuck_on,stuck_on
4,3,1.0,0,In0_Out2,Connection,stuck_on,stuck_on
4,4,0.5,2,In0_Out2,Connection,stuck_off,stuck_off
4,5,1.0,2,In4_Out2,Connection,stuck_on,stuck_on
4,6,0.5,2,N1,Neuron,static,2.0
4,7,0.0,2,In3_Out1,Connection,stuck_on,stuck_on
4,8,0.5,1,N2,Neuron,static,2.0
4,9,0.5,2,In3_Out2,Connection,stuck_off,stuck_off
4,10,0.0,2,In2_Out1,Connection,stuck_on,stuck_on
4,11,1.0,1,In2_Out4,Connection,stuck_off,stuck_off
4,12,0.5,1,In3_Out2,Connection,stuck_on,stuck_on
4,13,0.5,0,N1,Neuron,static,2.0
4,14,0.5,2,In1_Out2,Connection,stuck_on,stuck_on
4,15,0.0,2,In1_Out0,Connection,stuck_on,stuck_on
4,16,1.0,1,In2_Out1,Connection,stuck_on,stuck_on
4,17,1.0,1,In3_Out1,Connection,stuck_off,stuck_off
4,18,1.0,1,In2_Out0,Connection,stuck_on,stuck_on
4,19,0.5,0,N0,Neuron,static,2.0
4,20,0.5,1,In0_Out2,Connection,stuck_off,stuck_off
4,21,0.0,2,In3_Out1,Connection,stuck_on,stuck_on
4,22,0.0,1,In1_Out4,Connection,stuck_on,stuck_on
4,23,1.0,1,In2_Out4,Connection,stuck_off,stuck_off
4,24,1.0,1,In2_Out0,Connection,stuck_on,stuck_on
4,25,0.5,2,In2_Out2,Connection,stuck_on,stuck_on
4,26,0.5,0,N1,Neuron,static,2.0
4,27,0.0,1,N4,Neuron,dynamic,Idx_0
4,28,0.0,1,In3_Out4,Connection,stuck_on,stuck_on
4,29,0.5,1,In3_Out0,Connection,stuck_on,stuck_on
4,30,0.0,1,N4,Neuron,static,0.0
4,31,1.0,0,In0_Out3,Connection,stuck_off,stuck_off
4,32,0.5,1,In3_Out1,Connection,stuck_on,stuck_on
4,33,1.0,1,N0,Neuron,dynamic,Idx_2
4,34,0.0,0,N0,Neuron,dynamic,Idx_1
4,35,1.0,1,N1,Neuron,static,2.0
4,36,0.5,0,In0_Out3,Connection,stuck_on,stuck_on
4,37,0.5,2,In3_Out1,Connection,stuck_off,stuck_off
4,38,0.5,0,In0_Out1,Connection,stuck_on,stuck_on
4,39,0.5,1,In0_Out1,Connection,stuck_off,stuck_off
4,40,0.5,1,In2_Out1,Connection,stuck_off,stuck_off
4,41,0.5,1,In3_Out3,Connection,stuck_on,stuck_on
4,42,0.5,2,In2_Out2,Connection,stuck_on,stuck_on
4,43,0.0,1,In4_Out4,Connection,stuck_on,stuck_on
4,44,0.5,1,N2,Neuron,static,2.0
4,45,0.5,1,In0_Out2,Connection,stuck_off,stuck_off
4,46,0.0,1,In4_Out4,Connection,stuck_on,stuck_on
4,47,0.5,1,In3_Out1,Connection,stuck_on,stuck_on
4,48,1.0,2,N0,Neuron,static,0.0
4,49,1.0,1,In2_Out1,Connection,stuck_on,stuck_on
4,50,1.0,2,N0,Neuron,dynamic,Idx_0
4,51,1.0,1,In2_Out4,Connection,stuck_off,stuck_off
4,52,0.5,1,N1,Neuron,dynamic,Idx_0
4,53,1.0,2,In2_Out0,Connection,stuck_on,stuck_on
4,54,0.5,0,N3,Neuron,static,3.0
4,55,0.5,1,In0_Out2,Connection,stuck_off,stuck_off
4,56,0.5,1,N2,Neuron,static,2.0
4,57,0.5,2,N1,Neuron,static,3.0
4,58,0.5,0,In0_Out1,Connection,stuck_off,stuck_off
4,59,0.5,0,N2,Neuron,dynamic,Idx_0
4,60,0.5,1,In1_Out0,Connection,stuck_on,stuck_on
4,61,0.5,1,In2_Out3,Connection,stuck_off,stuck_off
4,62,0.5,1,In1_Out1,Connection,stuck_off,stuck_off
4,63,1.0,1,In2_Out4,Connection,stuck_off,stuck_off
4,64,0.5,2,N1,Neuron,static,3.0
4,65,0.5,0,N4,Neuron,static,2.0
4,66,1.0,1,In0_Out4,Connection,stuck_on,stuck_on
4,67,0.5,2,N1,Neuron,dynamic,Idx_2
4,68,0.5,2,In3_Out2,Connection,stuck_off,stuck_off
4,69,1.0,1,In3_Out0,Connection,stuck_off,stuck_off
4,70,0.5,2,In4_Out2,Connection,stuck_off,stuck_off
4,71,1.0,1,In4_Out4,Connection,stuck_off,stuck_off
4,72,1.0,1,In4_Out4,Connection,stuck_off,stuck_off
4,73,0.5,1,In3_Out2,Connection,stuck_on,stuck_on
4,74,0.5,0,N2,Neuron,dynamic,Idx_1
4,75,0.5,1,In1_Out2,Connection,stuck_on,stuck_on
4,76,1.0,1,In0_Out4,Connection,stuck_on,stuck_on
4,77,0.5,1,N2,Neuron,static,2.0
4,78,0.5,1,In2_Out3,Connection,stuck_off,stuck_off
4,79,0.5,1,In2_Out3,Connection,stuck_on,stuck_on
4,80,0.0,2,In2_Out1,Connection,stuck_on,stuck_on
4,81,0.0,1,In3_Out4,Connection,stuck_on,stuck_on
4,82,1.0,1,In1_Out0,Connection,stuck_off,stuck_off
4,83,0.0,2,In4_Out1,Connection,stuck_off,stuck_off
4,84,1.0,2,In2_Out0,Connection,stuck_on,stuck_on
4,85,0.5,1,N1,Neuron,static,0.0
4,86,0.5,1,In3_Out2,Connection,stuck_on,stuck_on
4,87,0.5,1,N0,Neuron,dynamic,Idx_1
4,88,0.5,0,In0_Out4,Connection,stuck_off,stuck_off
4,89,0.0,2,N1,Neuron,dynamic,Idx_0
4,90,1.0,1,In2_Out1,Connection,stuck_on,stuck_on
4,91,0.5,1,In1_Out2,Connection,stuck_on,stuck_on
4,92,0.5,1,In3_Out3,Connection,stuck_off,stuck_off
4,93,1.0,1,In1_Out2,Connection,stuck_off,stuck_off
4,94,0.5,0,N3,Neuron,dynamic,Idx_1
4,95,1.0,1,In1_Out0,Connection,stuck_off,stuck_off
4,96,0.5,1,In1_Out1,Connection,stuck_off,stuck_off
4,97,0.5,1,In3_Out3,Connection,stuck_off,stuck_off
4,98,0.5,1,In2_Out3,Connection,stuck_on,stuck_on
4,99,1.0,2,In2_Out0,Connection,stuck_on,stuck_on
5,0,0.5,1,In3_Out2,Connection,stuck_off,stuck_off
5,1,0.5,0,In0_Out1,Connection,stuck_on,stuck_on
5,2,0.5,1,In4_Out1,Connection,stuck_on,stuck_on
5,3,0.5,1,In0_Out1,Connection,stuck_on,stuck_on
5,4,0.5,2,N0,Neuron,dynamic,Idx_0
5,5,0.5,1,In1_Out2,Connection,stuck_off,stuck_off
5,6,0.5,1,In1_Out4,Connection,stuck_on,stuck_on
5,7,0.5,2,In4_Out0,Connection,stuck_on,stuck_on
5,8,0.5,0,In0_Out0,Connection,stuck_off,stuck_off
5,9,0.5,0,In0_Out3,Connection,stuck_on,stuck_on
5,10,0.5,1,In2_Out3,Connection,stuck_on,stuck_on
5,11,0.5,2,In0_Out2,Connection,stuck_on,stuck_on
5,12,0.5,1,In1_Out2,Connection,stuck_on,stuck_on
5,13,0.5,1,In1_Out2,Connection,stuck_off,stuck_off
5,14,0.5,1,In4_Out3,Connection,stuck_off,stuck_off
5,15,0.5,2,In1_Out0,Connection,stuck_on,stuck_on
5,16,0.5,2,In0_Out2,Connection,stuck_off,stuck_off
5,17,0.5,0,In0_Out0,Connection,stuck_on,stuck_on
5,18,0.5,0,N3,Neuron,static,0.0
5,19,0.5,0,In0_Out4,Connection,stuck_on,stuck_on
5,20,0.5,2,In1_Out0,Connection,stuck_off,stuck_off
5,21,0.5,1,In3_Out3,Connection,stuck_on,stuck_on
5,22,0.5,1,N4,Neuron,static,0.0
5,23,0.5,1,N1,Neuron,static,3.0
5,24,0.5,2,In4_Out1,Connection,stuck_off,stuck_off
5,25,0.5,2,In4_Out2,Connection,stuck_on,stuck_on
5,26,0.5,2,In0_Out0,Connection,stuck_on,stuck_on
5,27,0.5,0,In0_Out2,Connection,stuck_off,stuck_off
5,28,0.5,1,In4_Out0,Connection,stuck_on,stuck_on
5,29,0.5,0,N1,Neuron,dynamic,Idx_2
5,30,0.5,1,In2_Out3,Connection,stuck_off,stuck_off
5,31,0.5,2,In4_Out2,Connection,stuck_on,stuck_on
5,32,0.5,1,N1,Neuron,dynamic,Idx_0
5,33,0.5,1,In0_Out2,Connection,stuck_on,stuck_on
5,34,0.5,0,In0_Out0,Connection,stuck_off,stuck_off
5,35,0.5,1,In1_Out2,Connection,stuck_off,stuck_off
5,36,0.5,0,N3,Neuron,static,0.0
5,37,0.5,2,In3_Out0,Connection,stuck_off,stuck_off
5,38,0.5,2,In0_Out2,Connection,stuck_on,stuck_on
5,39,0.5,2,In4_Out2,Connection,stuck_off,stuck_off
5,40,0.5,1,N1,Neuron,static,0.0
5,41,0.5,1,In4_Out4,Connection,stuck_on,stuck_on
5,42,0.5,1,In3_Out2,Connection,stuck_off,stuck_off
5,43,0.5,1,In1_Out2,Connection,stuck_off,stuck_off
5,44,0.5,2,N0,Neuron,dynamic,Idx_0
5,45,0.5,0,In0_Out4,Connection,stuck_off,stuck_off
5,46,0.5,0,N1,Neuron,static,2.0
5,47,0.5,1,In2_Out3,Connection,stuck_off,stuck_off
5,48,0.5,1,In1_Out1,Connection,stuck_on,stuck_on
5,49,0.5,0,In0_Out0,Connection,stuck_off,stuck_off
5,50,0.5,1,In3_Out3,Connection,stuck_on,stuck_on
5,51,0.5,0,In0_Out0,Connection,stuck_on,stuck_on
5,52,0.5,1,In0_Out4,Connection,stuck_on,stuck_on
5,53,0.5,1,N3,Neuron,dynamic,Idx_2
5,54,0.5,0,N4,Neuron,static,2.0
5,55,0.5,1,In2_Out1,Connection,stuck_on,stuck_on
5,56,0.5,0,N1,Neuron,dynamic,Idx_0
5,57,0.5,2,In4_Out0,Connection,stuck_off,stuck_off
5,58,0.5,1,In1_Out4,Connection,stuck_off,stuck_off
5,59,0.5,2,In2_Out1,Connection,stuck_on,stuck_on
5,60,0.5,2,In3_Out2,Connection,stuck_on,stuck_on
5,61,0.5,1,In1_Out2,Connection,stuck_on,stuck_on
5,62,0.5,1,In2_Out3,Connection,stuck_on,stuck_on
5,63,0.5,1,In2_Out0,Connection,stuck_on,stuck_on
5,64,0.5,1,N1,Neuron,dynamic,Idx_2
5,65,0.5,0,In0_Out4,Connection,stuck_off,stuck_off
5,66,0.0,0,N0,Neuron,static,3.0
5,67,0.5,1,In2_Out3,Connection,stuck_off,stuck_off
5,68,0.5,1,In1_Out0,Connection,stuck_on,stuck_on
5,69,0.5,1,In3_Out0,Connection,stuck_off,stuck_off
5,70,0.5,2,In0_Out2,Connection,stuck_off,stuck_off
5,71,0.5,1,In2_Out0,Connection,stuck_on,stuck_on
5,72,0.5,1,In2_Out2,Connection,stuck_off,stuck_off
5,73,0.5,2,In3_Out1,Connection,stuck_on,stuck_on
5,74,0.5,2,In2_Out2,Connection,stuck_on,stuck_on
5,75,0.5,1,In3_Out2,Connection,stuck_on,stuck_on
5,76,0.5,1,In1_Out0,Connection,stuck_off,stuck_off
5,77,0.5,1,In2_Out2,Connection,stuck_off,stuck_off
5,78,0.5,0,In0_Out1,Connection,stuck_on,stuck_on
5,79,0.5,1,N1,Neuron,dynamic,Idx_1
5,80,0.5,1,In2_Out2,Connection,stuck_on,stuck_on
5,81,0.5,0,In0_Out0,Connection,stuck_off,stuck_off
5,82,0.5,2,N0,Neuron,static,0.0
5,83,0.5,1,In0_Out4,Connection,stuck_off,stuck_off
5,84,0.5,2,In1_Out0,Connection,stuck_off,stuck_off
5,85,0.5,1,In1_Out2,Connection,stuck_off,stuck_off
5,86,0.5,1,In4_Out3,Connection,stuck_on,stuck_on
5,87,0.5,0,In0_Out1,Connection,stuck_off,stuck_off
5,88,0.5,1,In1_Out1,Connection,stuck_on,stuck_on
5,89,0.5,1,In3_Out3,Connection,stuck_on,stuck_on
5,90,0.5,0,N2,Neuron,dynamic,Idx_1
5,91,0.5,2,In0_Out0,Connection,stuck_on,stuck_on
5,92,0.5,0,In0_Out2,Connection,stuck_off,stuck_off
5,93,0.5,0,In0_Out4,Connection,stuck_on,stuck_on
5,94,0.5,1,In1_Out1,Connection,stuck_off,stuck_off
5,95,0.5,0,N2,Neuron,dynamic,Idx_1
5,96,0.5,1,In1_Out1,Connection,stuck_on,stuck_on
5,97,0.5,2,N1,Neuron,dynamic,Idx_1
5,98,0.5,1,In3_Out1,Connection,stuck_off,stuck_off
5,99,0.5,1,In3_Out2,Connection,stuck_on,stuck_on
6,0,1.0,1,In3_Out0,Connection,stuck_off,stuck_off
6,1,1.0,2,In4_Out0,Connection,stuck_on,stuck_on
6,2,1.0,1,In3_Out3,Connection,stuck_off,stuck_off
6,3,1.0,1,In4_Out3,Connection,stuck_on,stuck_on
6,4,1.0,1,In4_Out2,Connection,stuck_on,stuck_on
6,5,0.5,2,N1,Neuron,static,0.0
6,6,0.5,2,N1,Neuron,static,3.0
6,7,1.0,1,In3_Out0,Connection,stuck_on,stuck_on
6,8,1.0,1,In2_Out4,Connection,stuck_off,stuck_off
6,9,1.0,1,In0_Out0,Connection,stuck_off,stuck_off
6,10,0.5,2,In4_Out1,Connection,stuck_on,stuck_on
6,11,1.0,0,N4,Neuron,static,0.0
6,12,1.0,1,N1,Neuron,dynamic,Idx_1
6,13,1.0,1,N1,Neuron,static,0.0
6,14,1.0,1,In2_Out3,Connection,stuck_on,stuck_on
6,15,1.0,2,In2_Out1,Connection,stuck_off,stuck_off
6,16,0.5,2,In4_Out1,Connection,stuck_on,stuck_on
6,17,1.0,2,In4_Out0,Connection,stuck_on,stuck_on
6,18,0.5,2,In4_Out1,Connection,stuck_off,stuck_off
6,19,1.0,1,In4_Out0,Connection,stuck_off,stuck_off
6,20,1.0,0,In0_Out3,Connection,stuck_off,stuck_off
6,21,1.0,1,In4_Out3,Connection,stuck_on,stuck_on
6,22,0.0,2,In0_Out2,Connection,stuck_on,stuck_on
6,23,1.0,2,In3_Out2,Connection,stuck_off,stuck_off
6,24,1.0,1,In2_Out0,Connection,stuck_off,stuck_off
6,25,1.0,2,In1_Out1,Connection,stuck_off,stuck_off
6,26,1.0,1,In3_Out0,Connection,stuck_off,stuck_off
6,27,1.0,2,In1_Out0,Connection,stuck_off,stuck_off
6,28,0.5,1,In4_Out4,Connection,stuck_on,stuck_on
6,29,1.0,1,In1_Out3,Connection,stuck_off,stuck_off
6,30,0.5,0,In0_Out0,Connection,stuck_off,stuck_off
6,31,0.5,2,In4_Out2,Connection,stuck_on,stuck_on
6,32,0.5,2,In4_Out1,Connection,stuck_off,stuck_off
6,33,1.0,1,In3_Out0,Connection,stuck_on,stuck_on
6,34,1.0,1,In0_Out0,Connection,stuck_off,stuck_off
6,35,1.0,1,N2,Neuron,static,2.0
6,36,1.0,1,In4_Out3,Connection,stuck_off,stuck_off
6,37,1.0,1,In1_Out4,Connection,stuck_off,stuck_off
6,38,1.0,1,N0,Neuron,dynamic,Idx_1
6,39,1.0,2,In3_Out0,Connection,stuck_off,stuck_off
6,40,1.0,2,In2_Out1,Connection,stuck_off,stuck_off
6,41,1.0,1,In0_Out0,Connection,stuck_on,stuck_on
6,42,1.0,1,In1_Out3,Connection,stuck_on,stuck_on
6,43,1.0,1,In1_Out4,Connection,stuck_off,stuck_off
6,44,1.0,2,In1_Out1,Connection,stuck_off,stuck_off
6,45,0.5,2,In2_Out0,Connection,stuck_on,stuck_on
6,46,1.0,1,In4_Out1,Connection,stuck_on,stuck_on
6,47,1.0,1,In0_Out4,Connection,stuck_on,stuck_on
6,48,1.0,0,In0_Out3,Connection,stuck_on,stuck_on
6,49,0.5,2,In2_Out0,Connection,stuck_off,stuck_off
6,50,1.0,1,In0_Out0,Connection,stuck_on,stuck_on
6,51,1.0,1,In4_Out2,Connection,stuck_off,stuck_off
6,52,1.0,1,N1,Neuron,static,0.0
6,53,0.0,0,N4,Neuron,dynamic,Idx_2
6,54,1.0,1,In0_Out1,Connection,stuck_off,stuck_off
6,55,0.5,2,In3_Out0,Connection,stuck_on,stuck_on
6,56,1.0,1,In2_Out2,Connection,stuck_off,stuck_off
6,57,1.0,1,In0_Out4,Connection,stuck_on,stuck_on
6,58,0.5,2,In1_Out0,Connection,stuck_on,stuck_on
6,59,0.5,2,In4_Out0,Connection,stuck_off,stuck_off
6,60,0.5,2,In3_Out1,Connection,stuck_on,stuck_on
6,61,1.0,1,In2_Out4,Connection,stuck_off,stuck_off
6,62,0.5,2,In3_Out0,Connection,stuck_on,stuck_on
6,63,1.0,2,N2,Neuron,dynamic,Idx_1
6,64,1.0,0,In0_Out1,Connection,stuck_off,stuck_off
6,65,1.0,2,In4_Out2,Connection,stuck_off,stuck_off
6,66,1.0,1,In0_Out2,Connection,stuck_off,stuck_off
6,67,0.5,2,N0,Neuron,dynamic,Idx_0
6,68,0.0,1,N2,Neuron,dynamic,Idx_0
6,69,0.0,0,N4,Neuron,static,3.0
6,70,1.0,2,In3_Out1,Connection,stuck_off,stuck_off
6,71,1.0,2,In1_Out1,Connection,stuck_on,stuck_on
6,72,1.0,1,In1_Out3,Connection,stuck_on,stuck_on
6,73,1.0,2,In4_Out0,Connection,stuck_on,stuck_on
6,74,1.0,0,In0_Out0,Connection,stuck_on,stuck_on
6,75,0.5,1,In2_Out4,Connection,stuck_on,stuck_on
6,76,1.0,1,In2_Out0,Connection,stuck_on,stuck_on
6,77,1.0,2,In2_Out2,Connection,stuck_on,stuck_on
6,78,0.5,0,N0,Neuron,static,3.0
6,79,1.0,1,In2_Out0,Connection,stuck_off,stuck_off
6,80,1.0,1,In4_Out1,Connection,stuck_off,stuck_off
6,81,1.0,1,In1_Out0,Connection,stuck_on,stuck_on
6,82,0.5,0,N0,Neuron,static,0.0
6,83,1.0,0,In0_Out4,Connection,stuck_off,stuck_off
6,84,1.0,0,N2,Neuron,static,0.0
6,85,1.0,1,In1_Out0,Connection,stuck_on,stuck_on
6,86,0.5,1,N3,Neuron,static,2.0
6,87,1.0,0,N2,Neuron,static,0.0
6,88,1.0,1,In1_Out2,Connection,stuck_on,stuck_on
6,89,1.0,1,In2_Out2,Connection,stuck_on,stuck_on
6,90,1.0,1,In0_Out4,Connection,stuck_on,stuck_on
6,91,0.5,2,In1_Out0,Connection,stuck_on,stuck_on
6,92,1.0,1,In0_Out0,Connection,stuck_on,stuck_on
6,93,1.0,1,N1,Neuron,dynamic,Idx_2
6,94,1.0,1,In4_Out1,Connection,stuck_on,stuck_on
6,95,0.5,2,N0,Neuron,dynamic,Idx_2
6,96,0.5,2,N0,Neuron,dynamic,Idx_1
6,97,0.5,2,In4_Out0,Connection,stuck_off,stuck_off
6,98,0.5,1,In1_Out4,Connection,stuck_on,stuck_on
6,99,1.0,2,In2_Out2,Connection,stuck_on,stuck_on
7,0,1.0,1,In1_Out0,Connection,stuck_on,stuck_on
7,1,1.0,2,In1_Out0,Connection,stuck_off,stuck_off
7,2,1.0,1,In0_Out4,Connection,stuck_on,stuck_on
7,3,1.0,0,In0_Out1,Connection,stuck_off,stuck_off
7,4,1.0,2,In1_Out1,Connection,stuck_off,stuck_off
7,5,0.5,2,In3_Out2,Connection,stuck_on,stuck_on
7,6,0.5,2,In1_Out2,Connection,stuck_on,stuck_on
7,7,1.0,1,In1_Out2,Connection,stuck_on,stuck_on
7,8,1.0,1,In4_Out2,Connection,stuck_off,stuck_off
7,9,1.0,1,In2_Out3,Connection,stuck_on,stuck_on
7,10,1.0,1,In4_Out2,Connection,stuck_on,stuck_on
7,11,1.0,1,In3_Out2,Connection,stuck_off,stuck_off
7,12,1.0,2,In4_Out0,Connection,stuck_off,stuck_off
7,13,0.0,0,N0,Neuron,dynamic,Idx_2
7,14,1.0,1,In0_Out4,Connection,stuck_off,stuck_off
7,15,1.0,1,In2_Out3,Connection,stuck_off,stuck_off
7,16,0.5,2,In2_Out1,Connection,stuck_on,stuck_on
7,17,1.0,1,In0_Out0,Connection,stuck_on,stuck_on
7,18,1.0,1,In0_Out4,Connection,stuck_on,stuck_on
7,19,1.0,0,In0_Out1,Connection,stuck_on,stuck_on
7,20,1.0,1,In0_Out0,Connection,stuck_on,stuck_on
7,21,0.0,0,N0,Neuron,dynamic,Idx_0
7,22,1.0,2,In3_Out0,Connection,stuck_on,stuck_on
7,23,1.0,0,N3,Neuron,dynamic,Idx_2
7,24,1.0,1,In4_Out1,Connection,stuck_on,stuck_on
7,25,1.0,2,In1_Out1,Connection,stuck_off,stuck_off
7,26,1.0,2,In0_Out1,Connection,stuck_on,stuck_on
7,27,1.0,1,In0_Out3,Connection,stuck_on,stuck_on
7,28,0.0,1,N4,Neuron,dynamic,Idx_0
7,29,1.0,1,In0_Out2,Connection,stuck_off,stuck_off
7,30,1.0,2,N0,Neuron,dynamic,Idx_0
7,31,1.0,1,In3_Out2,Connection,stuck_on,stuck_on
7,32,0.5,1,N3,Neuron,static,0.0
7,33,1.0,1,N0,Neuron,static,2.0
7,34,0.0,2,In0_Out0,Connection,stuck_on,stuck_on
7,35,1.0,0,In0_Out4,Connection,stuck_off,stuck_off
7,36,0.0,2,In1_Out0,Connection,stuck_on,stuck_on
7,37,1.0,1,In3_Out2,Connection,stuck_off,stuck_off
7,38,1.0,1,N1,Neuron,dynamic,Idx_0
7,39,0.5,1,In2_Out4,Connection,stuck_on,stuck_on
7,40,0.0,0,In0_Out0,Connection,stuck_off,stuck_off
7,41,0.5,2,In2_Out2,Connection,stuck_off,stuck_off
7,42,1.0,1,In3_Out0,Connection,stuck_off,stuck_off
7,43,0.5,2,In4_Out1,Connection,stuck_on,stuck_on
7,44,1.0,1,In3_Out0,Connection,stuck_off,stuck_off
7,45,1.0,1,In3_Out3,Connection,stuck_on,stuck_on
7,46,0.5,2,In1_Out2,Connection,stuck_off,stuck_off
7,47,1.0,0,In0_Out4,Connection,stuck_off,stuck_off
7,48,1.0,1,In1_Out2,Connection,stuck_off,stuck_off
7,49,1.0,1,In0_Out1,Connection,stuck_off,stuck_off
7,50,1.0,1,In2_Out2,Connection,stuck_off,stuck_off
7,51,1.0,1,In4_Out2,Connection,stuck_off,stuck_off
7,52,0.0,2,In0_Out0,Connection,stuck_on,stuck_on
7,53,1.0,2,In2_Out2,Connection,stuck_on,stuck_on
7,54,0.0,0,N0,Neuron,static,0.0
7,55,1.0,1,In3_Out0,Connection,stuck_off,stuck_off
7,56,1.0,1,In4_Out3,Connection,stuck_on,stuck_on
7,57,1.0,0,N3,Neuron,dynamic,Idx_1
7,58,1.0,2,N0,Neuron,static,0.0
7,59,1.0,1,In3_Out3,Connection,stuck_off,stuck_off
7,60,0.5,2,In3_Out2,Connection,stuck_on,stuck_on
7,61,0.5,1,N3,Neuron,static,0.0
7,62,1.0,2,In3_Out1,Connection,stuck_on,stuck_on
7,63,0.5,2,In2_Out2,Connection,stuck_off,stuck_off
7,64,1.0,2,In1_Out0,Connection,stuck_off,stuck_off
7,65,1.0,1,In1_Out2,Connection,stuck_off,stuck_off
7,66,1.0,1,In1_Out3,Connection,stuck_on,stuck_on
7,67,0.5,1,N3,Neuron,static,0.0
7,68,1.0,1,N1,Neuron,dynamic,Idx_0
7,69,1.0,1,In3_Out2,Connection,stuck_off,stuck_off
7,70,1.0,2,In3_Out1,Connection,stuck_off,stuck_off
7,71,1.0,2,In3_Out0,Connection,stuck_off,stuck_off
7,72,1.0,1,In1_Out2,Connection,stuck_on,stuck_on
7,73,1.0,2,In3_Out0,Connection,stuck_on,stuck_on
7,74,1.0,2,N0,Neuron,static,0.0
7,75,1.0,2,In3_Out1,Connection,stuck_off,stuck_off
7,76,1.0,1,In4_Out0,Connection,stuck_on,stuck_on
7,77,1.0,1,In3_Out0,Connection,stuck_on,stuck_on
7,78,1.0,2,In0_Out0,Connection,stuck_off,stuck_off
7,79,1.0,0,In0_Out4,Connection,stuck_off,stuck_off
7,80,0.5,2,N2,Neuron,dynamic,Idx_0
7,81,1.0,1,In1_Out0,Connection,stuck_off,stuck_off
7,82,1.0,1,In2_Out1,Connection,stuck_off,stuck_off
7,83,1.0,1,In2_Out3,Connection,stuck_off,stuck_off
7,84,1.0,2,In0_Out0,Connection,stuck_off,stuck_off
7,85,0.5,2,In2_Out1,Connection,stuck_on,stuck_on
7,86,1.0,1,N1,Neuron,static,3.0
7,87,1.0,1,In2_Out3,Connection,stuck_on,stuck_on
7,88,0.5,2,N1,Neuron,static,3.0
7,89,0.5,1,N3,Neuron,dynamic,Idx_1
7,90,0.0,0,In0_Out0,Connection,stuck_off,stuck_off
7,91,0.0,0,N0,Neuron,dynamic,Idx_1
7,92,1.0,1,In4_Out3,Connection,stuck_off,stuck_off
7,93,1.0,0,In0_Out2,Connection,stuck_off,stuck_off
7,94,1.0,1,In0_Out4,Connection,stuck_on,stuck_on
7,95,1.0,1,In1_Out1,Connection,stuck_on,stuck_on
7,96,0.5,2,In1_Out2,Connection,stuck_on,stuck_on
7,97,1.0,1,In4_Out0,Connection,stuck_on,stuck_on
7,98,0.5,2,N1,Neuron,dynamic,Idx_2
7,99,1.0,2,In0_Out1,Connection,stuck_off,stuck_off
8,0,1.0,2,In0_Out1,Connection,stuck_off,stuck_off
8,1,0.0,2,In2_Out2,Connection,stuck_off,stuck_off
8,2,1.0,2,In1_Out2,Connection,stuck_off,stuck_off
8,3,0.5,1,In1_Out4,Connection,stuck_on,stuck_on
8,4,1.0,1,In4_Out3,Connection,stuck_off,stuck_off
8,5,1.0,1,In1_Out1,Connection,stuck_off,stuck_off
8,6,1.0,2,In0_Out0,Connection,stuck_off,stuck_off
8,7,0.5,1,In3_Out4,Connection,stuck_on,stuck_on
8,8,1.0,2,In0_Out1,Connection,stuck_off,stuck_off
8,9,1.0,1,In1_Out1,Connection,stuck_off,stuck_off
8,10,1.0,1,In0_Out1,Connection,stuck_on,stuck_on
8,11,0.5,1,N4,Neuron,dynamic,Idx_2
8,12,0.5,0,In0_Out0,Connection,stuck_off,stuck_off
8,13,1.0,1,In2_Out1,Connection,stuck_off,stuck_off
8,14,1.0,1,In1_Out3,Connection,stuck_on,stuck_on
8,15,1.0,1,In0_Out4,Connection,stuck_on,stuck_on
8,16,1.0,2,N2,Neuron,static,0.0
8,17,1.0,2,In3_Out0,Connection,stuck_off,stuck_off
8,18,1.0,1,N0,Neuron,dynamic,Idx_2
8,19,0.0,0,N2,Neuron,dynamic,Idx_2
8,20,1.0,1,In3_Out3,Connection,stuck_on,stuck_on
8,21,0.5,1,N2,Neuron,static,3.0
8,22,0.5,2,In4_Out0,Connection,stuck_on,stuck_on
8,23,1.0,1,In1_Out2,Connection,stuck_off,stuck_off
8,24,0.0,0,N3,Neuron,static,3.0
8,25,1.0,1,In1_Out2,Connection,stuck_off,stuck_off
8,26,1.0,1,In3_Out1,Connection,stuck_on,stuck_on
8,27,0.5,2,In3_Out0,Connection,stuck_on,stuck_on
8,28,1.0,0,In0_Out0,Connection,stuck_on,stuck_on
8,29,1.0,1,In4_Out1,Connection,stuck_on,stuck_on
8,30,0.5,1,N4,Neuron,dynamic,Idx_0
8,31,1.0,1,In1_Out2,Connection,stuck_off,stuck_off
8,32,1.0,1,In0_Out3,Connection,stuck_off,stuck_off
8,33,0.5,2,In3_Out0,Connection,stuck_on,stuck_on
8,34,0.5,2,N1,Neuron,dynamic,Idx_0
8,35,1.0,1,In0_Out1,Connection,stuck_on,stuck_on
8,36,0.0,2,In0_Out2,Connection,stuck_on,stuck_on
8,37,1.0,1,In3_Out0,Connection,stuck_on,stuck_on
8,38,1.0,2,In1_Out2,Connection,stuck_off,stuck_off
8,39,1.0,1,In2_Out3,Connection,stuck_off,stuck_off
8,40,1.0,2,In1_Out0,Connection,stuck_off,stuck_off
8,41,0.5,2,In4_Out2,Connection,stuck_on,stuck_on
8,42,0.5,1,N3,Neuron,dynamic,Idx_0
8,43,1.0,2,In1_Out0,Connection,stuck_off,stuck_off
8,44,1.0,1,In4_Out1,Connection,stuck_on,stuck_on
8,45,1.0,0,N1,Neuron,dynamic,Idx_1
8,46,1.0,1,In4_Out2,Connection,stuck_on,stuck_on
8,47,0.0,0,N2,Neuron,static,2.0
8,48,1.0,1,In1_Out0,Connection,stuck_on,stuck_on
8,49,1.0,1,In0_Out0,Connection,stuck_on,stuck_on
8,50,0.0,0,N4,Neuron,dynamic,Idx_2
8,51,0.5,1,N3,Neuron,dynamic,Idx_2
8,52,1.0,2,In2_Out1,Connection,stuck_off,stuck_off
8,53,1.0,1,In0_Out4,Connection,stuck_on,stuck_on
8,54,0.0,0,N2,Neuron,static,2.0
8,55,1.0,1,In2_Out4,Connection,stuck_off,stuck_off
8,56,1.0,1,In1_Out1,Connection,stuck_on,stuck_on
8,57,0.5,2,In0_Out0,Connection,stuck_on,stuck_on
8,58,0.0,2,N2,Neuron,dynamic,Idx_2
8,59,1.0,2,In4_Out2,Connection,stuck_off,stuck_off
8,60,0.5,2,In2_Out0,Connection,stuck_off,stuck_off
8,61,1.0,1,In4_Out4,Connection,stuck_off,stuck_off
8,62,0.5,1,N4,Neuron,static,0.0
8,63,1.0,1,In4_Out1,Connection,stuck_off,stuck_off
8,64,1.0,2,In2_Out2,Connection,stuck_on,stuck_on
8,65,0.5,0,N0,Neuron,dynamic,Idx_2
8,66,0.5,0,In0_Out2,Connection,stuck_off,stuck_off
8,67,1.0,1,In3_Out4,Connection,stuck_off,stuck_off
8,68,1.0,1,In4_Out4,Connection,stuck_off,stuck_off
8,69,1.0,2,In0_Out1,Connection,stuck_off,stuck_off
8,70,1.0,1,In1_Out1,Connection,stuck_on,stuck_on
8,71,1.0,1,In2_Out1,Connection,stuck_off,stuck_off
8,72,1.0,2,In3_Out0,Connection,stuck_off,stuck_off
8,73,0.0,1,N2,Neuron,static,0.0
8,74,1.0,1,In3_Out1,Connection,stuck_on,stuck_on
8,75,1.0,1,In3_Out3,Connection,stuck_on,stuck_on
8,76,1.0,1,In1_Out0,Connection,stuck_on,stuck_on
8,77,1.0,1,In4_Out0,Connection,stuck_off,stuck_off
8,78,1.0,1,In0_Out4,Connection,stuck_off,stuck_off
8,79,1.0,1,In3_Out0,Connection,stuck_off,stuck_off
8,80,1.0,1,In0_Out3,Connection,stuck_off,stuck_off
8,81,0.5,2,In0_Out0,Connection,stuck_on,stuck_on
8,82,1.0,1,N1,Neuron,dynamic,Idx_0
8,83,0.5,1,In4_Out4,Connection,stuck_on,stuck_on
8,84,1.0,2,In1_Out1,Connection,stuck_off,stuck_off
8,85,0.0,0,N1,Neuron,static,3.0
8,86,1.0,2,In0_Out2,Connection,stuck_off,stuck_off
8,87,1.0,1,In4_Out1,Connection,stuck_on,stuck_on
8,88,1.0,1,N1,Neuron,dynamic,Idx_0
8,89,0.0,2,In1_Out2,Connection,stuck_on,stuck_on
8,90,1.0,1,In1_Out1,Connection,stuck_off,stuck_off
8,91,1.0,1,In4_Out0,Connection,stuck_on,stuck_on
8,92,1.0,1,In3_Out3,Connection,stuck_on,stuck_on
8,93,0.5,2,In0_Out0,Connection,stuck_on,stuck_on
8,94,1.0,1,In2_Out3,Connection,stuck_on,stuck_on
8,95,1.0,1,In4_Out1,Connection,stuck_on,stuck_on
8,96,1.0,1,In2_Out4,Connection,stuck_off,stuck_off
8,97,1.0,1,In3_Out3,Connection,stuck_off,stuck_off
8,98,1.0,1,In1_Out0,Connection,stuck_on,stuck_on
8,99,1.0,1,In0_Out1,Connection,stuck_off,stuck_off
9,0,0.5,2,In3_Out2,Connection,stuck_on,stuck_on
9,1,1.0,2,In1_Out0,Connection,stuck_on,stuck_on
9,2,1.0,1,In3_Out3,Connection,stuck_off,stuck_off
9,3,1.0,1,In1_Out2,Connection,stuck_on,stuck_on
9,4,1.0,2,In4_Out0,Connection,stuck_on,stuck_on
9,5,1.0,1,In0_Out2,Connection,stuck_on,stuck_on
9,6,0.5,0,N4,Neuron,dynamic,Idx_0
9,7,1.0,1,In4_Out4,Connection,stuck_on,stuck_on
9,8,1.0,1,In0_Out2,Connection,stuck_on,stuck_on
9,9,0.5,0,N2,Neuron,static,3.0
9,10,1.0,2,In3_Out0,Connection,stuck_on,stuck_on
9,11,1.0,1,N1,Neuron,dynamic,Idx_1
9,12,1.0,1,In1_Out3,Connection,stuck_off,stuck_off
9,13,1.0,1,In1_Out4,Connection,stuck_on,stuck_on
9,14,0.5,0,N3,Neuron,static,3.0
9,15,1.0,1,In4_Out0,Connection,stuck_on,stuck_on
9,16,1.0,1,In1_Out1,Connection,stuck_on,stuck_on
9,17,1.0,1,In0_Out0,Connection,stuck_on,stuck_on
9,18,0.0,2,In4_Out1,Connection,stuck_on,stuck_on
9,19,1.0,1,In2_Out3,Connection,stuck_off,stuck_off
9,20,1.0,1,In1_Out3,Connection,stuck_on,stuck_on
9,21,0.5,2,In3_Out2,Connection,stuck_off,stuck_off
9,22,1.0,1,N1,Neuron,dynamic,Idx_0
9,23,1.0,1,In4_Out0,Connection,stuck_on,stuck_on
9,24,0.5,2,In2_Out2,Connection,stuck_off,stuck_off
9,25,1.0,1,In2_Out0,Connection,stuck_on,stuck_on
9,26,1.0,1,N3,Neuron,static,3.0
9,27,1.0,1,In2_Out3,Connection,stuck_off,stuck_off
9,28,1.0,1,N1,Neuron,dynamic,Idx_1
9,29,1.0,1,In0_Out2,Connection,stuck_off,stuck_off
9,30,1.0,1,In3_Out1,Connection,stuck_off,stuck_off
9,31,1.0,1,In2_Out3,Connection,stuck_off,stuck_off
9,32,1.0,2,In4_Out2,Connection,stuck_off,stuck_off
9,33,1.0,0,In0_Out1,Connection,stuck_off,stuck_off
9,34,1.0,2,N1,Neuron,static,0.0
9,35,0.5,2,In3_Out2,Connection,stuck_off,stuck_off
9,36,1.0,1,In0_Out4,Connection,stuck_on,stuck_on
9,37,1.0,1,N0,Neuron,dynamic,Idx_2
9,38,0.5,2,In2_Out0,Connection,stuck_on,stuck_on
9,39,1.0,0,In0_Out4,Connection,stuck_on,stuck_on
9,40,1.0,1,In2_Out0,Connection,stuck_on,stuck_on
9,41,1.0,0,N1,Neuron,static,2.0
9,42,1.0,2,N1,Neuron,dynamic,Idx_1
9,43,1.0,2,In1_Out0,Connection,stuck_on,stuck_on
9,44,1.0,0,In0_Out1,Connection,stuck_off,stuck_off
9,45,1.0,1,In0_Out0,Connection,stuck_on,stuck_on
9,46,1.0,2,In4_Out1,Connection,stuck_off,stuck_off
9,47,1.0,1,In3_Out3,Connection,stuck_on,stuck_on
9,48,1.0,2,In0_Out1,Connection,stuck_on,stuck_on
9,49,1.0,1,In4_Out4,Connection,stuck_off,stuck_off
9,50,1.0,2,In0_Out1,Connection,stuck_off,stuck_off
9,51,1.0,0,In0_Out1,Connection,stuck_off,stuck_off
9,52,0.5,2,In0_Out2,Connection,stuck_on,stuck_on
9,53,1.0,2,In4_Out1,Connection,stuck_off,stuck_off
9,54,1.0,2,In4_Out2,Connection,stuck_off,stuck_off
9,55,0.5,2,In4_Out0,Connection,stuck_off,stuck_off
9,56,0.5,2,In4_Out0,Connection,stuck_off,stuck_off
9,57,1.0,0,In0_Out0,Connection,stuck_off,stuck_off
9,58,1.0,2,In2_Out0,Connection,stuck_off,stuck_off
9,59,0.5,2,In3_Out2,Connection,stuck_on,stuck_on
9,60,0.5,1,N4,Neuron,dynamic,Idx_0
9,61,1.0,0,In0_Out3,Connection,stuck_off,stuck_off
9,62,1.0,0,In0_Out1,Connection,stuck_off,stuck_off
9,63,0.5,2,In0_Out2,Connection,stuck_on,stuck_on
9,64,1.0,1,In0_Out4,Connection,stuck_off,stuck_off
9,65,1.0,1,In4_Out1,Connection,stuck_on,stuck_on
9,66,1.0,1,In3_Out4,Connection,stuck_off,stuck_off
9,67,1.0,1,In0_Out3,Connection,stuck_on,stuck_on
9,68,1.0,1,In1_Out3,Connection,stuck_off,stuck_off
9,69,1.0,1,In0_Out4,Connection,stuck_on,stuck_on
9,70,1.0,1,In4_Out4,Connection,stuck_off,stuck_off
9,71,1.0,0,In0_Out3,Connection,stuck_on,stuck_on
9,72,1.0,2,In1_Out1,Connection,stuck_on,stuck_on
9,73,1.0,1,In3_Out0,Connection,stuck_off,stuck_off
9,74,1.0,2,In4_Out1,Connection,stuck_off,stuck_off
9,75,1.0,2,In4_Out0,Connection,stuck_on,stuck_on
9,76,1.0,2,In4_Out2,Connection,stuck_on,stuck_on
9,77,1.0,1,In1_Out2,Connection,stuck_on,stuck_on
9,78,1.0,1,In3_Out0,Connection,stuck_off,stuck_off
9,79,1.0,0,In0_Out3,Connection,stuck_off,stuck_off
9,80,1.0,2,In2_Out1,Connection,stuck_off,stuck_off
9,81,0.5,2,N0,Neuron,dynamic,Idx_1
9,82,1.0,1,In4_Out1,Connection,stuck_on,stuck_on
9,83,1.0,1,In2_Out3,Connection,stuck_on,stuck_on
9,84,1.0,1,In1_Out2,Connection,stuck_on,stuck_on
9,85,0.5,2,N2,Neuron,static,0.0
9,86,0.5,1,N2,Neuron,dynamic,Idx_1
9,87,1.0,1,In2_Out3,Connection,stuck_on,stuck_on
9,88,1.0,1,In1_Out0,Connection,stuck_on,stuck_on
9,89,1.0,0,N0,Neuron,dynamic,Idx_2
9,90,0.5,2,In0_Out2,Connection,stuck_off,stuck_off
9,91,1.0,2,In1_Out0,Connection,stuck_on,stuck_on
9,92,1.0,1,In1_Out2,Connection,stuck_off,stuck_off
9,93,0.5,0,N0,Neuron,dynamic,Idx_1
9,94,1.0,1,N0,Neuron,dynamic,Idx_2
9,95,1.0,0,In0_Out0,Connection,stuck_off,stuck_off
9,96,1.0,1,In1_Out4,Connection,stuck_on,stuck_on
9,97,1.0,1,In0_Out0,Connection,stuck_on,stuck_on
9,98,1.0,1,In3_Out1,Connection,stuck_off,stuck_off
9,99,1.0,2,In1_Out0,Connection,stuck_on,stuck_on
10,0,0.0,2,In2_Out2,Connection,stuck_off,stuck_off
10,1,0.0,1,N2,Neuron,dynamic,Idx_0
10,2,1.0,1,In4_Out2,Connection,stuck_on,stuck_on
10,3,1.0,1,In4_Out2,Connection,stuck_on,stuck_on
10,4,1.0,1,In0_Out3,Connection,stuck_on,stuck_on
10,5,1.0,1,In1_Out2,Connection,stuck_on,stuck_on
10,6,1.0,0,N1,Neuron,dynamic,Idx_2
10,7,1.0,1,In1_Out1,Connection,stuck_on,stuck_on
10,8,1.0,2,In3_Out1,Connection,stuck_on,stuck_on
10,9,1.0,2,In4_Out2,Connection,stuck_off,stuck_off
10,10,0.0,1,N4,Neuron,static,3.0
10,11,1.0,1,In1_Out1,Connection,stuck_on,stuck_on
10,12,0.0,2,In2_Out2,Connection,stuck_off,stuck_off
10,13,1.0,2,In1_Out1,Connection,stuck_off,stuck_off
10,14,1.0,1,N3,Neuron,static,0.0
10,15,1.0,1,In4_Out3,Connection,stuck_on,stuck_on
10,16,1.0,1,In1_Out3,Connection,stuck_on,stuck_on
10,17,1.0,2,In0_Out1,Connection,stuck_on,stuck_on
10,18,1.0,1,N1,Neuron,dynamic,Idx_2
10,19,1.0,0,In0_Out2,Connection,stuck_on,stuck_on
10,20,1.0,1,In2_Out3,Connection,stuck_on,stuck_on
10,21,1.0,1,In1_Out3,Connection,stuck_on,stuck_on
10,22,1.0,2,N1,Neuron,static,3.0
10,23,0.0,1,N3,Neuron,dynamic,Idx_2
10,24,1.0,2,In3_Out1,Connection,stuck_off,stuck_off
10,25,1.0,2,In0_Out2,Connection,stuck_off,stuck_off
10,26,1.0,1,In0_Out3,Connection,stuck_off,stuck_off
10,27,0.0,2,In3_Out2,Connection,stuck_on,stuck_on
10,28,1.0,0,N4,Neuron,static,0.0
10,29,0.0,1,In4_Out4,Connection,stuck_on,stuck_on
10,30,1.0,1,In1_Out3,Connection,stuck_off,stuck_off
10,31,0.0,2,N0,Neuron,dynamic,Idx_2
10,32,1.0,2,In2_Out1,Connection,stuck_off,stuck_off
10,33,1.0,1,N1,Neuron,static,3.0
10,34,0.0,0,N1,Neuron,static,3.0
10,35,1.0,2,In4_Out1,Connection,stuck_on,stuck_on
10,36,1.0,1,In2_Out3,Connection,stuck_off,stuck_off
10,37,1.0,1,In3_Out2,Connection,stuck_off,stuck_off
10,38,1.0,2,In4_Out2,Connection,stuck_on,stuck_on
10,39,0.0,2,In3_Out2,Connection,stuck_on,stuck_on
10,40,0.0,2,In4_Out1,Connection,stuck_off,stuck_off
10,41,1.0,1,In4_Out3,Connection,stuck_off,stuck_off
10,42,0.0,0,N3,Neuron,static,3.0
10,43,1.0,1,In3_Out0,Connection,stuck_on,stuck_on
10,44,0.0,0,N4,Neuron,static,2.0
10,45,1.0,1,In4_Out3,Connection,stuck_on,stuck_on
10,46,1.0,0,N2,Neuron,dynamic,Idx_2
10,47,1.0,1,In2_Out1,Connection,stuck_off,stuck_off
10,48,1.0,2,In4_Out1,Connection,stuck_on,stuck_on
10,49,1.0,1,In3_Out2,Connection,stuck_on,stuck_on
10,50,1.0,2,In2_Out0,Connection,stuck_off,stuck_off
10,51,1.0,1,In0_Out1,Connection,stuck_on,stuck_on
10,52,1.0,1,In0_Out0,Connection,stuck_on,stuck_on
10,53,1.0,2,In4_Out0,Connection,stuck_off,stuck_off
10,54,0.0,2,In1_Out2,Connection,stuck_on,stuck_on
10,55,1.0,1,In2_Out2,Connection,stuck_off,stuck_off
10,56,1.0,0,In0_Out2,Connection,stuck_on,stuck_on
10,57,1.0,2,In4_Out0,Connection,stuck_off,stuck_off
10,58,0.0,0,In0_Out0,Connection,stuck_off,stuck_off
10,59,0.0,2,In1_Out2,Connection,stuck_on,stuck_on
10,60,1.0,0,N3,Neuron,dynamic,Idx_1
10,61,1.0,0,N0,Neuron,static,2.0
10,62,1.0,1,In4_Out3,Connection,stuck_on,stuck_on
10,63,1.0,2,In4_Out1,Connection,stuck_on,stuck_on
10,64,1.0,2,In3_Out1,Connection,stuck_off,stuck_off
10,65,0.0,1,In4_Out4,Connection,stuck_on,stuck_on
10,66,1.0,2,In4_Out1,Connection,stuck_on,stuck_on
10,67,1.0,1,In3_Out0,Connection,stuck_off,stuck_off
10,68,1.0,2,In3_Out1,Connection,stuck_on,stuck_on
10,69,0.0,2,In1_Out2,Connection,stuck_on,stuck_on
10,70,1.0,1,In3_Out3,Connection,stuck_off,stuck_off
10,71,1.0,2,In1_Out1,Connection,stuck_on,stuck_on
10,72,0.0,2,In4_Out1,Connection,stuck_off,stuck_off
10,73,1.0,1,In4_Out1,Connection,stuck_off,stuck_off
10,74,1.0,1,In1_Out3,Connection,stuck_off,stuck_off
10,75,1.0,1,In4_Out1,Connection,stuck_off,stuck_off
10,76,1.0,0,In0_Out1,Connection,stuck_on,stuck_on
10,77,1.0,0,N1,Neuron,dynamic,Idx_2
10,78,1.0,1,In4_Out2,Connection,stuck_on,stuck_on
10,79,1.0,1,In0_Out1,Connection,stuck_on,stuck_on
10,80,1.0,1,In3_Out3,Connection,stuck_on,stuck_on
10,81,1.0,1,In1_Out2,Connection,stuck_off,stuck_off
10,82,1.0,2,N2,Neuron,static,0.0
10,83,1.0,1,In3_Out3,Connection,stuck_on,stuck_on
10,84,0.0,2,In0_Out0,Connection,stuck_on,stuck_on
10,85,1.0,0,N3,Neuron,dynamic,Idx_2
10,86,1.0,1,In3_Out0,Connection,stuck_off,stuck_off
10,87,1.0,0,N3,Neuron,dynamic,Idx_1
10,88,1.0,1,In2_Out3,Connection,stuck_off,stuck_off
10,89,1.0,1,In1_Out0,Connection,stuck_on,stuck_on
10,90,0.0,1,In3_Out4,Connection,stuck_on,stuck_on
10,91,1.0,1,In0_Out1,Connection,stuck_off,stuck_off
10,92,1.0,1,In0_Out1,Connection,stuck_off,stuck_off
10,93,1.0,0,In0_Out4,Connection,stuck_on,stuck_on
10,94,1.0,1,N3,Neuron,dynamic,Idx_1
10,95,1.0,2,In1_Out0,Connection,stuck_off,stuck_off
10,96,1.0,1,In4_Out2,Connection,stuck_on,stuck_on
10,97,0.0,0,N0,Neuron,dynamic,Idx_2
10,98,1.0,1,In1_Out2,Connection,stuck_off,stuck_off
10,99,1.0,0,In0_Out4,Connection,stuck_off,stuck_off
11,0,1.0,0,N3,Neuron,static,0.0
11,1,0.5,0,N0,Neuron,static,2.0
11,2,1.0,1,In2_Out2,Connection,stuck_off,stuck_off
11,3,1.0,1,In2_Out2,Connection,stuck_on,stuck_on
11,4,1.0,1,In1_Out3,Connection,stuck_on,stuck_on
11,5,0.5,2,N0,Neuron,static,3.0
11,6,1.0,1,In1_Out3,Connection,stuck_on,stuck_on
11,7,0.5,0,N0,Neuron,static,2.0
11,8,1.0,1,In4_Out0,Connection,stuck_off,stuck_off
11,9,1.0,1,In3_Out0,Connection,stuck_off,stuck_off
11,10,1.0,1,In2_Out3,Connection,stuck_off,stuck_off
11,11,1.0,0,N2,Neuron,static,0.0
11,12,0.5,2,In4_Out2,Connection,stuck_on,stuck_on
11,13,0.5,1,In1_Out4,Connection,stuck_on,stuck_on
11,14,1.0,1,In1_Out3,Connection,stuck_off,stuck_off
11,15,1.0,1,In3_Out1,Connection,stuck_off,stuck_off
11,16,0.0,2,In3_Out2,Connection,stuck_on,stuck_on
11,17,0.5,1,In3_Out4,Connection,stuck_on,stuck_on
11,18,0.0,2,In1_Out2,Connection,stuck_on,stuck_on
11,19,0.5,2,N1,Neuron,static,2.0
11,20,1.0,2,N2,Neuron,dynamic,Idx_1
11,21,1.0,1,In4_Out2,Connection,stuck_off,stuck_off
11,22,1.0,0,N3,Neuron,static,0.0
11,23,1.0,1,In2_Out3,Connection,stuck_off,stuck_off
11,24,0.0,2,N2,Neuron,static,3.0
11,25,0.0,2,In3_Out2,Connection,stuck_on,stuck_on
11,26,0.0,2,In2_Out2,Connection,stuck_off,stuck_off
11,27,0.5,2,In2_Out1,Connection,stuck_on,stuck_on
11,28,1.0,1,In0_Out3,Connection,stuck_off,stuck_off
11,29,1.0,1,In2_Out0,Connection,stuck_on,stuck_on
11,30,1.0,1,In1_Out1,Connection,stuck_off,stuck_off
11,31,1.0,0,In0_Out2,Connection,stuck_on,stuck_on
11,32,0.5,1,In2_Out4,Connection,stuck_on,stuck_on
11,33,1.0,2,In0_Out1,Connection,stuck_on,stuck_on
11,34,1.0,1,In4_Out2,Connection,stuck_on,stuck_on
11,35,1.0,0,N2,Neuron,dynamic,Idx_0
11,36,1.0,2,In3_Out2,Connection,stuck_off,stuck_off
11,37,1.0,2,N2,Neuron,dynamic,Idx_0
11,38,1.0,2,In4_Out0,Connection,stuck_on,stuck_on
11,39,1.0,1,In2_Out2,Connection,stuck_on,stuck_on
11,40,0.0,2,N2,Neuron,static,2.0
11,41,1.0,0,In0_Out4,Connection,stuck_on,stuck_on
11,42,1.0,1,In3_Out4,Connection,stuck_off,stuck_off
11,43,1.0,2,In4_Out2,Connection,stuck_off,stuck_off
11,44,1.0,0,N2,Neuron,dynamic,Idx_0
11,45,0.5,1,N4,Neuron,dynamic,Idx_2
11,46,1.0,2,In2_Out0,Connection,stuck_off,stuck_off
11,47,1.0,1,N2,Neuron,static,2.0
11,48,0.0,2,In1_Out2,Connection,stuck_on,stuck_on
11,49,1.0,1,In4_Out2,Connection,stuck_off,stuck_off
11,50,1.0,1,N1,Neuron,dynamic,Idx_2
11,51,1.0,1,In1_Out0,Connection,stuck_on,stuck_on
11,52,0.5,2,In4_Out1,Connection,stuck_off,stuck_off
11,53,1.0,1,In3_Out2,Connection,stuck_on,stuck_on
11,54,1.0,1,In4_Out3,Connection,stuck_on,stuck_on
11,55,1.0,0,In0_Out0,Connection,stuck_on,stuck_on
11,56,1.0,1,In0_Out4,Connection,stuck_on,stuck_on
11,57,0.5,2,N0,Neuron,static,3.0
11,58,1.0,1,In1_Out3,Connection,stuck_off,stuck_off
11,59,0.5,1,In3_Out4,Connection,stuck_on,stuck_on
11,60,1.0,1,In1_Out4,Connection,stuck_off,stuck_off
11,61,1.0,0,In0_Out2,Connection,stuck_on,stuck_on
11,62,1.0,2,In1_Out0,Connection,stuck_off,stuck_off
11,63,0.0,0,N4,Neuron,static,3.0
11,64,1.0,2,In1_Out1,Connection,stuck_on,stuck_on
11,65,1.0,2,In1_Out1,Connection,stuck_off,stuck_off
11,66,1.0,1,In0_Out1,Connection,stuck_off,stuck_off
11,67,0.0,2,In1_Out2,Connection,stuck_on,stuck_on
11,68,1.0,1,In3_Out2,Connection,stuck_on,stuck_on
11,69,0.5,1,N3,Neuron,dynamic,Idx_0
11,70,1.0,1,In0_Out4,Connection,stuck_off,stuck_off
11,71,0.0,0,N2,Neuron,static,3.0
11,72,1.0,1,N1,Neuron,dynamic,Idx_0
11,73,1.0,0,N1,Neuron,static,0.0
11,74,0.5,2,N1,Neuron,dynamic,Idx_0
11,75,0.0,0,N3,Neuron,static,3.0
11,76,1.0,1,N0,Neuron,dynamic,Idx_2
11,77,1.0,1,In4_Out4,Connection,stuck_off,stuck_off
11,78,0.5,1,N3,Neuron,static,0.0
11,79,1.0,2,N2,Neuron,dynamic,Idx_1
11,80,1.0,0,In0_Out1,Connection,stuck_on,stuck_on
11,81,1.0,2,In1_Out0,Connection,stuck_off,stuck_off
11,82,0.5,2,In2_Out1,Connection,stuck_on,stuck_on
11,83,1.0,1,In3_Out2,Connection,stuck_off,stuck_off
11,84,1.0,2,In1_Out1,Connection,stuck_on,stuck_on
11,85,1.0,1,In0_Out4,Connection,stuck_off,stuck_off
11,86,0.5,1,N3,Neuron,static,0.0
11,87,1.0,1,In3_Out1,Connection,stuck_off,stuck_off
11,88,1.0,1,In3_Out0,Connection,stuck_on,stuck_on
11,89,1.0,0,In0_Out4,Connection,stuck_on,stuck_on
11,90,1.0,2,In0_Out2,Connection,stuck_off,stuck_off
11,91,1.0,2,In2_Out2,Connection,stuck_on,stuck_on
11,92,1.0,0,N3,Neuron,dynamic,Idx_0
11,93,1.0,1,In4_Out0,Connection,stuck_on,stuck_on
11,94,1.0,1,In3_Out3,Connection,stuck_on,stuck_on
11,95,0.5,1,In4_Out4,Connection,stuck_on,stuck_on
11,96,0.5,0,N0,Neuron,static,0.0
11,97,0.5,2,In4_Out0,Connection,stuck_off,stuck_off
11,98,1.0,0,In0_Out4,Connection,stuck_on,stuck_on
11,99,0.5,1,In1_Out4,Connection,stuck_on,stuck_on
12,0,1.0,1,In0_Out2,Connection,stuck_off,stuck_off
12,1,1.0,1,In2_Out3,Connection,stuck_off,stuck_off
12,2,1.0,1,In4_Out4,Connection,stuck_off,stuck_off
12,3,0.0,1,N4,Neuron,dynamic,Idx_1
12,4,1.0,1,In1_Out2,Connection,stuck_off,stuck_off
12,5,1.0,1,N1,Neuron,dynamic,Idx_0
12,6,1.0,1,N1,Neuron,dynamic,Idx_0
12,7,1.0,1,In3_Out2,Connection,stuck_on,stuck_on
12,8,1.0,1,In1_Out3,Connection,stuck_off,stuck_off
12,9,0.5,1,N2,Neuron,static,2.0
12,10,0.5,0,N0,Neuron,static,3.0
12,11,0.5,2,In1_Out2,Connection,stuck_off,stuck_off
12,12,0.0,1,N4,Neuron,dynamic,Idx_1
12,13,1.0,2,In1_Out1,Connection,stuck_off,stuck_off
12,14,1.0,0,In0_Out1,Connection,stuck_on,stuck_on
12,15,1.0,1,In4_Out2,Connection,stuck_off,stuck_off
12,16,1.0,1,N1,Neuron,dynamic,Idx_0
12,17,0.5,0,N4,Neuron,static,2.0
12,18,1.0,1,In1_Out4,Connection,stuck_off,stuck_off
12,19,0.0,1,In2_Out4,Connection,stuck_on,stuck_on
12,20,0.5,1,N3,Neuron,static,3.0
12,21,1.0,1,In1_Out0,Connection,stuck_on,stuck_on
12,22,0.5,2,N2,Neuron,static,0.0
12,23,1.0,1,N1,Neuron,dynamic,Idx_0
12,24,1.0,1,In3_Out2,Connection,stuck_on,stuck_on
12,25,1.0,1,In1_Out2,Connection,stuck_on,stuck_on
12,26,0.5,2,In3_Out2,Connection,stuck_on,stuck_on
12,27,1.0,2,In0_Out1,Connection,stuck_off,stuck_off
12,28,1.0,1,In3_Out1,Connection,stuck_on,stuck_on
12,29,1.0,1,In3_Out1,Connection,stuck_on,stuck_on
12,30,0.5,2,N1,Neuron,static,3.0
12,31,0.5,2,In1_Out2,Connection,stuck_off,stuck_off
12,32,1.0,0,N0,Neuron,static,2.0
12,33,0.5,0,N2,Neuron,static,0.0
12,34,1.0,1,N0,Neuron,dynamic,Idx_1
12,35,1.0,1,In0_Out3,Connection,stuck_on,stuck_on
12,36,1.0,1,In3_Out2,Connection,stuck_on,stuck_on
12,37,0.5,2,In0_Out2,Connection,stuck_off,stuck_off
12,38,1.0,1,In4_Out4,Connection,stuck_off,stuck_off
12,39,1.0,0,In0_Out3,Connection,stuck_off,stuck_off
12,40,1.0,1,In4_Out1,Connection,stuck_on,stuck_on
12,41,1.0,0,In0_Out3,Connection,stuck_on,stuck_on
12,42,0.5,2,N1,Neuron,dynamic,Idx_2
12,43,1.0,1,In3_Out3,Connection,stuck_on,stuck_on
12,44,0.5,2,In2_Out0,Connection,stuck_off,stuck_off
12,45,0.5,2,N2,Neuron,static,3.0
12,46,1.0,2,In3_Out1,Connection,stuck_off,stuck_off
12,47,1.0,1,In0_Out1,Connection,stuck_off,stuck_off
12,48,1.0,1,In1_Out3,Connection,stuck_off,stuck_off
12,49,1.0,1,In3_Out0,Connection,stuck_on,stuck_on
12,50,1.0,0,N3,Neuron,dynamic,Idx_1
12,51,1.0,0,In0_Out3,Connection,stuck_on,stuck_on
12,52,0.5,2,In0_Out2,Connection,stuck_off,stuck_off
12,53,1.0,1,In4_Out3,Connection,stuck_on,stuck_on
12,54,0.5,2,In1_Out2,Connection,stuck_off,stuck_off
12,55,0.5,0,N4,Neuron,dynamic,Idx_1
12,56,1.0,2,N0,Neuron,dynamic,Idx_0
12,57,1.0,1,N0,Neuron,dynamic,Idx_1
12,58,1.0,2,In3_Out0,Connection,stuck_off,stuck_off
12,59,1.0,2,In2_Out0,Connection,stuck_on,stuck_on
12,60,0.5,2,N2,Neuron,static,0.0
12,61,1.0,1,In1_Out0,Connection,stuck_on,stuck_on
12,62,1.0,1,In0_Out3,Connection,stuck_off,stuck_off
12,63,1.0,1,In2_Out1,Connection,stuck_on,stuck_on
12,64,1.0,2,In4_Out0,Connection,stuck_off,stuck_off
12,65,1.0,0,In0_Out3,Connection,stuck_on,stuck_on
12,66,0.5,2,In3_Out2,Connection,stuck_off,stuck_off
12,67,1.0,2,N0,Neuron,dynamic,Idx_0
12,68,0.5,2,In3_Out2,Connection,stuck_on,stuck_on
12,69,1.0,2,In4_Out2,Connection,stuck_on,stuck_on
12,70,1.0,1,In0_Out1,Connection,stuck_off,stuck_off
12,71,1.0,1,In3_Out2,Connection,stuck_off,stuck_off
12,72,1.0,2,In2_Out0,Connection,stuck_on,stuck_on
12,73,0.0,0,N0,Neuron,dynamic,Idx_1
12,74,0.5,2,In1_Out2,Connection,stuck_on,stuck_on
12,75,0.0,1,In4_Out4,Connection,stuck_on,stuck_on
12,76,0.0,1,In2_Out4,Connection,stuck_on,stuck_on
12,77,1.0,1,In3_Out0,Connection,stuck_off,stuck_off
12,78,1.0,0,In0_Out2,Connection,stuck_off,stuck_off
12,79,0.5,2,N2,Neuron,dynamic,Idx_1
12,80,1.0,2,In2_Out2,Connection,stuck_on,stuck_on
12,81,1.0,1,In2_Out3,Connection,stuck_on,stuck_on
12,82,0.5,2,In0_Out2,Connection,stuck_on,stuck_on
12,83,1.0,1,In0_Out4,Connection,stuck_on,stuck_on
12,84,0.5,0,N4,Neuron,dynamic,Idx_1
12,85,1.0,1,In1_Out1,Connection,stuck_off,stuck_off
12,86,0.0,0,N0,Neuron,dynamic,Idx_0
12,87,0.0,1,In2_Out4,Connection,stuck_on,stuck_on
12,88,1.0,0,In0_Out1,Connection,stuck_off,stuck_off
12,89,0.5,1,In1_Out4,Connection,stuck_on,stuck_on
12,90,0.5,1,N1,Neuron,static,0.0
12,91,1.0,2,In4_Out0,Connection,stuck_on,stuck_on
12,92,1.0,1,In3_Out3,Connection,stuck_off,stuck_off
12,93,0.5,2,In1_Out2,Connection,stuck_off,stuck_off
12,94,1.0,1,In1_Out2,Connection,stuck_off,stuck_off
12,95,0.0,0,In0_Out0,Connection,stuck_off,stuck_off
12,96,0.5,1,N2,Neuron,dynamic,Idx_1
12,97,1.0,1,In0_Out1,Connection,stuck_off,stuck_off
12,98,0.0,0,In0_Out0,Connection,stuck_off,stuck_off
12,99,1.0,1,In2_Out4,Connection,stuck_off,stuck_off
13,0,1.0,2,In1_Out1,Connection,stuck_off,stuck_off
13,1,1.0,1,In2_Out0,Connection,stuck_on,stuck_on
13,2,1.0,2,In3_Out1,Connection,stuck_off,stuck_off
13,3,1.0,1,N0,Neuron,static,3.0
13,4,0.0,2,N1,Neuron,static,2.0
13,5,1.0,2,In4_Out2,Connection,stuck_on,stuck_on
13,6,0.0,2,N2,Neuron,dynamic,Idx_0
13,7,1.0,1,In2_Out3,Connection,stuck_on,stuck_on
13,8,1.0,0,N1,Neuron,dynamic,Idx_2
13,9,1.0,1,In4_Out4,Connection,stuck_on,stuck_on
13,10,1.0,1,N3,Neuron,static,3.0
13,11,1.0,2,In1_Out0,Connection,stuck_off,stuck_off
13,12,1.0,1,In0_Out3,Connection,stuck_on,stuck_on
13,13,1.0,1,In1_Out0,Connection,stuck_off,stuck_off
13,14,1.0,1,In2_Out2,Connection,stuck_off,stuck_off
13,15,1.0,2,In2_Out0,Connection,stuck_on,stuck_on
13,16,1.0,2,In4_Out1,Connection,stuck_off,stuck_off
13,17,0.0,1,N4,Neuron,dynamic,Idx_1
13,18,1.0,2,In3_Out1,Connection,stuck_off,stuck_off
13,19,0.0,2,N2,Neuron,dynamic,Idx_0
13,20,1.0,1,N2,Neuron,dynamic,Idx_0
13,21,1.0,1,In2_Out2,Connection,stuck_off,stuck_off
13,22,1.0,2,In4_Out0,Connection,stuck_off,stuck_off
13,23,1.0,0,In0_Out1,Connection,stuck_off,stuck_off
13,24,1.0,1,In4_Out2,Connection,stuck_on,stuck_on
13,25,1.0,2,In3_Out1,Connection,stuck_off,stuck_off
13,26,1.0,0,In0_Out1,Connection,stuck_on,stuck_on
13,27,1.0,1,N0,Neuron,static,0.0
13,28,1.0,1,In2_Out3,Connection,stuck_on,stuck_on
13,29,1.0,1,In2_Out1,Connection,stuck_off,stuck_off
13,30,1.0,0,N1,Neuron,static,0.0
13,31,1.0,1,In3_Out0,Connection,stuck_off,stuck_off
13,32,0.0,0,N2,Neuron,static,0.0
13,33,1.0,1,In0_Out0,Connection,stuck_off,stuck_off
13,34,1.0,1,N0,Neuron,dynamic,Idx_1
13,35,1.0,1,In2_Out3,Connection,stuck_off,stuck_off
13,36,1.0,1,In4_Out0,Connection,stuck_on,stuck_on
13,37,1.0,1,In0_Out4,Connection,stuck_off,stuck_off
13,38,1.0,2,N2,Neuron,static,3.0
13,39,1.0,2,In0_Out1,Connection,stuck_on,stuck_on
13,40,0.5,0,N0,Neuron,static,3.0
13,41,1.0,1,In0_Out1,Connection,stuck_on,stuck_on
13,42,1.0,1,In2_Out2,Connection,stuck_on,stuck_on
13,43,1.0,1,In4_Out2,Connection,stuck_on,stuck_on
13,44,1.0,0,In0_Out3,Connection,stuck_off,stuck_off
13,45,1.0,2,In3_Out0,Connection,stuck_on,stuck_on
13,46,1.0,1,In0_Out0,Connection,stuck_on,stuck_on
13,47,1.0,2,N1,Neuron,dynamic,Idx_0
13,48,1.0,2,In0_Out1,Connection,stuck_on,stuck_on
13,49,1.0,1,In2_Out4,Connection,stuck_on,stuck_on
13,50,1.0,1,In3_Out1,Connection,stuck_off,stuck_off
13,51,1.0,1,In3_Out2,Connection,stuck_off,stuck_off
13,52,1.0,2,In1_Out1,Connection,stuck_on,stuck_on
13,53,0.0,1,N4,Neuron,static,3.0
13,54,0.0,2,In0_Out2,Connection,stuck_off,stuck_off
13,55,1.0,0,In0_Out0,Connection,stuck_off,stuck_off
13,56,1.0,1,In2_Out1,Connection,stuck_on,stuck_on
13,57,1.0,2,In1_Out0,Connection,stuck_off,stuck_off
13,58,0.0,2,In3_Out2,Connection,stuck_off,stuck_off
13,59,1.0,2,In1_Out1,Connection,stuck_on,stuck_on
13,60,1.0,0,N2,Neuron,static,2.0
13,61,1.0,0,N0,Neuron,dynamic,Idx_2
13,62,1.0,1,In4_Out2,Connection,stuck_on,stuck_on
13,63,1.0,1,In2_Out2,Connection,stuck_on,stuck_on
13,64,1.0,2,In3_Out2,Connection,stuck_on,stuck_on
13,65,1.0,1,In4_Out4,Connection,stuck_off,stuck_off
13,66,1.0,1,In3_Out0,Connection,stuck_off,stuck_off
13,67,1.0,0,N2,Neuron,static,2.0
13,68,1.0,0,In0_Out3,Connection,stuck_off,stuck_off
13,69,1.0,1,In0_Out0,Connection,stuck_on,stuck_on
13,70,1.0,1,In4_Out3,Connection,stuck_off,stuck_off
13,71,1.0,1,N0,Neuron,static,0.0
13,72,1.0,1,In1_Out2,Connection,stuck_on,stuck_on
13,73,0.0,2,N1,Neuron,dynamic,Idx_2
13,74,1.0,1,In2_Out2,Connection,stuck_off,stuck_off
13,75,1.0,2,N2,Neuron,dynamic,Idx_2
13,76,1.0,2,In1_Out2,Connection,stuck_on,stuck_on
13,77,1.0,2,In1_Out0,Connection,stuck_off,stuck_off
13,78,1.0,1,In3_Out0,Connection,stuck_on,stuck_on
13,79,1.0,0,In0_Out0,Connection,stuck_on,stuck_on
13,80,1.0,1,In3_Out0,Connection,stuck_off,stuck_off
13,81,1.0,1,In3_Out0,Connection,stuck_off,stuck_off
13,82,0.0,2,N1,Neuron,dynamic,Idx_2
13,83,1.0,1,In3_Out4,Connection,stuck_on,stuck_on
13,84,1.0,2,In0_Out0,Connection,stuck_off,stuck_off
13,85,1.0,1,In2_Out2,Connection,stuck_on,stuck_on
13,86,1.0,1,In2_Out2,Connection,stuck_on,stuck_on
13,87,1.0,2,In3_Out1,Connection,stuck_on,stuck_on
13,88,1.0,1,In0_Out3,Connection,stuck_on,stuck_on
13,89,1.0,2,In2_Out0,Connection,stuck_off,stuck_off
13,90,1.0,2,In3_Out2,Connection,stuck_on,stuck_on
13,91,1.0,1,In0_Out0,Connection,stuck_on,stuck_on
13,92,1.0,1,In1_Out0,Connection,stuck_off,stuck_off
13,93,1.0,1,In4_Out2,Connection,stuck_off,stuck_off
13,94,0.0,0,N2,Neuron,static,0.0
13,95,1.0,1,In0_Out2,Connection,stuck_off,stuck_off
13,96,1.0,0,In0_Out0,Connection,stuck_off,stuck_off
13,97,1.0,1,In4_Out1,Connection,stuck_off,stuck_off
13,98,1.0,0,N3,Neuron,static,2.0
13,99,1.0,1,N1,Neuron,static,2.0
14,0,1.0,1,In0_Out0,Connection,stuck_on,stuck_on
14,1,1.0,2,In2_Out0,Connection,stuck_on,stuck_on
14,2,1.0,1,In3_Out4,Connection,stuck_off,stuck_off
14,3,1.0,1,In1_Out0,Connection,stuck_off,stuck_off
14,4,1.0,1,In0_Out2,Connection,stuck_off,stuck_off
14,5,1.0,1,In0_Out4,Connection,stuck_on,stuck_on
14,6,1.0,1,In0_Out4,Connection,stuck_on,stuck_on
14,7,0.0,1,In3_Out4,Connection,stuck_on,stuck_on
14,8,0.5,0,N4,Neuron,static,3.0
14,9,1.0,1,In3_Out0,Connection,stuck_on,stuck_on
14,10,1.0,2,In2_Out1,Connection,stuck_off,stuck_off
14,11,1.0,1,In1_Out1,Connection,stuck_on,stuck_on
14,12,1.0,1,N0,Neuron,static,2.0
14,13,1.0,1,In2_Out0,Connection,stuck_on,stuck_on
14,14,1.0,1,In0_Out2,Connection,stuck_off,stuck_off
14,15,1.0,1,In1_Out4,Connection,stuck_off,stuck_off
14,16,1.0,2,In3_Out0,Connection,stuck_off,stuck_off
14,17,1.0,0,In0_Out1,Connection,stuck_off,stuck_off
14,18,1.0,1,In2_Out3,Connection,stuck_on,stuck_on
14,19,1.0,2,In0_Out0,Connection,stuck_off,stuck_off
14,20,1.0,1,In3_Out4,Connection,stuck_off,stuck_off
14,21,0.5,1,In0_Out4,Connection,stuck_off,stuck_off
14,22,0.5,2,In2_Out2,Connection,stuck_on,stuck_on
14,23,1.0,2,In0_Out0,Connection,stuck_off,stuck_off
14,24,1.0,1,In4_Out0,Connection,stuck_on,stuck_on
14,25,1.0,1,In4_Out0,Connection,stuck_on,stuck_on
14,26,0.5,0,N1,Neuron,static,0.0
14,27,1.0,2,In4_Out0,Connection,stuck_off,stuck_off
14,28,0.0,1,In3_Out4,Connection,stuck_on,stuck_on
14,29,0.5,2,N2,Neuron,static,0.0
14,30,1.0,0,N1,Neuron,dynamic,Idx_2
14,31,1.0,1,In4_Out1,Connection,stuck_on,stuck_on
14,32,0.0,1,N4,Neuron,static,0.0
14,33,1.0,1,In2_Out1,Connection,stuck_on,stuck_on
14,34,1.0,0,In0_Out3,Connection,stuck_off,stuck_off
14,35,1.0,1,In3_Out3,Connection,stuck_off,stuck_off
14,36,1.0,0,In0_Out1,Connection,stuck_off,stuck_off
14,37,0.5,1,In0_Out4,Connection,stuck_off,stuck_off
14,38,1.0,2,In3_Out0,Connection,stuck_off,stuck_off
14,39,1.0,1,In3_Out3,Connection,stuck_on,stuck_on
14,40,0.0,1,N4,Neuron,dynamic,Idx_0
14,41,0.5,1,N2,Neuron,static,0.0
14,42,1.0,0,N3,Neuron,dynamic,Idx_0
14,43,1.0,1,In4_Out3,Connection,stuck_on,stuck_on
14,44,0.5,2,In1_Out2,Connection,stuck_on,stuck_on
14,45,1.0,1,In3_Out2,Connection,stuck_off,stuck_off
14,46,1.0,1,In1_Out1,Connection,stuck_on,stuck_on
14,47,0.5,2,In2_Out2,Connection,stuck_off,stuck_off
14,48,1.0,1,In0_Out3,Connection,stuck_on,stuck_on
14,49,1.0,2,In1_Out0,Connection,stuck_off,stuck_off
14,50,0.5,2,N2,Neuron,dynamic,Idx_2
14,51,0.5,1,N3,Neuron,dynamic,Idx_2
14,52,1.0,1,In3_Out1,Connection,stuck_on,stuck_on
14,53,0.5,2,In4_Out1,Connection,stuck_off,stuck_off
14,54,1.0,1,In0_Out1,Connection,stuck_on,stuck_on
14,55,0.5,2,In2_Out0,Connection,stuck_off,stuck_off
14,56,0.5,2,In0_Out1,Connection,stuck_on,stuck_on
14,57,1.0,0,In0_Out3,Connection,stuck_off,stuck_off
14,58,0.5,1,N2,Neuron,dynamic,Idx_2
14,59,0.5,2,In0_Out2,Connection,stuck_on,stuck_on
14,60,0.5,1,N2,Neuron,static,3.0
14,61,0.5,2,In2_Out2,Connection,stuck_on,stuck_on
14,62,0.5,0,N4,Neuron,dynamic,Idx_2
14,63,1.0,1,N1,Neuron,dynamic,Idx_2
14,64,1.0,0,In0_Out2,Connection,stuck_on,stuck_on
14,65,0.5,0,N2,Neuron,static,2.0
14,66,0.5,1,In3_Out2,Connection,stuck_on,stuck_on
14,67,0.5,2,In0_Out2,Connection,stuck_on,stuck_on
14,68,1.0,1,In4_Out1,Connection,stuck_on,stuck_on
14,69,0.0,1,In2_Out4,Connection,stuck_on,stuck_on
14,70,0.5,1,N4,Neuron,dynamic,Idx_2
14,71,1.0,1,In3_Out4,Connection,stuck_off,stuck_off
14,72,0.5,2,N1,Neuron,dynamic,Idx_0
14,73,1.0,0,In0_Out2,Connection,stuck_off,stuck_off
14,74,0.0,0,In0_Out0,Connection,stuck_off,stuck_off
14,75,1.0,0,In0_Out3,Connection,stuck_on,stuck_on
14,76,1.0,0,In0_Out2,Connection,stuck_on,stuck_on
14,77,1.0,0,In0_Out4,Connection,stuck_on,stuck_on
14,78,1.0,2,In2_Out0,Connection,stuck_on,stuck_on
14,79,1.0,1,In0_Out1,Connection,stuck_off,stuck_off
14,80,1.0,1,In3_Out2,Connection,stuck_off,stuck_off
14,81,1.0,1,In0_Out0,Connection,stuck_off,stuck_off
14,82,1.0,1,In4_Out2,Connection,stuck_off,stuck_off
14,83,1.0,1,In2_Out0,Connection,stuck_on,stuck_on
14,84,1.0,2,In0_Out0,Connection,stuck_off,stuck_off
14,85,1.0,1,In4_Out0,Connection,stuck_on,stuck_on
14,86,1.0,1,In3_Out1,Connection,stuck_on,stuck_on
14,87,0.5,2,N2,Neuron,dynamic,Idx_2
14,88,0.5,1,N4,Neuron,dynamic,Idx_2
14,89,1.0,2,In2_Out0,Connection,stuck_on,stuck_on
14,90,0.5,2,In0_Out2,Connection,stuck_on,stuck_on
14,91,0.5,1,N3,Neuron,static,0.0
14,92,1.0,0,In0_Out2,Connection,stuck_off,stuck_off
14,93,1.0,1,In2_Out1,Connection,stuck_on,stuck_on
14,94,0.5,2,In4_Out1,Connection,stuck_off,stuck_off
14,95,0.0,2,N0,Neuron,static,2.0
14,96,1.0,1,In0_Out4,Connection,stuck_on,stuck_on
14,97,1.0,1,In4_Out2,Connection,stuck_on,stuck_on
14,98,1.0,1,In1_Out1,Connection,stuck_off,stuck_off
14,99,1.0,1,In3_Out1,Connection,stuck_on,stuck_on
15,0,1.0,0,N0,Neuron,static,3.0
15,1,1.0,2,In2_Out0,Connection,stuck_on,stuck_on
15,2,1.0,1,In4_Out0,Connection,stuck_on,stuck_on
15,3,1.0,1,In1_Out2,Connection,stuck_on,stuck_on
15,4,1.0,2,In3_Out2,Connection,stuck_off,stuck_off
15,5,1.0,2,In4_Out0,Connection,stuck_off,stuck_off
15,6,1.0,1,In3_Out2,Connection,stuck_off,stuck_off
15,7,1.0,1,In3_Out3,Connection,stuck_off,stuck_off
15,8,1.0,1,In3_Out2,Connection,stuck_off,stuck_off
15,9,1.0,2,In4_Out0,Connection,stuck_on,stuck_on
15,10,1.0,0,In0_Out4,Connection,stuck_off,stuck_off
15,11,1.0,2,In4_Out2,Connection,stuck_off,stuck_off
15,12,1.0,2,N0,Neuron,dynamic,Idx_0
15,13,1.0,2,In1_Out2,Connection,stuck_off,stuck_off
15,14,1.0,2,In4_Out1,Connection,stuck_on,stuck_on
15,15,1.0,1,In2_Out2,Connection,stuck_off,stuck_off
15,16,1.0,0,In0_Out3,Connection,stuck_on,stuck_on
15,17,1.0,1,In2_Out3,Connection,stuck_off,stuck_off
15,18,0.0,2,N1,Neuron,static,0.0
15,19,1.0,2,In2_Out0,Connection,stuck_on,stuck_on
15,20,1.0,1,In4_Out0,Connection,stuck_off,stuck_off
15,21,1.0,0,In0_Out3,Connection,stuck_on,stuck_on
15,22,0.0,2,N0,Neuron,static,2.0
15,23,1.0,2,In3_Out1,Connection,stuck_on,stuck_on
15,24,1.0,1,In4_Out0,Connection,stuck_on,stuck_on
15,25,1.0,2,In1_Out0,Connection,stuck_off,stuck_off
15,26,1.0,1,In4_Out1,Connection,stuck_off,stuck_off
15,27,1.0,0,N3,Neuron,dynamic,Idx_1
15,28,1.0,2,In0_Out1,Connection,stuck_on,stuck_on
15,29,1.0,1,In1_Out0,Connection,stuck_off,stuck_off
15,30,1.0,2,In0_Out2,Connection,stuck_off,stuck_off
15,31,1.0,1,In2_Out3,Connection,stuck_on,stuck_on
15,32,1.0,1,In4_Out1,Connection,stuck_on,stuck_on
15,33,1.0,1,In3_Out3,Connection,stuck_on,stuck_on
15,34,1.0,1,N2,Neuron,static,3.0
15,35,1.0,1,In4_Out3,Connection,stuck_off,stuck_off
15,36,1.0,1,In0_Out1,Connection,stuck_off,stuck_off
15,37,1.0,2,In0_Out1,Connection,stuck_on,stuck_on
15,38,1.0,1,In2_Out4,Connection,stuck_off,stuck_off
15,39,1.0,1,In2_Out2,Connection,stuck_on,stuck_on
15,40,0.0,1,N3,Neuron,static,2.0
15,41,1.0,2,In3_Out0,Connection,stuck_off,stuck_off
15,42,0.0,1,In1_Out4,Connection,stuck_on,stuck_on
15,43,0.0,1,In2_Out4,Connection,stuck_on,stuck_on
15,44,1.0,2,In3_Out0,Connection,stuck_off,stuck_off
15,45,0.0,2,In2_Out2,Connection,stuck_off,stuck_off
15,46,1.0,2,In0_Out1,Connection,stuck_off,stuck_off
15,47,1.0,1,In3_Out1,Connection,stuck_on,stuck_on
15,48,1.0,1,In0_Out1,Connection,stuck_off,stuck_off
15,49,1.0,1,In0_Out1,Connection,stuck_off,stuck_off
15,50,0.0,2,In1_Out0,Connection,stuck_on,stuck_on
15,51,1.0,0,N3,Neuron,dynamic,Idx_0
15,52,0.0,1,In1_Out4,Connection,stuck_on,stuck_on
15,53,1.0,1,N0,Neuron,dynamic,Idx_2
15,54,1.0,1,In2_Out0,Connection,stuck_off,stuck_off
15,55,0.0,1,In3_Out4,Connection,stuck_on,stuck_on
15,56,1.0,1,N0,Neuron,static,3.0
15,57,1.0,1,In4_Out2,Connection,stuck_off,stuck_off
15,58,1.0,1,In0_Out1,Connection,stuck_on,stuck_on
15,59,0.0,2,In2_Out0,Connection,stuck_off,stuck_off
15,60,1.0,1,In4_Out0,Connection,stuck_on,stuck_on
15,61,0.0,2,In2_Out1,Connection,stuck_on,stuck_on
15,62,1.0,0,In0_Out4,Connection,stuck_off,stuck_off
15,63,0.0,1,N2,Neuron,dynamic,Idx_2
15,64,1.0,1,In4_Out3,Connection,stuck_on,stuck_on
15,65,1.0,1,In0_Out4,Connection,stuck_on,stuck_on
15,66,1.0,1,N3,Neuron,dynamic,Idx_0
15,67,1.0,2,In3_Out0,Connection,stuck_off,stuck_off
15,68,1.0,0,In0_Out1,Connection,stuck_on,stuck_on
15,69,1.0,0,N2,Neuron,static,0.0
15,70,1.0,2,In2_Out0,Connection,stuck_on,stuck_on
15,71,0.0,2,In2_Out1,Connection,stuck_on,stuck_on
15,72,1.0,1,In2_Out1,Connection,stuck_on,stuck_on
15,73,1.0,1,In2_Out2,Connection,stuck_on,stuck_on
15,74,1.0,1,In3_Out1,Connection,stuck_on,stuck_on
15,75,1.0,2,In1_Out0,Connection,stuck_off,stuck_off
15,76,1.0,1,In1_Out2,Connection,stuck_off,stuck_off
15,77,1.0,1,In3_Out2,Connection,stuck_on,stuck_on
15,78,1.0,1,N3,Neuron,dynamic,Idx_1
15,79,1.0,1,In1_Out3,Connection,stuck_off,stuck_off
15,80,1.0,1,In3_Out1,Connection,stuck_off,stuck_off
15,81,1.0,1,In0_Out2,Connection,stuck_off,stuck_off
15,82,1.0,1,In4_Out1,Connection,stuck_off,stuck_off
15,83,1.0,1,In1_Out4,Connection,stuck_off,stuck_off
15,84,0.0,1,In2_Out4,Connection,stuck_on,stuck_on
15,85,1.0,1,In1_Out1,Connection,stuck_on,stuck_on
15,86,0.0,2,In4_Out1,Connection,stuck_off,stuck_off
15,87,1.0,1,In4_Out3,Connection,stuck_off,stuck_off
15,88,0.0,0,N0,Neuron,dynamic,Idx_2
15,89,1.0,2,In3_Out1,Connection,stuck_on,stuck_on
15,90,0.0,0,N4,Neuron,static,3.0
15,91,1.0,1,In4_Out0,Connection,stuck_off,stuck_off
15,92,0.0,2,N1,Neuron,dynamic,Idx_0
15,93,1.0,0,N1,Neuron,dynamic,Idx_1
15,94,1.0,1,In1_Out2,Connection,stuck_on,stuck_on
15,95,1.0,0,In0_Out2,Connection,stuck_on,stuck_on
15,96,1.0,2,In0_Out0,Connection,stuck_off,stuck_off
15,97,1.0,1,In1_Out4,Connection,stuck_off,stuck_off
15,98,1.0,0,N0,Neuron,static,2.0
15,99,1.0,1,In1_Out4,Connection,stuck_off,stuck_off
16,0,0.5,2,In0_Out1,Connection,stuck_on,stuck_on
16,1,0.5,1,N0,Neuron,dynamic,Idx_1
16,2,0.5,2,In3_Out1,Connection,stuck_on,stuck_on
16,3,0.5,1,In4_Out0,Connection,stuck_on,stuck_on
16,4,0.5,2,N0,Neuron,static,2.0
16,5,0.5,1,In1_Out1,Connection,stuck_on,stuck_on
16,6,0.5,2,In2_Out2,Connection,stuck_on,stuck_on
16,7,0.5,2,In4_Out0,Connection,stuck_off,stuck_off
16,8,0.5,1,N2,Neuron,dynamic,Idx_2
16,9,0.5,0,In0_Out2,Connection,stuck_on,stuck_on
16,10,0.5,1,In4_Out4,Connection,stuck_off,stuck_off
16,11,0.5,1,In4_Out0,Connection,stuck_on,stuck_on
16,12,0.5,0,N0,Neuron,dynamic,Idx_0
16,13,0.5,2,In3_Out2,Connection,stuck_on,stuck_on
16,14,0.5,2,In0_Out2,Connection,stuck_off,stuck_off
16,15,0.5,2,In2_Out0,Connection,stuck_off,stuck_off
16,16,0.5,1,In4_Out0,Connection,stuck_on,stuck_on
16,17,0.5,0,N4,Neuron,dynamic,Idx_2
16,18,0.5,1,In2_Out3,Connection,stuck_on,stuck_on
16,19,0.5,1,In1_Out3,Connection,stuck_off,stuck_off
16,20,0.5,2,In0_Out2,Connection,stuck_off,stuck_off
16,21,0.5,1,In3_Out4,Connection,stuck_on,stuck_on
16,22,0.5,0,N4,Neuron,static,0.0
16,23,0.5,0,In0_Out0,Connection,stuck_on,stuck_on
16,24,0.5,2,In0_Out1,Connection,stuck_off,stuck_off
16,25,0.5,2,In3_Out1,Connection,stuck_off,stuck_off
16,26,0.5,2,N0,Neuron,dynamic,Idx_1
16,27,0.5,0,N3,Neuron,dynamic,Idx_1
16,28,0.5,1,N0,Neuron,static,3.0
16,29,0.5,1,In0_Out4,Connection,stuck_on,stuck_on
16,30,0.0,0,N0,Neuron,static,2.0
16,31,0.5,2,In1_Out0,Connection,stuck_off,stuck_off
16,32,0.5,1,In3_Out4,Connection,stuck_on,stuck_on
16,33,0.0,1,N4,Neuron,static,2.0
16,34,0.5,2,In3_Out1,Connection,stuck_on,stuck_on
16,35,0.5,1,In1_Out1,Connection,stuck_on,stuck_on
16,36,0.0,1,N3,Neuron,dynamic,Idx_0
16,37,0.5,1,N2,Neuron,static,2.0
16,38,0.5,1,In0_Out4,Connection,stuck_off,stuck_off
16,39,0.5,1,In0_Out1,Connection,stuck_on,stuck_on
16,40,0.5,1,In3_Out0,Connection,stuck_off,stuck_off
16,41,0.5,0,N0,Neuron,static,0.0
16,42,0.5,1,In2_Out3,Connection,stuck_off,stuck_off
16,43,0.5,1,N4,Neuron,dynamic,Idx_1
16,44,0.5,0,In0_Out3,Connection,stuck_off,stuck_off
16,45,0.5,2,In0_Out2,Connection,stuck_off,stuck_off
16,46,0.5,1,In2_Out0,Connection,stuck_on,stuck_on
16,47,0.5,1,In4_Out3,Connection,stuck_off,stuck_off
16,48,0.5,2,In3_Out1,Connection,stuck_on,stuck_on
16,49,0.5,0,N3,Neuron,dynamic,Idx_1
16,50,0.5,2,In1_Out1,Connection,stuck_on,stuck_on
16,51,0.5,2,N2,Neuron,dynamic,Idx_0
16,52,0.5,1,In1_Out0,Connection,stuck_on,stuck_on
16,53,0.5,0,In0_Out1,Connection,stuck_on,stuck_on
16,54,0.5,2,N2,Neuron,static,3.0
16,55,0.5,2,In0_Out1,Connection,stuck_off,stuck_off
16,56,0.5,2,In1_Out1,Connection,stuck_on,stuck_on
16,57,0.5,1,In2_Out1,Connection,stuck_on,stuck_on
16,58,0.5,1,In0_Out1,Connection,stuck_off,stuck_off
16,59,0.5,2,In0_Out2,Connection,stuck_off,stuck_off
16,60,0.0,2,N1,Neuron,static,2.0
16,61,0.5,2,In3_Out0,Connection,stuck_on,stuck_on
16,62,0.5,1,In0_Out2,Connection,stuck_off,stuck_off
16,63,0.5,1,In0_Out1,Connection,stuck_on,stuck_on
16,64,0.0,1,N4,Neuron,static,2.0
16,65,0.5,1,In2_Out2,Connection,stuck_on,stuck_on
16,66,0.5,1,In4_Out0,Connection,stuck_off,stuck_off
16,67,0.5,1,In3_Out3,Connection,stuck_off,stuck_off
16,68,0.5,1,In3_Out3,Connection,stuck_on,stuck_on
16,69,0.5,1,In1_Out3,Connection,stuck_on,stuck_on
16,70,0.5,1,In1_Out2,Connection,stuck_on,stuck_on
16,71,0.5,1,In1_Out0,Connection,stuck_off,stuck_off
16,72,0.5,2,In3_Out2,Connection,stuck_on,stuck_on
16,73,0.5,1,N1,Neuron,static,0.0
16,74,0.5,2,In2_Out2,Connection,stuck_off,stuck_off
16,75,0.5,2,N0,Neuron,static,3.0
16,76,0.5,1,In3_Out0,Connection,stuck_off,stuck_off
16,77,0.5,1,N2,Neuron,static,2.0
16,78,1.0,1,N3,Neuron,static,2.0
16,79,0.5,2,In3_Out0,Connection,stuck_off,stuck_off
16,80,0.5,2,In0_Out0,Connection,stuck_on,stuck_on
16,81,0.5,1,In2_Out4,Connection,stuck_off,stuck_off
16,82,0.5,1,In0_Out0,Connection,stuck_off,stuck_off
16,83,0.5,1,In1_Out3,Connection,stuck_on,stuck_on
16,84,0.5,1,In3_Out3,Connection,stuck_on,stuck_on
16,85,0.5,2,In2_Out0,Connection,stuck_off,stuck_off
16,86,0.5,1,In0_Out0,Connection,stuck_on,stuck_on
16,87,0.5,2,In2_Out0,Connection,stuck_on,stuck_on
16,88,0.5,1,In4_Out4,Connection,stuck_on,stuck_on
16,89,0.5,1,In0_Out4,Connection,stuck_off,stuck_off
16,90,0.5,2,In2_Out1,Connection,stuck_off,stuck_off
16,91,0.5,1,In3_Out3,Connection,stuck_on,stuck_on
16,92,0.5,2,In0_Out1,Connection,stuck_off,stuck_off
16,93,0.5,0,N2,Neuron,dynamic,Idx_1
16,94,0.5,2,In0_Out1,Connection,stuck_off,stuck_off
16,95,0.5,0,N0,Neuron,dynamic,Idx_2
16,96,0.5,0,In0_Out2,Connection,stuck_on,stuck_on
16,97,0.5,2,In2_Out0,Connection,stuck_off,stuck_off
16,98,0.5,2,In0_Out2,Connection,stuck_on,stuck_on
16,99,0.5,1,In1_Out4,Connection,stuck_on,stuck_on
17,0,0.5,1,In2_Out0,Connection,stuck_on,stuck_on
17,1,0.5,1,In3_Out1,Connection,stuck_off,stuck_off
17,2,0.5,1,In3_Out0,Connection,stuck_off,stuck_off
17,3,0.5,2,In4_Out1,Connection,stuck_off,stuck_off
17,4,0.5,2,In3_Out2,Connection,stuck_off,stuck_off
17,5,0.5,2,In3_Out1,Connection,stuck_off,stuck_off
17,6,0.5,1,N4,Neuron,static,3.0
17,7,0.5,2,In0_Out0,Connection,stuck_off,stuck_off
17,8,0.5,2,N0,Neuron,static,3.0
17,9,0.5,1,In0_Out3,Connection,stuck_off,stuck_off
17,10,0.5,2,In0_Out2,Connection,stuck_off,stuck_off
17,11,0.5,2,In2_Out0,Connection,stuck_on,stuck_on
17,12,0.5,1,In2_Out4,Connection,stuck_on,stuck_on
17,13,0.5,1,In3_Out3,Connection,stuck_off,stuck_off
17,14,0.5,1,In4_Out2,Connection,stuck_on,stuck_on
17,15,0.5,2,In2_Out0,Connection,stuck_on,stuck_on
17,16,0.5,0,In0_Out2,Connection,stuck_on,stuck_on
17,17,0.5,1,In3_Out3,Connection,stuck_off,stuck_off
17,18,0.5,1,In2_Out0,Connection,stuck_on,stuck_on
17,19,0.5,1,In0_Out0,Connection,stuck_on,stuck_on
17,20,0.5,1,N0,Neuron,dynamic,Idx_2
17,21,0.5,1,In0_Out0,Connection,stuck_off,stuck_off
17,22,0.5,0,In0_Out1,Connection,stuck_off,stuck_off
17,23,0.5,2,In4_Out2,Connection,stuck_on,stuck_on
17,24,0.5,1,In1_Out1,Connection,stuck_on,stuck_on
17,25,0.5,2,In4_Out2,Connection,stuck_on,stuck_on
17,26,0.5,1,In1_Out0,Connection,stuck_off,stuck_off
17,27,0.5,0,In0_Out4,Connection,stuck_off,stuck_off
17,28,0.5,1,In3_Out0,Connection,stuck_on,stuck_on
17,29,0.5,1,In4_Out2,Connection,stuck_off,stuck_off
17,30,0.5,2,N0,Neuron,dynamic,Idx_0
17,31,0.5,0,N4,Neuron,dynamic,Idx_2
17,32,0.5,2,In1_Out1,Connection,stuck_off,stuck_off
17,33,0.5,1,In3_Out3,Connection,stuck_on,stuck_on
17,34,1.0,1,N3,Neuron,dynamic,Idx_0
17,35,0.5,1,In0_Out4,Connection,stuck_on,stuck_on
17,36,0.5,2,N2,Neuron,static,0.0
17,37,0.5,1,In2_Out4,Connection,stuck_on,stuck_on
17,38,0.5,2,In4_Out1,Connection,stuck_on,stuck_on
17,39,0.5,0,In0_Out0,Connection,stuck_off,stuck_off
17,40,0.5,2,N1,Neuron,dynamic,Idx_0
17,41,0.5,1,In0_Out4,Connection,stuck_on,stuck_on
17,42,0.5,1,In3_Out0,Connection,stuck_on,stuck_on
17,43,0.5,1,In2_Out3,Connection,stuck_off,stuck_off
17,44,0.5,2,In1_Out0,Connection,stuck_on,stuck_on
17,45,0.5,1,In1_Out2,Connection,stuck_off,stuck_off
17,46,0.5,1,In0_Out4,Connection,stuck_on,stuck_on
17,47,0.5,1,In1_Out0,Connection,stuck_off,stuck_off
17,48,0.5,1,In0_Out2,Connection,stuck_off,stuck_off
17,49,0.5,1,In1_Out2,Connection,stuck_off,stuck_off
17,50,0.5,2,In1_Out2,Connection,stuck_off,stuck_off
17,51,0.5,1,In3_Out2,Connection,stuck_on,stuck_on
17,52,0.5,0,In0_Out2,Connection,stuck_off,stuck_off
17,53,0.5,0,In0_Out3,Connection,stuck_off,stuck_off
17,54,0.5,2,In0_Out2,Connection,stuck_off,stuck_off
17,55,0.5,2,In0_Out2,Connection,stuck_off,stuck_off
17,56,0.5,2,In3_Out0,Connection,stuck_off,stuck_off
17,57,0.5,1,In1_Out3,Connection,stuck_off,stuck_off
17,58,0.5,1,In1_Out1,Connection,stuck_off,stuck_off
17,59,0.5,2,In2_Out0,Connection,stuck_off,stuck_off
17,60,0.5,2,In2_Out1,Connection,stuck_on,stuck_on
17,61,0.5,1,In0_Out0,Connection,stuck_on,stuck_on
17,62,0.5,1,In1_Out0,Connection,stuck_off,stuck_off
17,63,0.5,2,In3_Out0,Connection,stuck_off,stuck_off
17,64,0.5,2,In0_Out1,Connection,stuck_off,stuck_off
17,65,0.5,2,N1,Neuron,dynamic,Idx_0
17,66,0.5,1,In4_Out4,Connection,stuck_on,stuck_on
17,67,0.5,1,In3_Out0,Connection,stuck_on,stuck_on
17,68,0.5,1,In0_Out4,Connection,stuck_off,stuck_off
17,69,0.5,1,In4_Out4,Connection,stuck_on,stuck_on
17,70,0.5,1,In1_Out2,Connection,stuck_on,stuck_on
17,71,0.5,1,In2_Out1,Connection,stuck_on,stuck_on
17,72,0.5,2,In3_Out1,Connection,stuck_off,stuck_off
17,73,0.5,1,N3,Neuron,static,3.0
17,74,0.5,1,In3_Out2,Connection,stuck_off,stuck_off
17,75,0.5,1,N0,Neuron,dynamic,Idx_0
17,76,0.5,0,In0_Out2,Connection,stuck_off,stuck_off
17,77,0.5,2,In1_Out1,Connection,stuck_off,stuck_off
17,78,0.5,2,In4_Out1,Connection,stuck_on,stuck_on
17,79,0.5,1,In3_Out3,Connection,stuck_on,stuck_on
17,80,0.0,2,In1_Out2,Connection,stuck_on,stuck_on
17,81,0.5,1,In4_Out2,Connection,stuck_on,stuck_on
17,82,0.5,1,In2_Out2,Connection,stuck_off,stuck_off
17,83,0.5,1,In1_Out1,Connection,stuck_on,stuck_on
17,84,0.5,1,In1_Out4,Connection,stuck_on,stuck_on
17,85,0.5,2,In3_Out0,Connection,stuck_on,stuck_on
17,86,0.5,2,In4_Out0,Connection,stuck_on,stuck_on
17,87,0.5,1,In4_Out0,Connection,stuck_off,stuck_off
17,88,0.5,1,In4_Out3,Connection,stuck_off,stuck_off
17,89,0.5,1,In0_Out1,Connection,stuck_on,stuck_on
17,90,0.5,1,In3_Out2,Connection,stuck_on,stuck_on
17,91,0.5,2,In1_Out2,Connection,stuck_off,stuck_off
17,92,0.5,0,N4,Neuron,dynamic,Idx_2
17,93,0.5,1,N4,Neuron,static,3.0
17,94,0.5,0,N3,Neuron,dynamic,Idx_0
17,95,0.5,1,In4_Out0,Connection,stuck_off,stuck_off
17,96,0.0,2,In0_Out2,Connection,stuck_on,stuck_on
17,97,0.5,1,In1_Out1,Connection,stuck_off,stuck_off
17,98,0.5,1,In3_Out0,Connection,stuck_off,stuck_off
17,99,0.5,0,N3,Neuron,dynamic,Idx_2
18,0,0.5,2,In0_Out2,Connection,stuck_off,stuck_off
18,1,0.5,2,In3_Out0,Connection,stuck_on,stuck_on
18,2,0.5,1,In3_Out2,Connection,stuck_on,stuck_on
18,3,0.5,1,In3_Out4,Connection,stuck_on,stuck_on
18,4,1.0,1,In2_Out3,Connection,stuck_off,stuck_off
18,5,1.0,1,In4_Out3,Connection,stuck_on,stuck_on
18,6,0.5,1,N2,Neuron,dynamic,Idx_1
18,7,1.0,1,In0_Out0,Connection,stuck_on,stuck_on
18,8,0.5,1,In0_Out4,Connection,stuck_off,stuck_off
18,9,1.0,2,In4_Out1,Connection,stuck_off,stuck_off
18,10,1.0,1,In1_Out3,Connection,stuck_off,stuck_off
18,11,1.0,1,In0_Out2,Connection,stuck_off,stuck_off
18,12,0.5,2,In1_Out2,Connection,stuck_on,stuck_on
18,13,0.5,2,N0,Neuron,static,3.0
18,14,1.0,1,In3_Out0,Connection,stuck_off,stuck_off
18,15,0.0,2,In0_Out1,Connection,stuck_on,stuck_on
18,16,0.5,2,In1_Out0,Connection,stuck_on,stuck_on
18,17,1.0,2,In4_Out1,Connection,stuck_off,stuck_off
18,18,0.5,1,In0_Out2,Connection,stuck_on,stuck_on
18,19,1.0,1,In0_Out3,Connection,stuck_off,stuck_off
18,20,1.0,2,In4_Out2,Connection,stuck_off,stuck_off
18,21,0.5,2,In3_Out0,Connection,stuck_on,stuck_on
18,22,0.5,0,N1,Neuron,static,3.0
18,23,0.5,0,N1,Neuron,static,3.0
18,24,1.0,0,In0_Out1,Connection,stuck_on,stuck_on
18,25,1.0,1,In1_Out1,Connection,stuck_off,stuck_off
18,26,0.0,2,In4_Out1,Connection,stuck_on,stuck_on
18,27,0.5,1,In1_Out4,Connection,stuck_on,stuck_on
18,28,1.0,2,In4_Out2,Connection,stuck_off,stuck_off
18,29,0.5,2,N0,Neuron,dynamic,Idx_2
18,30,0.5,1,In3_Out2,Connection,stuck_on,stuck_on
18,31,0.5,1,In0_Out2,Connection,stuck_on,stuck_on
18,32,1.0,1,In2_Out1,Connection,stuck_off,stuck_off
18,33,0.5,2,In0_Out0,Connection,stuck_on,stuck_on
18,34,1.0,2,In4_Out0,Connection,stuck_on,stuck_on
18,35,0.5,1,N3,Neuron,static,2.0
18,36,0.5,2,In3_Out2,Connection,stuck_on,stuck_on
18,37,0.0,2,In0_Out1,Connection,stuck_on,stuck_on
18,38,0.5,0,In0_Out0,Connection,stuck_off,stuck_off
18,39,1.0,1,In3_Out4,Connection,stuck_off,stuck_off
18,40,0.5,1,In2_Out2,Connection,stuck_off,stuck_off
18,41,1.0,1,In3_Out4,Connection,stuck_off,stuck_off
18,42,1.0,1,In2_Out0,Connection,stuck_on,stuck_on
18,43,0.5,2,In1_Out2,Connection,stuck_off,stuck_off
18,44,0.0,2,In4_Out1,Connection,stuck_on,stuck_on
18,45,0.0,1,N2,Neuron,static,3.0
18,46,1.0,2,In3_Out1,Connection,stuck_on,stuck_on
18,47,0.5,2,N2,Neuron,dynamic,Idx_2
18,48,1.0,1,In3_Out3,Connection,stuck_on,stuck_on
18,49,1.0,1,In2_Out1,Connection,stuck_on,stuck_on
18,50,0.5,2,In2_Out2,Connection,stuck_on,stuck_on
18,51,1.0,2,In3_Out1,Connection,stuck_off,stuck_off
18,52,1.0,1,In2_Out3,Connection,stuck_on,stuck_on
18,53,0.0,2,In0_Out1,Connection,stuck_on,stuck_on
18,54,1.0,1,In3_Out0,Connection,stuck_off,stuck_off
18,55,0.5,0,N3,Neuron,dynamic,Idx_2
18,56,1.0,1,In4_Out3,Connection,stuck_off,stuck_off
18,57,0.5,0,N2,Neuron,dynamic,Idx_2
18,58,1.0,0,In0_Out1,Connection,stuck_off,stuck_off
18,59,0.0,2,In1_Out1,Connection,stuck_on,stuck_on
18,60,1.0,1,In4_Out1,Connection,stuck_on,stuck_on
18,61,0.5,0,N2,Neuron,static,2.0
18,62,1.0,1,In0_Out4,Connection,stuck_on,stuck_on
18,63,1.0,1,In4_Out3,Connection,stuck_on,stuck_on
18,64,0.5,2,In0_Out2,Connection,stuck_on,stuck_on
18,65,0.5,1,In2_Out4,Connection,stuck_on,stuck_on
18,66,0.5,2,In2_Out2,Connection,stuck_on,stuck_on
18,67,1.0,1,In2_Out0,Connection,stuck_on,stuck_on
18,68,0.0,2,In4_Out1,Connection,stuck_on,stuck_on
18,69,0.5,1,N0,Neuron,static,0.0
18,70,1.0,1,In0_Out1,Connection,stuck_on,stuck_on
18,71,0.5,2,N2,Neuron,dynamic,Idx_0
18,72,1.0,0,In0_Out1,Connection,stuck_off,stuck_off
18,73,0.5,1,N0,Neuron,static,0.0
18,74,1.0,0,In0_Out3,Connection,stuck_off,stuck_off
18,75,1.0,2,In0_Out0,Connection,stuck_off,stuck_off
18,76,1.0,0,In0_Out1,Connection,stuck_off,stuck_off
18,77,1.0,0,N1,Neuron,dynamic,Idx_1
18,78,1.0,1,In3_Out4,Connection,stuck_off,stuck_off
18,79,1.0,2,In3_Out1,Connection,stuck_off,stuck_off
18,80,0.5,1,In1_Out4,Connection,stuck_on,stuck_on
18,81,0.5,2,In3_Out2,Connection,stuck_off,stuck_off
18,82,1.0,1,In0_Out0,Connection,stuck_on,stuck_on
18,83,1.0,2,In3_Out0,Connection,stuck_off,stuck_off
18,84,0.0,1,N2,Neuron,static,3.0
18,85,1.0,1,In1_Out1,Connection,stuck_off,stuck_off
18,86,1.0,1,In2_Out4,Connection,stuck_off,stuck_off
18,87,1.0,2,In0_Out0,Connection,stuck_off,stuck_off
18,88,1.0,1,In3_Out0,Connection,stuck_on,stuck_on
18,89,1.0,1,In0_Out2,Connection,stuck_off,stuck_off
18,90,1.0,1,In0_Out1,Connection,stuck_on,stuck_on
18,91,1.0,0,In0_Out3,Connection,stuck_off,stuck_off
18,92,0.5,1,N3,Neuron,static,2.0
18,93,1.0,1,In1_Out0,Connection,stuck_off,stuck_off
18,94,1.0,0,In0_Out2,Connection,stuck_off,stuck_off
18,95,1.0,1,In1_Out0,Connection,stuck_on,stuck_on
18,96,0.0,2,In1_Out1,Connection,stuck_on,stuck_on
18,97,1.0,1,In0_Out4,Connection,stuck_on,stuck_on
18,98,1.0,1,In4_Out3,Connection,stuck_on,stuck_on
18,99,1.0,0,In0_Out2,Connection,stuck_off,stuck_off
19,0,1.0,0,In0_Out3,Connection,stuck_off,stuck_off
19,1,1.0,2,In2_Out0,Connection,stuck_off,stuck_off
19,2,1.0,1,In0_Out2,Connection,stuck_off,stuck_off
19,3,0.0,2,In3_Out2,Connection,stuck_on,stuck_on
19,4,1.0,1,In4_Out0,Connection,stuck_on,stuck_on
19,5,1.0,0,N2,Neuron,dynamic,Idx_1
19,6,0.0,2,In0_Out2,Connection,stuck_on,stuck_on
19,7,1.0,0,N3,Neuron,dynamic,Idx_1
19,8,1.0,1,N1,Neuron,dynamic,Idx_2
19,9,1.0,0,N3,Neuron,dynamic,Idx_0
19,10,1.0,2,In4_Out0,Connection,stuck_on,stuck_on
19,11,1.0,2,In0_Out0,Connection,stuck_off,stuck_off
19,12,1.0,2,In1_Out1,Connection,stuck_on,stuck_on
19,13,1.0,1,In1_Out0,Connection,stuck_off,stuck_off
19,14,1.0,1,In1_Out0,Connection,stuck_off,stuck_off
19,15,0.5,2,In4_Out2,Connection,stuck_on,stuck_on
19,16,1.0,2,In2_Out2,Connection,stuck_on,stuck_on
19,17,1.0,1,In0_Out3,Connection,stuck_off,stuck_off
19,18,1.0,0,N2,Neuron,dynamic,Idx_1
19,19,0.0,2,In4_Out1,Connection,stuck_on,stuck_on
19,20,1.0,1,In2_Out4,Connection,stuck_off,stuck_off
19,21,1.0,1,N3,Neuron,static,3.0
19,22,0.5,2,In4_Out2,Connection,stuck_on,stuck_on
19,23,1.0,0,In0_Out0,Connection,stuck_on,stuck_on
19,24,0.0,2,N0,Neuron,dynamic,Idx_1
19,25,1.0,0,In0_Out0,Connection,stuck_off,stuck_off
19,26,1.0,1,In1_Out2,Connection,stuck_off,stuck_off
19,27,1.0,1,In1_Out4,Connection,stuck_off,stuck_off
19,28,1.0,2,In0_Out0,Connection,stuck_off,stuck_off
19,29,1.0,2,In2_Out1,Connection,stuck_on,stuck_on
19,30,1.0,1,In1_Out3,Connection,stuck_off,stuck_off
19,31,1.0,1,In3_Out1,Connection,stuck_off,stuck_off
19,32,0.0,2,In3_Out0,Connection,stuck_on,stuck_on
19,33,1.0,1,In3_Out3,Connection,stuck_on,stuck_on
19,34,1.0,0,In0_Out3,Connection,stuck_off,stuck_off
19,35,1.0,0,In0_Out0,Connection,stuck_on,stuck_on
19,36,1.0,1,In1_Out1,Connection,stuck_on,stuck_on
19,37,0.0,0,N0,Neuron,static,3.0
19,38,1.0,1,In4_Out3,Connection,stuck_off,stuck_off
19,39,1.0,1,In0_Out4,Connection,stuck_on,stuck_on
19,40,1.0,2,N0,Neuron,static,2.0
19,41,1.0,1,In2_Out0,Connection,stuck_off,stuck_off
19,42,1.0,2,In0_Out1,Connection,stuck_off,stuck_off
19,43,1.0,1,In2_Out0,Connection,stuck_off,stuck_off
19,44,1.0,0,N4,Neuron,static,0.0
19,45,1.0,1,In3_Out1,Connection,stuck_on,stuck_on
19,46,1.0,1,In3_Out2,Connection,stuck_off,stuck_off
19,47,0.0,1,N2,Neuron,dynamic,Idx_0
19,48,1.0,1,N1,Neuron,static,2.0
19,49,1.0,2,In1_Out1,Connection,stuck_on,stuck_on
19,50,1.0,2,In1_Out1,Connection,stuck_on,stuck_on
19,51,1.0,1,In3_Out4,Connection,stuck_off,stuck_off
19,52,1.0,1,In3_Out1,Connection,stuck_off,stuck_off
19,53,1.0,1,In2_Out3,Connection,stuck_off,stuck_off
19,54,1.0,1,In4_Out4,Connection,stuck_on,stuck_on
19,55,1.0,1,In0_Out3,Connection,stuck_off,stuck_off
19,56,1.0,1,In3_Out3,Connection,stuck_on,stuck_on
19,57,0.0,1,N2,Neuron,static,0.0
19,58,0.0,2,In4_Out1,Connection,stuck_on,stuck_on
19,59,0.0,0,N2,Neuron,static,2.0
19,60,1.0,1,In2_Out3,Connection,stuck_off,stuck_off
19,61,1.0,1,In3_Out3,Connection,stuck_off,stuck_off
19,62,1.0,1,In1_Out1,Connection,stuck_on,stuck_on
19,63,0.0,2,In2_Out0,Connection,stuck_on,stuck_on
19,64,1.0,1,In4_Out3,Connection,stuck_off,stuck_off
19,65,1.0,2,N0,Neuron,static,2.0
19,66,1.0,1,In3_Out4,Connection,stuck_on,stuck_on
19,67,1.0,2,In0_Out1,Connection,stuck_off,stuck_off
19,68,1.0,0,In0_Out3,Connection,stuck_on,stuck_on
19,69,1.0,2,In1_Out0,Connection,stuck_on,stuck_on
19,70,1.0,0,In0_Out4,Connection,stuck_off,stuck_off
19,71,1.0,1,In3_Out1,Connection,stuck_off,stuck_off
19,72,0.0,2,In1_Out2,Connection,stuck_on,stuck_on
19,73,1.0,1,In2_Out1,Connection,stuck_off,stuck_off
19,74,1.0,1,In1_Out4,Connection,stuck_off,stuck_off
19,75,1.0,1,In0_Out2,Connection,stuck_off,stuck_off
19,76,1.0,2,In2_Out2,Connection,stuck_on,stuck_on
19,77,1.0,1,N1,Neuron,dynamic,Idx_0
19,78,1.0,0,In0_Out1,Connection,stuck_off,stuck_off
19,79,1.0,1,In2_Out2,Connection,stuck_on,stuck_on
19,80,1.0,1,In3_Out2,Connection,stuck_off,stuck_off
19,81,1.0,1,In4_Out3,Connection,stuck_off,stuck_off
19,82,1.0,1,In4_Out1,Connection,stuck_on,stuck_on
19,83,1.0,0,In0_Out1,Connection,stuck_off,stuck_off
19,84,1.0,1,In4_Out0,Connection,stuck_off,stuck_off
19,85,1.0,1,In3_Out3,Connection,stuck_on,stuck_on
19,86,1.0,1,In3_Out3,Connection,stuck_on,stuck_on
19,87,1.0,1,In3_Out3,Connection,stuck_off,stuck_off
19,88,1.0,0,In0_Out2,Connection,stuck_off,stuck_off
19,89,1.0,1,In4_Out0,Connection,stuck_on,stuck_on
19,90,1.0,1,In2_Out4,Connection,stuck_off,stuck_off
19,91,1.0,0,In0_Out0,Connection,stuck_off,stuck_off
19,92,1.0,1,In0_Out2,Connection,stuck_on,stuck_on
19,93,1.0,0,In0_Out2,Connection,stuck_on,stuck_on
19,94,0.0,2,N0,Neuron,dynamic,Idx_1
19,95,1.0,2,In0_Out0,Connection,stuck_on,stuck_on
19,96,0.0,2,In2_Out2,Connection,stuck_off,stuck_off
19,97,1.0,2,In1_Out1,Connection,stuck_on,stuck_on
19,98,1.0,1,In1_Out1,Connection,stuck_off,stuck_off
19,99,1.0,1,In4_Out4,Connection,stuck_off,stuck_off
20,0,0.0,1,In4_Out4,Connection,stuck_on,stuck_on
20,1,1.0,1,In1_Out1,Connection,stuck_off,stuck_off
20,2,1.0,1,In4_Out4,Connection,stuck_off,stuck_off
20,3,1.0,1,In3_Out3,Connection,stuck_off,stuck_off
20,4,1.0,1,N2,Neuron,static,2.0
20,5,0.5,0,N1,Neuron,static,2.0
20,6,1.0,1,N3,Neuron,dynamic,Idx_0
20,7,1.0,1,In2_Out0,Connection,stuck_off,stuck_off
20,8,1.0,2,In3_Out0,Connection,stuck_on,stuck_on
20,9,1.0,1,In2_Out1,Connection,stuck_on,stuck_on
20,10,1.0,2,N0,Neuron,dynamic,Idx_1
20,11,1.0,1,In4_Out1,Connection,stuck_on,stuck_on
20,12,0.0,2,In0_Out0,Connection,stuck_on,stuck_on
20,13,1.0,0,N4,Neuron,static,0.0
20,14,1.0,1,In3_Out2,Connection,stuck_on,stuck_on
20,15,1.0,1,In1_Out2,Connection,stuck_on,stuck_on
20,16,1.0,2,N1,Neuron,static,3.0
20,17,0.0,0,N4,Neuron,static,2.0
20,18,1.0,1,In2_Out3,Connection,stuck_off,stuck_off
20,19,1.0,1,In4_Out3,Connection,stuck_on,stuck_on
20,20,1.0,2,In0_Out1,Connection,stuck_on,stuck_on
20,21,0.0,0,N2,Neuron,static,2.0
20,22,1.0,1,In3_Out3,Connection,stuck_on,stuck_on
20,23,0.5,1,N0,Neuron,static,3.0
20,24,1.0,1,In4_Out1,Connection,stuck_off,stuck_off
20,25,1.0,1,In2_Out1,Connection,stuck_on,stuck_on
20,26,1.0,1,N4,Neuron,dynamic,Idx_2
20,27,1.0,1,In4_Out1,Connection,stuck_off,stuck_off
20,28,1.0,1,In2_Out4,Connection,stuck_off,stuck_off
20,29,1.0,2,In3_Out0,Connection,stuck_off,stuck_off
20,30,0.0,1,In4_Out4,Connection,stuck_on,stuck_on
20,31,1.0,1,In1_Out1,Connection,stuck_off,stuck_off
20,32,1.0,1,In0_Out2,Connection,stuck_off,stuck_off
20,33,1.0,1,In4_Out2,Connection,stuck_off,stuck_off
20,34,1.0,1,In3_Out1,Connection,stuck_off,stuck_off
20,35,0.0,0,N3,Neuron,static,2.0
20,36,1.0,2,In1_Out1,Connection,stuck_off,stuck_off
20,37,1.0,2,In4_Out1,Connection,stuck_on,stuck_on
20,38,0.5,1,In0_Out3,Connection,stuck_on,stuck_on
20,39,1.0,0,In0_Out3,Connection,stuck_on,stuck_on
20,40,0.0,1,In3_Out4,Connection,stuck_on,stuck_on
20,41,1.0,2,In1_Out1,Connection,stuck_on,stuck_on
20,42,1.0,2,In2_Out2,Connection,stuck_on,stuck_on
20,43,1.0,0,In0_Out4,Connection,stuck_off,stuck_off
20,44,1.0,2,In4_Out0,Connection,stuck_off,stuck_off
20,45,1.0,2,In4_Out1,Connection,stuck_on,stuck_on
20,46,1.0,1,In3_Out4,Connection,stuck_off,stuck_off
20,47,1.0,1,In1_Out4,Connection,stuck_off,stuck_off
20,48,0.5,0,In0_Out2,Connection,stuck_off,stuck_off
20,49,0.5,2,In4_Out0,Connection,stuck_on,stuck_on
20,50,1.0,2,In1_Out0,Connection,stuck_off,stuck_off
20,51,0.0,0,N4,Neuron,static,3.0
20,52,1.0,1,In0_Out2,Connection,stuck_off,stuck_off
20,53,1.0,2,In2_Out1,Connection,stuck_off,stuck_off
20,54,1.0,2,In3_Out1,Connection,stuck_off,stuck_off
20,55,0.5,2,In4_Out0,Connection,stuck_on,stuck_on
20,56,1.0,0,N2,Neuron,dynamic,Idx_1
20,57,1.0,2,N1,Neuron,dynamic,Idx_2
20,58,1.0,1,In3_Out0,Connection,stuck_on,stuck_on
20,59,1.0,1,N0,Neuron,static,0.0
20,60,0.0,1,N4,Neuron,dynamic,Idx_0
20,61,1.0,2,N1,Neuron,static,2.0
20,62,1.0,1,In1_Out3,Connection,stuck_on,stuck_on
20,63,0.0,0,N2,Neuron,static,3.0
20,64,1.0,1,In3_Out0,Connection,stuck_off,stuck_off
20,65,1.0,1,In4_Out0,Connection,stuck_off,stuck_off
20,66,1.0,1,N1,Neuron,dynamic,Idx_2
20,67,1.0,1,In3_Out1,Connection,stuck_off,stuck_off
20,68,1.0,1,In2_Out1,Connection,stuck_on,stuck_on
20,69,1.0,1,In4_Out0,Connection,stuck_on,stuck_on
20,70,1.0,1,In3_Out1,Connection,stuck_off,stuck_off
20,71,1.0,1,In3_Out1,Connection,stuck_on,stuck_on
20,72,0.5,2,In3_Out1,Connection,stuck_on,stuck_on
20,73,1.0,1,In4_Out0,Connection,stuck_on,stuck_on
20,74,1.0,1,In3_Out1,Connection,stuck_on,stuck_on
20,75,1.0,1,In1_Out0,Connection,stuck_off,stuck_off
20,76,0.0,1,In2_Out4,Connection,stuck_on,stuck_on
20,77,0.0,0,N3,Neuron,static,2.0
20,78,1.0,2,In2_Out0,Connection,stuck_on,stuck_on
20,79,1.0,2,In1_Out1,Connection,stuck_off,stuck_off
20,80,1.0,1,In4_Out1,Connection,stuck_off,stuck_off
20,81,1.0,1,N4,Neuron,static,2.0
20,82,1.0,1,In3_Out3,Connection,stuck_off,stuck_off
20,83,1.0,1,N1,Neuron,static,2.0
20,84,1.0,2,In0_Out0,Connection,stuck_off,stuck_off
20,85,1.0,0,In0_Out0,Connection,stuck_on,stuck_on
20,86,1.0,2,In4_Out0,Connection,stuck_off,stuck_off
20,87,1.0,1,In2_Out4,Connection,stuck_off,stuck_off
20,88,1.0,1,N4,Neuron,dynamic,Idx_2
20,89,1.0,2,In0_Out0,Connection,stuck_off,stuck_off
20,90,1.0,2,In3_Out2,Connection,stuck_off,stuck_off
20,91,1.0,2,In2_Out1,Connection,stuck_off,stuck_off
20,92,0.5,0,In0_Out2,Connection,stuck_off,stuck_off
20,93,0.5,1,In0_Out2,Connection,stuck_on,stuck_on
20,94,0.0,2,In0_Out2,Connection,stuck_on,stuck_on
20,95,0.5,2,In3_Out1,Connection,stuck_on,stuck_on
20,96,0.0,2,In3_Out2,Connection,stuck_on,stuck_on
20,97,1.0,1,In4_Out1,Connection,stuck_on,stuck_on
20,98,1.0,1,In3_Out2,Connection,stuck_on,stuck_on
20,99,1.0,1,In0_Out4,Connection,stuck_off,stuck_off
21,0,1.0,2,N2,Neuron,dynamic,Idx_0
21,1,1.0,1,In4_Out3,Connection,stuck_off,stuck_off
21,2,0.5,1,N4,Neuron,static,2.0
21,3,1.0,1,In1_Out2,Connection,stuck_on,stuck_on
21,4,1.0,1,In3_Out0,Connection,stuck_off,stuck_off
21,5,1.0,1,In1_Out0,Connection,stuck_on,stuck_on
21,6,1.0,1,In4_Out0,Connection,stuck_on,stuck_on
21,7,0.5,2,In4_Out1,Connection,stuck_on,stuck_on
21,8,1.0,1,In0_Out4,Connection,stuck_on,stuck_on
21,9,1.0,0,In0_Out2,Connection,stuck_on,stuck_on
21,10,1.0,0,N1,Neuron,dynamic,Idx_0
21,11,1.0,1,In2_Out1,Connection,stuck_off,stuck_off
21,12,1.0,1,In3_Out3,Connection,stuck_on,stuck_on
21,13,1.0,1,In4_Out3,Connection,stuck_off,stuck_off
21,14,1.0,1,N1,Neuron,dynamic,Idx_0
21,15,1.0,1,In3_Out1,Connection,stuck_on,stuck_on
21,16,0.5,2,In1_Out0,Connection,stuck_on,stuck_on
21,17,0.5,2,In4_Out0,Connection,stuck_off,stuck_off
21,18,1.0,0,N1,Neuron,dynamic,Idx_1
21,19,1.0,1,In2_Out1,Connection,stuck_off,stuck_off
21,20,1.0,1,In3_Out3,Connection,stuck_off,stuck_off
21,21,0.5,2,In2_Out0,Connection,stuck_on,stuck_on
21,22,1.0,2,In0_Out1,Connection,stuck_off,stuck_off
21,23,1.0,1,In3_Out4,Connection,stuck_off,stuck_off
21,24,0.5,2,N1,Neuron,static,2.0
21,25,1.0,1,In4_Out2,Connection,stuck_off,stuck_off
21,26,0.5,1,N4,Neuron,dynamic,Idx_2
21,27,0.5,1,N4,Neuron,static,0.0
21,28,0.5,2,N1,Neuron,dynamic,Idx_1
21,29,0.5,2,In1_Out0,Connection,stuck_on,stuck_on
21,30,1.0,1,In1_Out3,Connection,stuck_on,stuck_on
21,31,1.0,2,In3_Out1,Connection,stuck_on,stuck_on
21,32,1.0,1,In3_Out1,Connection,stuck_on,stuck_on
21,33,0.0,0,N4,Neuron,static,2.0
21,34,1.0,1,In0_Out3,Connection,stuck_on,stuck_on
21,35,0.0,2,In1_Out2,Connection,stuck_on,stuck_on
21,36,1.0,2,N2,Neuron,dynamic,Idx_1
21,37,0.0,2,In0_Out2,Connection,stuck_on,stuck_on
21,38,1.0,1,In0_Out2,Connection,stuck_off,stuck_off
21,39,1.0,1,In3_Out1,Connection,stuck_off,stuck_off
21,40,1.0,1,In4_Out1,Connection,stuck_off,stuck_off
21,41,1.0,2,In3_Out1,Connection,stuck_off,stuck_off
21,42,1.0,1,In4_Out3,Connection,stuck_on,stuck_on
21,43,0.5,0,In0_Out0,Connection,stuck_off,stuck_off
21,44,1.0,1,N0,Neuron,static,3.0
21,45,1.0,1,N0,Neuron,dynamic,Idx_1
21,46,1.0,0,N4,Neuron,static,0.0
21,47,1.0,2,In1_Out0,Connection,stuck_off,stuck_off
21,48,0.5,2,N1,Neuron,static,0.0
21,49,1.0,1,In1_Out4,Connection,stuck_off,stuck_off
21,50,0.0,2,N2,Neuron,static,2.0
21,51,1.0,1,In4_Out2,Connection,stuck_off,stuck_off
21,52,1.0,2,In3_Out2,Connection,stuck_off,stuck_off
21,53,1.0,1,In3_Out1,Connection,stuck_off,stuck_off
21,54,1.0,2,In0_Out1,Connection,stuck_off,stuck_off
21,55,0.5,1,In3_Out4,Connection,stuck_on,stuck_on
21,56,1.0,1,N1,Neuron,dynamic,Idx_0
21,57,1.0,1,In1_Out1,Connection,stuck_on,stuck_on
21,58,0.5,1,In2_Out4,Connection,stuck_on,stuck_on
21,59,1.0,2,In4_Out2,Connection,stuck_off,stuck_off
21,60,1.0,2,In0_Out1,Connection,stuck_on,stuck_on
21,61,0.5,1,N3,Neuron,static,2.0
21,62,1.0,1,In0_Out1,Connection,stuck_on,stuck_on
21,63,0.5,2,In4_Out1,Connection,stuck_on,stuck_on
21,64,1.0,1,In0_Out1,Connection,stuck_on,stuck_on
21,65,1.0,2,In3_Out1,Connection,stuck_off,stuck_off
21,66,1.0,1,In3_Out2,Connection,stuck_off,stuck_off
21,67,1.0,1,In3_Out3,Connection,stuck_off,stuck_off
21,68,1.0,1,In4_Out2,Connection,stuck_off,stuck_off
21,69,1.0,0,In0_Out1,Connection,stuck_on,stuck_on
21,70,1.0,1,In1_Out2,Connection,stuck_on,stuck_on
21,71,1.0,1,In3_Out3,Connection,stuck_on,stuck_on
21,72,1.0,1,In0_Out2,Connection,stuck_off,stuck_off
21,73,1.0,2,N2,Neuron,static,0.0
21,74,1.0,1,N1,Neuron,dynamic,Idx_2
21,75,1.0,2,In3_Out1,Connection,stuck_on,stuck_on
21,76,0.5,2,In4_Out1,Connection,stuck_off,stuck_off
21,77,0.5,2,In2_Out0,Connection,stuck_off,stuck_off
21,78,1.0,1,In3_Out4,Connection,stuck_off,stuck_off
21,79,1.0,1,In4_Out2,Connection,stuck_off,stuck_off
21,80,1.0,0,In0_Out4,Connection,stuck_on,stuck_on
21,81,1.0,1,In4_Out3,Connection,stuck_on,stuck_on
21,82,1.0,1,N0,Neuron,dynamic,Idx_2
21,83,1.0,1,In3_Out1,Connection,stuck_on,stuck_on
21,84,1.0,1,In0_Out1,Connection,stuck_on,stuck_on
21,85,1.0,1,In2_Out2,Connection,stuck_off,stuck_off
21,86,1.0,0,In0_Out1,Connection,stuck_off,stuck_off
21,87,1.0,1,In4_Out0,Connection,stuck_on,stuck_on
21,88,1.0,1,In3_Out2,Connection,stuck_on,stuck_on
21,89,1.0,1,In0_Out4,Connection,stuck_on,stuck_on
21,90,1.0,1,In3_Out3,Connection,stuck_off,stuck_off
21,91,1.0,2,In0_Out1,Connection,stuck_off,stuck_off
21,92,0.5,1,In4_Out4,Connection,stuck_on,stuck_on
21,93,1.0,1,N1,Neuron,static,2.0
21,94,0.0,2,In1_Out2,Connection,stuck_on,stuck_on
21,95,1.0,1,In0_Out2,Connection,stuck_off,stuck_off
21,96,1.0,2,In4_Out2,Connection,stuck_on,stuck_on
21,97,1.0,1,In0_Out3,Connection,stuck_off,stuck_off
21,98,1.0,0,In0_Out4,Connection,stuck_on,stuck_on
21,99,1.0,1,In2_Out1,Connection,stuck_on,stuck_on
22,0,0.5,2,N0,Neuron,dynamic,Idx_2
22,1,0.5,2,N2,Neuron,dynamic,Idx_1
22,2,0.5,2,In4_Out2,Connection,stuck_off,stuck_off
22,3,1.0,1,In1_Out2,Connection,stuck_on,stuck_on
22,4,0.5,2,In4_Out2,Connection,stuck_on,stuck_on
22,5,0.0,2,In0_Out2,Connection,stuck_on,stuck_on
22,6,1.0,1,In0_Out4,Connection,stuck_on,stuck_on
22,7,0.5,1,In0_Out2,Connection,stuck_on,stuck_on
22,8,0.5,1,In2_Out3,Connection,stuck_off,stuck_off
22,9,0.5,1,In1_Out2,Connection,stuck_off,stuck_off
22,10,0.5,1,In1_Out1,Connection,stuck_on,stuck_on
22,11,0.5,1,In2_Out4,Connection,stuck_on,stuck_on
22,12,0.5,2,In4_Out0,Connection,stuck_on,stuck_on
22,13,0.5,1,In1_Out3,Connection,stuck_off,stuck_off
22,14,0.5,2,In3_Out0,Connection,stuck_on,stuck_on
22,15,0.5,1,In3_Out0,Connection,stuck_on,stuck_on
22,16,0.5,2,In0_Out2,Connection,stuck_off,stuck_off
22,17,0.5,1,In0_Out0,Connection,stuck_on,stuck_on
22,18,0.5,1,In1_Out1,Connection,stuck_off,stuck_off
22,19,0.0,2,In3_Out2,Connection,stuck_on,stuck_on
22,20,0.0,2,In0_Out2,Connection,stuck_on,stuck_on
22,21,0.5,0,In0_Out1,Connection,stuck_on,stuck_on
22,22,0.5,1,In2_Out2,Connection,stuck_on,stuck_on
22,23,0.5,0,In0_Out3,Connection,stuck_on,stuck_on
22,24,0.5,1,In4_Out1,Connection,stuck_on,stuck_on
22,25,0.5,0,N0,Neuron,dynamic,Idx_0
22,26,0.5,1,In4_Out3,Connection,stuck_off,stuck_off
22,27,0.5,2,In0_Out0,Connection,stuck_off,stuck_off
22,28,0.5,0,N0,Neuron,dynamic,Idx_0
22,29,0.5,1,In2_Out4,Connection,stuck_off,stuck_off
22,30,0.5,2,In4_Out1,Connection,stuck_off,stuck_off
22,31,0.0,1,N2,Neuron,dynamic,Idx_2
22,32,0.5,2,N0,Neuron,static,0.0
22,33,0.5,2,In2_Out1,Connection,stuck_off,stuck_off
22,34,0.5,0,In0_Out4,Connection,stuck_on,stuck_on
22,35,0.5,1,In0_Out2,Connection,stuck_off,stuck_off
22,36,0.5,0,N0,Neuron,dynamic,Idx_1
22,37,0.5,0,In0_Out3,Connection,stuck_on,stuck_on
22,38,1.0,0,N2,Neuron,dynamic,Idx_0
22,39,0.5,1,In2_Out4,Connection,stuck_on,stuck_on
22,40,0.5,2,In1_Out0,Connection,stuck_off,stuck_off
22,41,0.5,1,In4_Out0,Connection,stuck_off,stuck_off
22,42,0.5,2,In4_Out0,Connection,stuck_off,stuck_off
22,43,0.5,0,N0,Neuron,dynamic,Idx_0
22,44,0.5,1,N4,Neuron,static,0.0
22,45,1.0,1,In4_Out4,Connection,stuck_off,stuck_off
22,46,0.5,1,N3,Neuron,dynamic,Idx_2
22,47,0.5,2,In4_Out1,Connection,stuck_off,stuck_off
22,48,0.5,0,In0_Out0,Connection,stuck_on,stuck_on
22,49,0.5,2,In2_Out1,Connection,stuck_on,stuck_on
22,50,0.5,2,In1_Out1,Connection,stuck_on,stuck_on
22,51,0.5,0,In0_Out1,Connection,stuck_off,stuck_off
22,52,0.5,1,In3_Out3,Connection,stuck_off,stuck_off
22,53,0.5,1,N1,Neuron,static,2.0
22,54,0.5,2,In1_Out1,Connection,stuck_on,stuck_on
22,55,0.5,2,In3_Out0,Connection,stuck_off,stuck_off
22,56,0.5,2,In1_Out1,Connection,stuck_on,stuck_on
22,57,0.5,2,In0_Out0,Connection,stuck_off,stuck_off
22,58,0.0,2,In3_Out2,Connection,stuck_on,stuck_on
22,59,0.5,1,N4,Neuron,static,2.0
22,60,0.5,2,In4_Out1,Connection,stuck_off,stuck_off
22,61,0.5,1,In0_Out2,Connection,stuck_on,stuck_on
22,62,0.5,1,In2_Out3,Connection,stuck_off,stuck_off
22,63,0.5,2,In0_Out1,Connection,stuck_on,stuck_on
22,64,0.5,1,N1,Neuron,static,0.0
22,65,0.5,2,In2_Out0,Connection,stuck_on,stuck_on
22,66,0.5,1,N2,Neuron,static,3.0
22,67,0.5,1,In4_Out3,Connection,stuck_on,stuck_on
22,68,0.5,1,In2_Out4,Connection,stuck_on,stuck_on
22,69,0.0,2,In0_Out2,Connection,stuck_on,stuck_on
22,70,0.5,1,In3_Out3,Connection,stuck_off,stuck_off
22,71,0.5,1,In3_Out1,Connection,stuck_on,stuck_on
22,72,0.5,1,N1,Neuron,dynamic,Idx_2
22,73,0.5,2,In1_Out0,Connection,stuck_off,stuck_off
22,74,0.5,2,In0_Out1,Connection,stuck_off,stuck_off
22,75,0.5,0,In0_Out1,Connection,stuck_off,stuck_off
22,76,0.5,2,In1_Out1,Connection,stuck_off,stuck_off
22,77,0.5,2,In3_Out1,Connection,stuck_on,stuck_on
22,78,0.5,0,In0_Out3,Connection,stuck_on,stuck_on
22,79,0.0,2,In1_Out2,Connection,stuck_on,stuck_on
22,80,0.5,1,In3_Out0,Connection,stuck_off,stuck_off
22,81,0.5,2,In0_Out0,Connection,stuck_off,stuck_off
22,82,1.0,1,In2_Out2,Connection,stuck_off,stuck_off
22,83,0.5,2,In1_Out0,Connection,stuck_off,stuck_off
22,84,0.5,2,In4_Out1,Connection,stuck_on,stuck_on
22,85,0.5,1,In1_Out1,Connection,stuck_off,stuck_off
22,86,0.5,0,In0_Out1,Connection,stuck_on,stuck_on
22,87,0.5,0,In0_Out4,Connection,stuck_on,stuck_on
22,88,0.5,1,In4_Out3,Connection,stuck_on,stuck_on
22,89,1.0,1,In1_Out4,Connection,stuck_off,stuck_off
22,90,1.0,0,N3,Neuron,static,0.0
22,91,0.5,2,In0_Out0,Connection,stuck_on,stuck_on
22,92,1.0,1,In0_Out4,Connection,stuck_on,stuck_on
22,93,0.5,2,In4_Out2,Connection,stuck_off,stuck_off
22,94,0.5,0,N1,Neuron,dynamic,Idx_2
22,95,0.5,1,In3_Out1,Connection,stuck_off,stuck_off
22,96,0.5,0,N1,Neuron,static,2.0
22,97,0.5,2,N1,Neuron,static,3.0
22,98,0.5,1,In3_Out1,Connection,stuck_off,stuck_off
22,99,0.5,2,In3_Out1,Connection,stuck_on,stuck_on
23,0,0.5,0,In0_Out0,Connection,stuck_on,stuck_on
23,1,0.5,1,In3_Out4,Connection,stuck_on,stuck_on
23,2,0.5,1,In3_Out3,Connection,stuck_on,stuck_on
23,3,0.5,1,In1_Out3,Connection,stuck_off,stuck_off
23,4,0.5,1,In0_Out3,Connection,stuck_off,stuck_off
23,5,0.5,1,N4,Neuron,dynamic,Idx_0
23,6,0.5,1,In2_Out4,Connection,stuck_on,stuck_on
23,7,0.5,1,In1_Out2,Connection,stuck_on,stuck_on
23,8,0.5,2,In0_Out1,Connection,stuck_on,stuck_on
23,9,1.0,0,N1,Neuron,static,2.0
23,10,0.5,0,N3,Neuron,static,2.0
23,11,0.5,0,In0_Out1,Connection,stuck_on,stuck_on
23,12,0.5,2,In3_Out1,Connection,stuck_on,stuck_on
23,13,0.5,1,In4_Out2,Connection,stuck_on,stuck_on
23,14,0.5,2,In3_Out1,Connection,stuck_off,stuck_off
23,15,0.5,1,In4_Out3,Connection,stuck_on,stuck_on
23,16,0.5,1,In3_Out1,Connection,stuck_on,stuck_on
23,17,0.5,2,In0_Out1,Connection,stuck_off,stuck_off
23,18,0.5,2,In1_Out2,Connection,stuck_on,stuck_on
23,19,0.5,1,In0_Out0,Connection,stuck_off,stuck_off
23,20,0.5,2,In1_Out2,Connection,stuck_off,stuck_off
23,21,0.5,1,In2_Out2,Connection,stuck_off,stuck_off
23,22,0.5,1,In2_Out2,Connection,stuck_off,stuck_off
23,23,0.5,2,In3_Out2,Connection,stuck_on,stuck_on
23,24,1.0,1,N1,Neuron,dynamic,Idx_2
23,25,0.5,0,N4,Neuron,dynamic,Idx_0
23,26,0.5,0,N0,Neuron,dynamic,Idx_2
23,27,0.5,1,In2_Out3,Connection,stuck_on,stuck_on
23,28,0.5,2,N0,Neuron,dynamic,Idx_0
23,29,0.5,0,In0_Out3,Connection,stuck_on,stuck_on
23,30,0.0,2,In4_Out1,Connection,stuck_on,stuck_on
23,31,0.5,2,N2,Neuron,dynamic,Idx_0
23,32,0.5,1,In3_Out1,Connection,stuck_on,stuck_on
23,33,0.5,2,N0,Neuron,dynamic,Idx_2
23,34,0.5,2,In0_Out1,Connection,stuck_on,stuck_on
23,35,0.5,0,In0_Out0,Connection,stuck_on,stuck_on
23,36,0.5,2,In4_Out1,Connection,stuck_off,stuck_off
23,37,1.0,2,In4_Out2,Connection,stuck_on,stuck_on
23,38,0.5,1,In1_Out3,Connection,stuck_on,stuck_on
23,39,0.5,2,In0_Out0,Connection,stuck_off,stuck_off
23,40,0.5,2,In3_Out0,Connection,stuck_off,stuck_off
23,41,0.5,2,In1_Out0,Connection,stuck_off,stuck_off
23,42,0.5,1,In1_Out0,Connection,stuck_off,stuck_off
23,43,0.5,0,In0_Out1,Connection,stuck_off,stuck_off
23,44,0.5,1,In3_Out4,Connection,stuck_off,stuck_off
23,45,0.5,1,In1_Out3,Connection,stuck_on,stuck_on
23,46,0.0,0,N0,Neuron,static,2.0
23,47,0.5,1,In1_Out1,Connection,stuck_on,stuck_on
23,48,0.5,2,In3_Out0,Connection,stuck_off,stuck_off
23,49,0.5,1,In4_Out1,Connection,stuck_off,stuck_off
23,50,0.5,0,N4,Neuron,static,0.0
23,51,0.5,0,N3,Neuron,dynamic,Idx_1
23,52,0.5,2,N2,Neuron,static,0.0
23,53,0.5,0,In0_Out2,Connection,stuck_off,stuck_off
23,54,0.5,1,In2_Out0,Connection,stuck_on,stuck_on
23,55,1.0,1,N3,Neuron,static,3.0
23,56,0.5,1,In0_Out3,Connection,stuck_off,stuck_off
23,57,0.5,1,N4,Neuron,dynamic,Idx_1
23,58,0.5,2,In1_Out2,Connection,stuck_off,stuck_off
23,59,0.5,1,In2_Out4,Connection,stuck_on,stuck_on
23,60,0.5,1,In1_Out0,Connection,stuck_on,stuck_on
23,61,0.5,1,In3_Out1,Connection,stuck_on,stuck_on
23,62,0.5,1,In1_Out1,Connection,stuck_off,stuck_off
23,63,0.5,1,N0,Neuron,dynamic,Idx_0
23,64,0.5,1,In0_Out0,Connection,stuck_off,stuck_off
23,65,0.5,0,In0_Out1,Connection,stuck_off,stuck_off
23,66,0.5,1,In3_Out4,Connection,stuck_on,stuck_on
23,67,0.5,0,N1,Neuron,dynamic,Idx_0
23,68,0.5,1,In2_Out1,Connection,stuck_on,stuck_on
23,69,0.5,0,N4,Neuron,dynamic,Idx_2
23,70,0.5,1,In4_Out4,Connection,stuck_on,stuck_on
23,71,0.5,2,In3_Out2,Connection,stuck_on,stuck_on
23,72,0.5,0,N4,Neuron,static,2.0
23,73,0.5,0,In0_Out0,Connection,stuck_off,stuck_off
23,74,0.5,2,N1,Neuron,dynamic,Idx_0
23,75,1.0,0,N3,Neuron,dynamic,Idx_2
23,76,0.5,1,In1_Out4,Connection,stuck_on,stuck_on
23,77,0.5,2,In1_Out1,Connection,stuck_off,stuck_off
23,78,0.5,2,In0_Out2,Connection,stuck_off,stuck_off
23,79,0.5,1,In4_Out3,Connection,stuck_on,stuck_on
23,80,0.5,1,In0_Out2,Connection,stuck_off,stuck_off
23,81,0.0,1,N3,Neuron,dynamic,Idx_1
23,82,0.5,1,In0_Out1,Connection,stuck_off,stuck_off
23,83,0.5,1,In4_Out1,Connection,stuck_off,stuck_off
23,84,0.5,1,In4_Out0,Connection,stuck_off,stuck_off
23,85,0.5,1,In0_Out0,Connection,stuck_off,stuck_off
23,86,0.5,2,In3_Out2,Connection,stuck_on,stuck_on
23,87,0.5,2,In2_Out0,Connection,stuck_off,stuck_off
23,88,0.5,1,N2,Neuron,static,2.0
23,89,0.5,1,N3,Neuron,dynamic,Idx_2
23,90,0.5,1,In3_Out3,Connection,stuck_off,stuck_off
23,91,0.5,1,In1_Out3,Connection,stuck_on,stuck_on
23,92,0.5,0,In0_Out3,Connection,stuck_on,stuck_on
23,93,0.5,1,In3_Out3,Connection,stuck_off,stuck_off
23,94,0.5,1,In1_Out3,Connection,stuck_off,stuck_off
23,95,0.5,2,In3_Out0,Connection,stuck_off,stuck_off
23,96,0.5,1,N4,Neuron,dynamic,Idx_0
23,97,0.5,1,In0_Out2,Connection,stuck_off,stuck_off
23,98,0.5,0,In0_Out1,Connection,stuck_on,stuck_on
23,99,0.5,2,In2_Out1,Connection,stuck_off,stuck_off
24,0,0.0,2,N2,Neuron,static,2.0
24,1,1.0,2,In1_Out0,Connection,stuck_on,stuck_on
24,2,0.0,0,N3,Neuron,static,2.0
24,3,0.0,2,In3_Out2,Connection,stuck_on,stuck_on
24,4,1.0,1,In2_Out2,Connection,stuck_off,stuck_off
24,5,0.0,2,In1_Out2,Connection,stuck_on,stuck_on
24,6,1.0,0,In0_Out4,Connection,stuck_off,stuck_off
24,7,1.0,0,N0,Neuron,static,0.0
24,8,1.0,1,In1_Out2,Connection,stuck_on,stuck_on
24,9,1.0,2,N0,Neuron,static,2.0
24,10,1.0,0,In0_Out1,Connection,stuck_on,stuck_on
24,11,1.0,1,In0_Out1,Connection,stuck_off,stuck_off
24,12,1.0,1,In1_Out2,Connection,stuck_off,stuck_off
24,13,1.0,0,In0_Out3,Connection,stuck_on,stuck_on
24,14,1.0,1,In1_Out4,Connection,stuck_on,stuck_on
24,15,1.0,1,In3_Out0,Connection,stuck_on,stuck_on
24,16,1.0,0,N2,Neuron,dynamic,Idx_1
24,17,1.0,1,N0,Neuron,dynamic,Idx_0
24,18,1.0,1,In3_Out3,Connection,stuck_off,stuck_off
24,19,1.0,1,In0_Out1,Connection,stuck_on,stuck_on
24,20,1.0,0,N3,Neuron,dynamic,Idx_2
24,21,0.0,2,In0_Out2,Connection,stuck_on,stuck_on
24,22,1.0,1,N2,Neuron,static,2.0
24,23,1.0,1,In2_Out1,Connection,stuck_on,stuck_on
24,24,1.0,2,In4_Out1,Connection,stuck_off,stuck_off
24,25,1.0,2,In0_Out0,Connection,stuck_off,stuck_off
24,26,0.0,2,In2_Out2,Connection,stuck_off,stuck_off
24,27,1.0,0,In0_Out0,Connection,stuck_off,stuck_off
24,28,1.0,1,In1_Out0,Connection,stuck_on,stuck_on
24,29,1.0,1,In1_Out3,Connection,stuck_off,stuck_off
24,30,1.0,2,N2,Neuron,static,0.0
24,31,1.0,0,In0_Out3,Connection,stuck_off,stuck_off
24,32,1.0,1,In0_Out2,Connection,stuck_off,stuck_off
24,33,1.0,2,In1_Out0,Connection,stuck_off,stuck_off
24,34,1.0,0,In0_Out1,Connection,stuck_off,stuck_off
24,35,1.0,1,In2_Out0,Connection,stuck_off,stuck_off
24,36,1.0,2,N0,Neuron,static,2.0
24,37,1.0,1,In4_Out3,Connection,stuck_on,stuck_on
24,38,1.0,2,In0_Out0,Connection,stuck_off,stuck_off
24,39,1.0,1,In2_Out4,Connection,stuck_on,stuck_on
24,40,1.0,0,N4,Neuron,dynamic,Idx_1
24,41,1.0,0,In0_Out1,Connection,stuck_on,stuck_on
24,42,1.0,2,In3_Out2,Connection,stuck_off,stuck_off
24,43,1.0,0,N0,Neuron,dynamic,Idx_2
24,44,1.0,1,In2_Out1,Connection,stuck_off,stuck_off
24,45,1.0,2,N0,Neuron,dynamic,Idx_2
24,46,1.0,1,In2_Out1,Connection,stuck_off,stuck_off
24,47,1.0,0,N3,Neuron,dynamic,Idx_2
24,48,1.0,2,In1_Out2,Connection,stuck_off,stuck_off
24,49,1.0,2,In1_Out0,Connection,stuck_on,stuck_on
24,50,1.0,1,In1_Out0,Connection,stuck_off,stuck_off
24,51,0.0,1,N2,Neuron,dynamic,Idx_0
24,52,1.0,1,In2_Out0,Connection,stuck_off,stuck_off
24,53,1.0,1,N0,Neuron,dynamic,Idx_0
24,54,1.0,0,In0_Out3,Connection,stuck_on,stuck_on
24,55,1.0,0,In0_Out3,Connection,stuck_off,stuck_off
24,56,1.0,1,In3_Out3,Connection,stuck_off,stuck_off
24,57,0.0,1,N0,Neuron,static,3.0
24,58,0.0,1,N2,Neuron,dynamic,Idx_1
24,59,1.0,1,In3_Out4,Connection,stuck_off,stuck_off
24,60,1.0,2,In2_Out2,Connection,stuck_on,stuck_on
24,61,1.0,2,In4_Out2,Connection,stuck_off,stuck_off
24,62,1.0,0,In0_Out4,Connection,stuck_off,stuck_off
24,63,0.5,2,In0_Out1,Connection,stuck_on,stuck_on
24,64,1.0,2,In0_Out1,Connection,stuck_off,stuck_off
24,65,1.0,2,In2_Out1,Connection,stuck_off,stuck_off
24,66,0.0,0,N0,Neuron,static,2.0
24,67,1.0,0,In0_Out0,Connection,stuck_off,stuck_off
24,68,1.0,0,In0_Out4,Connection,stuck_on,stuck_on
24,69,1.0,0,In0_Out3,Connection,stuck_on,stuck_on
24,70,1.0,1,In3_Out2,Connection,stuck_off,stuck_off
24,71,1.0,1,In0_Out3,Connection,stuck_on,stuck_on
24,72,1.0,0,In0_Out2,Connection,stuck_off,stuck_off
24,73,0.0,2,In0_Out2,Connection,stuck_on,stuck_on
24,74,1.0,1,In1_Out3,Connection,stuck_off,stuck_off
24,75,1.0,0,In0_Out3,Connection,stuck_on,stuck_on
24,76,1.0,1,In3_Out2,Connection,stuck_on,stuck_on
24,77,1.0,0,N0,Neuron,static,0.0
24,78,1.0,0,N3,Neuron,static,0.0
24,79,1.0,1,In2_Out4,Connection,stuck_off,stuck_off
24,80,1.0,1,In0_Out0,Connection,stuck_on,stuck_on
24,81,1.0,1,In2_Out2,Connection,stuck_off,stuck_off
24,82,1.0,1,In3_Out4,Connection,stuck_on,stuck_on
24,83,1.0,2,N2,Neuron,dynamic,Idx_0
24,84,1.0,2,In2_Out1,Connection,stuck_off,stuck_off
24,85,1.0,2,In1_Out0,Connection,stuck_off,stuck_off
24,86,1.0,1,In0_Out3,Connection,stuck_off,stuck_off
24,87,1.0,2,In3_Out2,Connection,stuck_off,stuck_off
24,88,1.0,1,In1_Out3,Connection,stuck_on,stuck_on
24,89,1.0,2,In2_Out1,Connection,stuck_off,stuck_off
24,90,1.0,1,In3_Out0,Connection,stuck_off,stuck_off
24,91,1.0,1,In1_Out4,Connection,stuck_off,stuck_off
24,92,1.0,0,N1,Neuron,dynamic,Idx_2
24,93,1.0,2,In1_Out1,Connection,stuck_off,stuck_off
24,94,1.0,1,In4_Out4,Connection,stuck_on,stuck_on
24,95,1.0,1,In4_Out4,Connection,stuck_on,stuck_on
24,96,1.0,1,In2_Out1,Connection,stuck_off,stuck_off
24,97,1.0,1,In1_Out4,Connection,stuck_on,stuck_on
24,98,1.0,1,N3,Neuron,dynamic,Idx_2
24,99,0.0,2,In1_Out2,Connection,stuck_on,stuck_on
25,0,0.5,2,In0_Out2,Connection,stuck_on,stuck_on
25,1,0.5,0,In0_Out4,Connection,stuck_on,stuck_on
25,2,0.5,2,In2_Out1,Connection,stuck_on,stuck_on
25,3,0.0,2,In3_Out2,Connection,stuck_off,stuck_off
25,4,0.5,1,In2_Out4,Connection,stuck_on,stuck_on
25,5,0.5,2,In4_Out2,Connection,stuck_on,stuck_on
25,6,0.0,1,N4,Neuron,static,0.0
25,7,0.5,1,In3_Out0,Connection,stuck_on,stuck_on
25,8,0.5,1,In3_Out0,Connection,stuck_on,stuck_on
25,9,0.5,1,In3_Out2,Connection,stuck_on,stuck_on
25,10,0.5,1,In2_Out2,Connection,stuck_on,stuck_on
25,11,0.5,1,In1_Out2,Connection,stuck_off,stuck_off
25,12,0.5,2,In0_Out1,Connection,stuck_off,stuck_off
25,13,0.5,2,In2_Out2,Connection,stuck_off,stuck_off
25,14,0.0,0,N0,Neuron,dynamic,Idx_1
25,15,0.0,2,In3_Out2,Connection,stuck_off,stuck_off
25,16,0.5,1,N0,Neuron,dynamic,Idx_1
25,17,0.5,2,In4_Out1,Connection,stuck_on,stuck_on
25,18,0.5,1,In0_Out2,Connection,stuck_off,stuck_off
25,19,0.0,0,N4,Neuron,dynamic,Idx_1
25,20,0.5,1,In2_Out1,Connection,stuck_on,stuck_on
25,21,0.5,2,In3_Out0,Connection,stuck_off,stuck_off
25,22,0.0,2,In0_Out2,Connection,stuck_off,stuck_off
25,23,0.5,1,In2_Out2,Connection,stuck_on,stuck_on
25,24,0.5,1,In2_Out1,Connection,stuck_on,stuck_on
25,25,0.5,1,In4_Out4,Connection,stuck_on,stuck_on
25,26,0.5,1,In2_Out2,Connection,stuck_on,stuck_on
25,27,0.5,1,In2_Out3,Connection,stuck_off,stuck_off
25,28,0.5,1,In0_Out4,Connection,stuck_on,stuck_on
25,29,0.5,2,In4_Out1,Connection,stuck_off,stuck_off
25,30,0.5,1,N3,Neuron,dynamic,Idx_1
25,31,0.5,2,N1,Neuron,static,0.0
25,32,0.5,2,In0_Out0,Connection,stuck_on,stuck_on
25,33,0.5,0,N2,Neuron,dynamic,Idx_1
25,34,1.0,1,In3_Out4,Connection,stuck_off,stuck_off
25,35,0.5,1,In2_Out1,Connection,stuck_on,stuck_on
25,36,0.5,1,In3_Out2,Connection,stuck_on,stuck_on
25,37,0.5,1,In2_Out0,Connection,stuck_on,stuck_on
25,38,0.5,1,N1,Neuron,dynamic,Idx_1
25,39,0.5,1,In4_Out4,Connection,stuck_on,stuck_on
25,40,0.5,2,In0_Out0,Connection,stuck_on,stuck_on
25,41,1.0,1,In3_Out4,Connection,stuck_off,stuck_off
25,42,0.5,1,In0_Out3,Connection,stuck_off,stuck_off
25,43,0.5,1,In3_Out0,Connection,stuck_off,stuck_off
25,44,0.5,2,In3_Out2,Connection,stuck_on,stuck_on
25,45,0.5,2,In3_Out2,Connection,stuck_on,stuck_on
25,46,0.5,1,In0_Out0,Connection,stuck_off,stuck_off
25,47,0.5,1,In0_Out3,Connection,stuck_off,stuck_off
25,48,1.0,2,In2_Out0,Connection,stuck_on,stuck_on
25,49,0.5,0,N2,Neuron,dynamic,Idx_0
25,50,0.5,1,In3_Out3,Connection,stuck_off,stuck_off
25,51,0.5,1,In4_Out1,Connection,stuck_off,stuck_off
25,52,0.5,1,In1_Out2,Connection,stuck_on,stuck_on
25,53,0.5,1,N2,Neuron,static,2.0
25,54,0.5,0,In0_Out1,Connection,stuck_off,stuck_off
25,55,0.5,0,In0_Out2,Connection,stuck_on,stuck_on
25,56,0.5,0,N1,Neuron,dynamic,Idx_0
25,57,0.5,2,In3_Out0,Connection,stuck_off,stuck_off
25,58,0.5,0,In0_Out4,Connection,stuck_off,stuck_off
25,59,0.5,0,In0_Out4,Connection,stuck_off,stuck_off
25,60,0.5,1,In1_Out3,Connection,stuck_off,stuck_off
25,61,0.5,1,In0_Out3,Connection,stuck_off,stuck_off
25,62,0.5,1,In1_Out0,Connection,stuck_on,stuck_on
25,63,0.5,0,N1,Neuron,dynamic,Idx_0
25,64,0.5,1,N3,Neuron,dynamic,Idx_0
25,65,0.5,1,In2_Out1,Connection,stuck_off,stuck_off
25,66,0.5,1,N0,Neuron,dynamic,Idx_1
25,67,0.5,2,In4_Out2,Connection,stuck_off,stuck_off
25,68,1.0,2,In3_Out0,Connection,stuck_on,stuck_on
25,69,1.0,0,N1,Neuron,static,0.0
25,70,0.0,2,In3_Out2,Connection,stuck_off,stuck_off
25,71,0.5,1,In2_Out3,Connection,stuck_off,stuck_off
25,72,0.5,1,In0_Out1,Connection,stuck_on,stuck_on
25,73,0.5,1,In4_Out3,Connection,stuck_on,stuck_on
25,74,0.5,0,N2,Neuron,static,2.0
25,75,0.5,1,In4_Out4,Connection,stuck_on,stuck_on
25,76,0.5,1,In3_Out2,Connection,stuck_on,stuck_on
25,77,0.5,1,N0,Neuron,dynamic,Idx_2
25,78,0.5,1,In0_Out2,Connection,stuck_off,stuck_off
25,79,0.5,2,N1,Neuron,static,0.0
25,80,0.5,1,In0_Out3,Connection,stuck_on,stuck_on
25,81,0.5,2,In0_Out2,Connection,stuck_on,stuck_on
25,82,0.5,2,In1_Out2,Connection,stuck_on,stuck_on
25,83,0.5,1,In4_Out1,Connection,stuck_off,stuck_off
25,84,0.5,2,In3_Out1,Connection,stuck_on,stuck_on
25,85,0.5,1,In3_Out2,Connection,stuck_on,stuck_on
25,86,0.5,1,In2_Out0,Connection,stuck_off,stuck_off
25,87,1.0,1,In3_Out4,Connection,stuck_off,stuck_off
25,88,0.5,2,In3_Out1,Connection,stuck_on,stuck_on
25,89,1.0,2,In1_Out1,Connection,stuck_on,stuck_on
25,90,1.0,1,N4,Neuron,dynamic,Idx_2
25,91,0.5,0,In0_Out1,Connection,stuck_off,stuck_off
25,92,0.5,0,N2,Neuron,static,3.0
25,93,0.5,1,In4_Out0,Connection,stuck_on,stuck_on
25,94,0.5,1,In4_Out1,Connection,stuck_on,stuck_on
25,95,0.5,1,In0_Out4,Connection,stuck_on,stuck_on
25,96,0.5,1,In1_Out0,Connection,stuck_on,stuck_on
25,97,0.0,2,In3_Out2,Connection,stuck_off,stuck_off
25,98,0.5,1,In3_Out2,Connection,stuck_off,stuck_off
25,99,0.5,1,In3_Out4,Connection,stuck_on,stuck_on
26,0,1.0,2,In0_Out1,Connection,stuck_on,stuck_on
26,1,0.5,1,In0_Out1,Connection,stuck_on,stuck_on
26,2,1.0,0,In0_Out2,Connection,stuck_on,stuck_on
26,3,0.5,2,In0_Out1,Connection,stuck_off,stuck_off
26,4,0.5,1,In2_Out1,Connection,stuck_on,stuck_on
26,5,0.5,1,In2_Out3,Connection,stuck_on,stuck_on
26,6,0.0,2,In2_Out2,Connection,stuck_off,stuck_off
26,7,1.0,1,In3_Out4,Connection,stuck_off,stuck_off
26,8,0.5,1,In0_Out1,Connection,stuck_off,stuck_off
26,9,0.5,0,In0_Out3,Connection,stuck_off,stuck_off
26,10,0.5,1,In0_Out0,Connection,stuck_on,stuck_on
26,11,0.5,2,In4_Out0,Connection,stuck_off,stuck_off
26,12,1.0,0,N4,Neuron,static,0.0
26,13,0.5,2,In2_Out1,Connection,stuck_off,stuck_off
26,14,0.5,2,In3_Out2,Connection,stuck_off,stuck_off
26,15,1.0,2,In0_Out1,Connection,stuck_on,stuck_on
26,16,0.5,1,In3_Out2,Connection,stuck_on,stuck_on
26,17,0.5,1,In1_Out2,Connection,stuck_off,stuck_off
26,18,0.5,0,In0_Out4,Connection,stuck_on,stuck_on
26,19,0.5,1,In2_Out1,Connection,stuck_off,stuck_off
26,20,1.0,2,In0_Out1,Connection,stuck_on,stuck_on
26,21,0.5,2,In4_Out1,Connection,stuck_on,stuck_on
26,22,0.5,1,In4_Out0,Connection,stuck_on,stuck_on
26,23,0.5,1,In0_Out0,Connection,stuck_on,stuck_on
26,24,0.5,1,In2_Out4,Connection,stuck_off,stuck_off
26,25,0.5,0,In0_Out4,Connection,stuck_on,stuck_on
26,26,0.5,2,In3_Out2,Connection,stuck_off,stuck_off
26,27,0.5,0,In0_Out0,Connection,stuck_off,stuck_off
26,28,0.5,2,In3_Out1,Connection,stuck_off,stuck_off
26,29,0.0,0,N4,Neuron,static,3.0
26,30,0.5,2,In2_Out0,Connection,stuck_on,stuck_on
26,31,0.5,2,In2_Out1,Connection,stuck_on,stuck_on
26,32,0.5,1,N2,Neuron,static,3.0
26,33,0.5,1,N0,Neuron,dynamic,Idx_0
26,34,0.5,2,In3_Out0,Connection,stuck_off,stuck_off
26,35,1.0,0,N2,Neuron,dynamic,Idx_1
26,36,0.5,1,In0_Out1,Connection,stuck_off,stuck_off
26,37,0.0,2,In2_Out2,Connection,stuck_off,stuck_off
26,38,1.0,2,In1_Out1,Connection,stuck_on,stuck_on
26,39,0.5,1,In4_Out0,Connection,stuck_off,stuck_off
26,40,0.5,1,In0_Out1,Connection,stuck_off,stuck_off
26,41,0.0,1,N2,Neuron,dynamic,Idx_2
26,42,0.5,2,In4_Out1,Connection,stuck_off,stuck_off
26,43,0.0,1,N2,Neuron,dynamic,Idx_2
26,44,0.5,2,In2_Out1,Connection,stuck_on,stuck_on
26,45,0.5,2,In0_Out2,Connection,stuck_off,stuck_off
26,46,0.0,2,N2,Neuron,static,3.0
26,47,0.5,1,In3_Out2,Connection,stuck_off,stuck_off
26,48,0.5,2,In1_Out2,Connection,stuck_off,stuck_off
26,49,0.0,1,N2,Neuron,dynamic,Idx_1
26,50,0.5,1,N0,Neuron,dynamic,Idx_1
26,51,0.5,1,In3_Out4,Connection,stuck_on,stuck_on
26,52,1.0,1,In0_Out4,Connection,stuck_off,stuck_off
26,53,0.0,0,N4,Neuron,static,3.0
26,54,0.5,1,In4_Out4,Connection,stuck_on,stuck_on
26,55,0.5,1,In0_Out2,Connection,stuck_off,stuck_off
26,56,0.5,1,In3_Out0,Connection,stuck_on,stuck_on
26,57,0.5,1,N3,Neuron,static,0.0
26,58,0.5,1,In0_Out1,Connection,stuck_off,stuck_off
26,59,0.5,0,In0_Out0,Connection,stuck_off,stuck_off
26,60,0.5,1,N0,Neuron,dynamic,Idx_0
26,61,0.5,1,In4_Out2,Connection,stuck_on,stuck_on
26,62,0.5,2,In4_Out1,Connection,stuck_off,stuck_off
26,63,1.0,1,In3_Out4,Connection,stuck_off,stuck_off
26,64,0.5,2,N0,Neuron,dynamic,Idx_1
26,65,0.5,2,In3_Out2,Connection,stuck_off,stuck_off
26,66,0.5,1,In3_Out1,Connection,stuck_on,stuck_on
26,67,0.5,1,N2,Neuron,static,3.0
26,68,1.0,0,N4,Neuron,dynamic,Idx_0
26,69,0.5,1,In1_Out3,Connection,stuck_off,stuck_off
26,70,0.5,0,In0_Out1,Connection,stuck_off,stuck_off
26,71,0.5,2,In2_Out0,Connection,stuck_off,stuck_off
26,72,0.5,2,In3_Out0,Connection,stuck_on,stuck_on
26,73,0.5,1,In1_Out1,Connection,stuck_on,stuck_on
26,74,0.5,0,In0_Out3,Connection,stuck_on,stuck_on
26,75,0.5,1,In1_Out0,Connection,stuck_off,stuck_off
26,76,0.5,1,In1_Out0,Connection,stuck_on,stuck_on
26,77,0.5,1,In1_Out2,Connection,stuck_off,stuck_off
26,78,0.0,0,N4,Neuron,static,2.0
26,79,0.5,0,N2,Neuron,static,0.0
26,80,0.5,1,In0_Out2,Connection,stuck_on,stuck_on
26,81,0.5,1,In3_Out2,Connection,stuck_off,stuck_off
26,82,0.5,1,In0_Out1,Connection,stuck_off,stuck_off
26,83,0.5,1,In3_Out2,Connection,stuck_on,stuck_on
26,84,1.0,0,N1,Neuron,dynamic,Idx_0
26,85,0.5,1,N1,Neuron,dynamic,Idx_1
26,86,0.5,1,In2_Out4,Connection,stuck_off,stuck_off
26,87,0.5,2,In2_Out2,Connection,stuck_on,stuck_on
26,88,1.0,1,In0_Out4,Connection,stuck_on,stuck_on
26,89,0.0,0,N4,Neuron,static,3.0
26,90,0.5,1,In4_Out2,Connection,stuck_off,stuck_off
26,91,0.5,1,In1_Out1,Connection,stuck_on,stuck_on
26,92,1.0,1,In1_Out4,Connection,stuck_off,stuck_off
26,93,1.0,2,In1_Out1,Connection,stuck_on,stuck_on
26,94,0.5,2,In1_Out0,Connection,stuck_off,stuck_off
26,95,0.0,1,N1,Neuron,static,2.0
26,96,0.5,2,In2_Out1,Connection,stuck_on,stuck_on
26,97,0.5,2,N1,Neuron,dynamic,Idx_0
26,98,0.5,0,In0_Out4,Connection,stuck_off,stuck_off
26,99,0.0,1,N1,Neuron,static,2.0
27,0,0.5,1,In2_Out4,Connection,stuck_on,stuck_on
27,1,1.0,2,In4_Out0,Connection,stuck_on,stuck_on
27,2,1.0,1,In4_Out0,Connection,stuck_off,stuck_off
27,3,0.5,2,In3_Out0,Connection,stuck_on,stuck_on
27,4,1.0,0,In0_Out1,Connection,stuck_on,stuck_on
27,5,1.0,1,In3_Out0,Connection,stuck_on,stuck_on
27,6,1.0,0,In0_Out4,Connection,stuck_on,stuck_on
27,7,1.0,0,In0_Out2,Connection,stuck_on,stuck_on
27,8,1.0,1,In2_Out1,Connection,stuck_off,stuck_off
27,9,1.0,0,In0_Out2,Connection,stuck_off,stuck_off
27,10,1.0,1,In4_Out0,Connection,stuck_on,stuck_on
27,11,1.0,1,In1_Out2,Connection,stuck_off,stuck_off
27,12,0.5,2,In3_Out2,Connection,stuck_on,stuck_on
27,13,1.0,1,In2_Out0,Connection,stuck_on,stuck_on
27,14,1.0,1,In2_Out4,Connection,stuck_off,stuck_off
27,15,1.0,1,In0_Out0,Connection,stuck_off,stuck_off
27,16,1.0,1,In1_Out1,Connection,stuck_on,stuck_on
27,17,0.5,2,N0,Neuron,dynamic,Idx_2
27,18,1.0,0,In0_Out2,Connection,stuck_on,stuck_on
27,19,0.5,2,In1_Out2,Connection,stuck_off,stuck_off
27,20,1.0,1,In2_Out2,Connection,stuck_off,stuck_off
27,21,0.5,2,In1_Out2,Connection,stuck_on,stuck_on
27,22,1.0,1,In0_Out1,Connection,stuck_on,stuck_on
27,23,1.0,1,In0_Out1,Connection,stuck_on,stuck_on
27,24,1.0,1,In4_Out1,Connection,stuck_on,stuck_on
27,25,1.0,2,N1,Neuron,static,0.0
27,26,1.0,1,In2_Out2,Connection,stuck_off,stuck_off
27,27,1.0,1,In3_Out0,Connection,stuck_off,stuck_off
27,28,0.5,1,In4_Out4,Connection,stuck_on,stuck_on
27,29,0.5,2,In0_Out2,Connection,stuck_off,stuck_off
27,30,1.0,1,In1_Out0,Connection,stuck_on,stuck_on
27,31,1.0,1,In1_Out1,Connection,stuck_off,stuck_off
27,32,0.5,0,N2,Neuron,static,0.0
27,33,0.5,1,N4,Neuron,dynamic,Idx_1
27,34,1.0,1,In0_Out2,Connection,stuck_on,stuck_on
27,35,1.0,1,In3_Out2,Connection,stuck_on,stuck_on
27,36,1.0,2,In0_Out1,Connection,stuck_on,stuck_on
27,37,1.0,1,In3_Out4,Connection,stuck_off,stuck_off
27,38,0.5,0,N4,Neuron,dynamic,Idx_1
27,39,0.0,1,N3,Neuron,dynamic,Idx_1
27,40,1.0,0,N1,Neuron,static,2.0
27,41,0.5,1,N4,Neuron,static,0.0
27,42,1.0,0,In0_Out3,Connection,stuck_on,stuck_on
27,43,1.0,2,In2_Out2,Connection,stuck_on,stuck_on
27,44,1.0,2,In4_Out1,Connection,stuck_off,stuck_off
27,45,1.0,1,In0_Out1,Connection,stuck_off,stuck_off
27,46,0.5,2,In2_Out0,Connection,stuck_on,stuck_on
27,47,1.0,1,In4_Out1,Connection,stuck_off,stuck_off
27,48,1.0,0,In0_Out1,Connection,stuck_off,stuck_off
27,49,0.5,0,N0,Neuron,dynamic,Idx_2
27,50,1.0,1,In2_Out3,Connection,stuck_off,stuck_off
27,51,1.0,1,In1_Out2,Connection,stuck_on,stuck_on
27,52,1.0,1,In1_Out3,Connection,stuck_on,stuck_on
27,53,0.5,1,N4,Neuron,dynamic,Idx_1
27,54,1.0,2,In0_Out0,Connection,stuck_off,stuck_off
27,55,1.0,0,N1,Neuron,static,2.0
27,56,0.5,1,N2,Neuron,static,0.0
27,57,1.0,1,N1,Neuron,dynamic,Idx_0
27,58,1.0,1,N1,Neuron,static,2.0
27,59,1.0,1,In1_Out2,Connection,stuck_on,stuck_on
27,60,1.0,1,In3_Out4,Connection,stuck_off,stuck_off
27,61,1.0,2,In2_Out1,Connection,stuck_on,stuck_on
27,62,1.0,0,In0_Out1,Connection,stuck_off,stuck_off
27,63,1.0,0,N2,Neuron,dynamic,Idx_2
27,64,1.0,1,In0_Out0,Connection,stuck_off,stuck_off
27,65,1.0,0,In0_Out1,Connection,stuck_on,stuck_on
27,66,1.0,2,In1_Out1,Connection,stuck_on,stuck_on
27,67,1.0,1,In0_Out1,Connection,stuck_off,stuck_off
27,68,1.0,2,In0_Out0,Connection,stuck_off,stuck_off
27,69,0.5,2,N2,Neuron,dynamic,Idx_2
27,70,1.0,1,In2_Out2,Connection,stuck_on,stuck_on
27,71,1.0,1,In0_Out3,Connection,stuck_off,stuck_off
27,72,1.0,1,In2_Out3,Connection,stuck_on,stuck_on
27,73,1.0,1,In2_Out0,Connection,stuck_on,stuck_on
27,74,1.0,1,In1_Out4,Connection,stuck_on,stuck_on
27,75,1.0,1,In0_Out0,Connection,stuck_off,stuck_off
27,76,0.5,0,N4,Neuron,static,3.0
27,77,0.5,1,In4_Out4,Connection,stuck_on,stuck_on
27,78,0.5,2,N2,Neuron,dynamic,Idx_0
27,79,0.5,2,N2,Neuron,static,0.0
27,80,1.0,2,In0_Out1,Connection,stuck_on,stuck_on
27,81,1.0,1,In3_Out3,Connection,stuck_off,stuck_off
27,82,1.0,2,In3_Out1,Connection,stuck_off,stuck_off
27,83,1.0,2,In3_Out1,Connection,stuck_off,stuck_off
27,84,1.0,1,In2_Out2,Connection,stuck_off,stuck_off
27,85,1.0,1,In3_Out4,Connection,stuck_off,stuck_off
27,86,1.0,1,In3_Out2,Connection,stuck_off,stuck_off
27,87,1.0,1,In1_Out1,Connection,stuck_off,stuck_off
27,88,0.0,2,N1,Neuron,dynamic,Idx_2
27,89,1.0,1,In2_Out1,Connection,stuck_off,stuck_off
27,90,1.0,0,In0_Out2,Connection,stuck_on,stuck_on
27,91,0.5,2,In0_Out0,Connection,stuck_on,stuck_on
27,92,1.0,2,In0_Out0,Connection,stuck_off,stuck_off
27,93,1.0,1,In3_Out0,Connection,stuck_on,stuck_on
27,94,0.5,2,N0,Neuron,static,3.0
27,95,1.0,1,In0_Out4,Connection,stuck_on,stuck_on
27,96,1.0,1,N0,Neuron,dynamic,Idx_2
27,97,0.0,1,N3,Neuron,dynamic,Idx_0
27,98,0.5,2,In2_Out0,Connection,stuck_on,stuck_on
27,99,1.0,1,In4_Out4,Connection,stuck_off,stuck_off
28,0,0.5,2,In4_Out0,Connection,stuck_off,stuck_off
28,1,1.0,1,In4_Out1,Connection,stuck_on,stuck_on
28,2,1.0,1,In1_Out1,Connection,stuck_on,stuck_on
28,3,1.0,1,In2_Out0,Connection,stuck_on,stuck_on
28,4,0.5,2,In4_Out0,Connection,stuck_off,stuck_off
28,5,1.0,2,N1,Neuron,static,0.0
28,6,1.0,0,In0_Out4,Connection,stuck_off,stuck_off
28,7,1.0,1,In2_Out1,Connection,stuck_on,stuck_on
28,8,1.0,1,In1_Out4,Connection,stuck_off,stuck_off
28,9,1.0,0,In0_Out4,Connection,stuck_on,stuck_on
28,10,1.0,2,In0_Out1,Connection,stuck_off,stuck_off
28,11,1.0,2,In1_Out1,Connection,stuck_on,stuck_on
28,12,1.0,2,In3_Out1,Connection,stuck_on,stuck_on
28,13,1.0,1,In0_Out2,Connection,stuck_on,stuck_on
28,14,0.5,0,In0_Out0,Connection,stuck_off,stuck_off
28,15,1.0,1,N3,Neuron,static,2.0
28,16,1.0,0,In0_Out4,Connection,stuck_off,stuck_off
28,17,1.0,1,In3_Out3,Connection,stuck_on,stuck_on
28,18,1.0,1,In1_Out0,Connection,stuck_on,stuck_on
28,19,1.0,2,In4_Out1,Connection,stuck_off,stuck_off
28,20,1.0,2,In1_Out1,Connection,stuck_on,stuck_on
28,21,1.0,2,In3_Out0,Connection,stuck_off,stuck_off
28,22,1.0,2,In2_Out0,Connection,stuck_off,stuck_off
28,23,0.5,2,In4_Out0,Connection,stuck_off,stuck_off
28,24,1.0,1,In1_Out0,Connection,stuck_on,stuck_on
28,25,1.0,1,In1_Out0,Connection,stuck_on,stuck_on
28,26,0.0,1,N2,Neuron,static,3.0
28,27,1.0,1,In0_Out1,Connection,stuck_off,stuck_off
28,28,0.5,1,N4,Neuron,dynamic,Idx_1
28,29,0.0,1,N3,Neuron,dynamic,Idx_1
28,30,0.5,2,N2,Neuron,static,3.0
28,31,1.0,1,In3_Out3,Connection,stuck_off,stuck_off
28,32,0.5,2,In3_Out2,Connection,stuck_off,stuck_off
28,33,1.0,1,In1_Out1,Connection,stuck_off,stuck_off
28,34,0.5,2,In1_Out2,Connection,stuck_on,stuck_on
28,35,1.0,2,In4_Out2,Connection,stuck_off,stuck_off
28,36,1.0,1,In0_Out4,Connection,stuck_on,stuck_on
28,37,1.0,1,In3_Out4,Connection,stuck_on,stuck_on
28,38,1.0,1,In3_Out3,Connection,stuck_off,stuck_off
28,39,1.0,0,In0_Out1,Connection,stuck_off,stuck_off
28,40,1.0,1,In1_Out1,Connection,stuck_off,stuck_off
28,41,1.0,1,In2_Out3,Connection,stuck_off,stuck_off
28,42,1.0,1,In0_Out3,Connection,stuck_on,stuck_on
28,43,0.5,1,N2,Neuron,static,2.0
28,44,1.0,1,In0_Out0,Connection,stuck_off,stuck_off
28,45,1.0,1,In1_Out2,Connection,stuck_off,stuck_off
28,46,1.0,1,In4_Out1,Connection,stuck_on,stuck_on
28,47,1.0,1,In1_Out4,Connection,stuck_off,stuck_off
28,48,0.5,2,In2_Out2,Connection,stuck_off,stuck_off
28,49,0.5,0,N2,Neuron,static,0.0
28,50,1.0,1,In0_Out4,Connection,stuck_on,stuck_on
28,51,1.0,1,N3,Neuron,static,2.0
28,52,0.5,1,N2,Neuron,static,2.0
28,53,1.0,2,In2_Out1,Connection,stuck_on,stuck_on
28,54,1.0,1,In1_Out2,Connection,stuck_off,stuck_off
28,55,0.0,2,N1,Neuron,static,3.0
28,56,1.0,1,In4_Out0,Connection,stuck_off,stuck_off
28,57,1.0,1,N1,Neuron,static,3.0
28,58,1.0,1,In4_Out2,Connection,stuck_on,stuck_on
28,59,1.0,2,In1_Out1,Connection,stuck_on,stuck_on
28,60,0.5,2,N0,Neuron,dynamic,Idx_1
28,61,1.0,0,In0_Out3,Connection,stuck_on,stuck_on
28,62,1.0,2,In0_Out1,Connection,stuck_off,stuck_off
28,63,1.0,1,In1_Out3,Connection,stuck_off,stuck_off
28,64,0.5,2,In3_Out2,Connection,stuck_off,stuck_off
28,65,1.0,1,In1_Out3,Connection,stuck_off,stuck_off
28,66,1.0,1,In3_Out0,Connection,stuck_on,stuck_on
28,67,1.0,2,In1_Out0,Connection,stuck_on,stuck_on
28,68,0.0,1,N3,Neuron,dynamic,Idx_1
28,69,1.0,1,In4_Out0,Connection,stuck_on,stuck_on
28,70,1.0,1,In0_Out2,Connection,stuck_off,stuck_off
28,71,0.0,0,N0,Neuron,static,3.0
28,72,0.5,0,In0_Out0,Connection,stuck_off,stuck_off
28,73,1.0,1,In1_Out1,Connection,stuck_on,stuck_on
28,74,1.0,1,In3_Out2,Connection,stuck_off,stuck_off
28,75,1.0,1,In2_Out2,Connection,stuck_on,stuck_on
28,76,1.0,0,In0_Out4,Connection,stuck_on,stuck_on
28,77,1.0,1,In3_Out2,Connection,stuck_on,stuck_on
28,78,1.0,2,In2_Out1,Connection,stuck_on,stuck_on
28,79,1.0,1,In3_Out1,Connection,stuck_on,stuck_on
28,80,1.0,1,In2_Out2,Connection,stuck_off,stuck_off
28,81,1.0,1,In1_Out3,Connection,stuck_on,stuck_on
28,82,0.5,2,In3_Out0,Connection,stuck_on,stuck_on
28,83,0.5,1,N4,Neuron,dynamic,Idx_1
28,84,1.0,1,In4_Out2,Connection,stuck_off,stuck_off
28,85,1.0,1,N1,Neuron,static,0.0
28,86,0.5,0,N2,Neuron,static,2.0
28,87,0.5,2,N0,Neuron,dynamic,Idx_2
28,88,0.5,2,In2_Out2,Connection,stuck_off,stuck_off
28,89,1.0,1,In3_Out4,Connection,stuck_on,stuck_on
28,90,0.5,2,In3_Out2,Connection,stuck_on,stuck_on
28,91,0.5,0,N4,Neuron,dynamic,Idx_2
28,92,0.0,0,N0,Neuron,static,3.0
28,93,1.0,1,N1,Neuron,dynamic,Idx_0
28,94,0.0,2,In4_Out1,Connection,stuck_on,stuck_on
28,95,1.0,2,In1_Out0,Connection,stuck_off,stuck_off
28,96,1.0,0,In0_Out2,Connection,stuck_off,stuck_off
28,97,0.0,1,N4,Neuron,static,2.0
28,98,0.5,2,In2_Out0,Connection,stuck_on,stuck_on
28,99,1.0,1,In1_Out4,Connection,stuck_on,stuck_on
29,0,1.0,1,In3_Out2,Connection,stuck_on,stuck_on
29,1,0.5,1,In4_Out4,Connection,stuck_on,stuck_on
29,2,1.0,2,In1_Out1,Connection,stuck_on,stuck_on
29,3,0.0,2,N0,Neuron,static,2.0
29,4,0.5,2,In0_Out0,Connection,stuck_on,stuck_on
29,5,0.5,2,In3_Out1,Connection,stuck_on,stuck_on
29,6,1.0,1,In3_Out2,Connection,stuck_off,stuck_off
29,7,0.5,2,In4_Out1,Connection,stuck_on,stuck_on
29,8,1.0,1,In2_Out2,Connection,stuck_off,stuck_off
29,9,1.0,1,In3_Out1,Connection,stuck_off,stuck_off
29,10,0.5,2,In3_Out2,Connection,stuck_on,stuck_on
29,11,1.0,0,In0_Out4,Connection,stuck_off,stuck_off
29,12,1.0,1,N0,Neuron,dynamic,Idx_1
29,13,0.0,2,N0,Neuron,static,2.0
29,14,1.0,2,In1_Out1,Connection,stuck_off,stuck_off
29,15,1.0,1,In4_Out3,Connection,stuck_on,stuck_on
29,16,1.0,2,In4_Out2,Connection,stuck_on,stuck_on
29,17,0.5,2,In2_Out1,Connection,stuck_on,stuck_on
29,18,1.0,1,In0_Out4,Connection,stuck_on,stuck_on
29,19,0.5,0,N3,Neuron,static,2.0
29,20,0.5,0,N0,Neuron,dynamic,Idx_1
29,21,1.0,2,In2_Out2,Connection,stuck_on,stuck_on
29,22,0.5,2,In1_Out0,Connection,stuck_on,stuck_on
29,23,0.5,1,N3,Neuron,dynamic,Idx_2
29,24,1.0,1,N3,Neuron,dynamic,Idx_0
29,25,1.0,0,In0_Out0,Connection,stuck_on,stuck_on
29,26,1.0,1,In2_Out0,Connection,stuck_off,stuck_off
29,27,0.5,2,In0_Out2,Connection,stuck_off,stuck_off
29,28,1.0,1,N3,Neuron,dynamic,Idx_0
29,29,1.0,1,In1_Out0,Connection,stuck_off,stuck_off
29,30,0.5,2,N1,Neuron,static,2.0
29,31,1.0,2,In2_Out1,Connection,stuck_off,stuck_off
29,32,1.0,1,In2_Out2,Connection,stuck_off,stuck_off
29,33,1.0,1,In1_Out0,Connection,stuck_off,stuck_off
29,34,1.0,1,In1_Out4,Connection,stuck_off,stuck_off
29,35,0.5,2,In2_Out1,Connection,stuck_on,stuck_on
29,36,0.5,1,In3_Out4,Connection,stuck_on,stuck_on
29,37,1.0,1,In1_Out1,Connection,stuck_off,stuck_off
29,38,0.5,0,N2,Neuron,static,2.0
29,39,1.0,1,In3_Out2,Connection,stuck_off,stuck_off
29,40,1.0,1,In4_Out4,Connection,stuck_off,stuck_off
29,41,1.0,1,In1_Out1,Connection,stuck_on,stuck_on
29,42,1.0,1,In4_Out0,Connection,stuck_on,stuck_on
29,43,1.0,1,In4_Out4,Connection,stuck_off,stuck_off
29,44,1.0,1,In2_Out3,Connection,stuck_off,stuck_off
29,45,1.0,2,In0_Out1,Connection,stuck_off,stuck_off
29,46,1.0,1,In1_Out3,Connection,stuck_off,stuck_off
29,47,1.0,1,In0_Out2,Connection,stuck_off,stuck_off
29,48,0.5,2,N2,Neuron,dynamic,Idx_0
29,49,1.0,1,In2_Out2,Connection,stuck_on,stuck_on
29,50,1.0,1,In2_Out2,Connection,stuck_off,stuck_off
29,51,1.0,1,N1,Neuron,dynamic,Idx_1
29,52,1.0,2,In2_Out1,Connection,stuck_off,stuck_off
29,53,0.5,2,N1,Neuron,dynamic,Idx_2
29,54,0.5,0,In0_Out0,Connection,stuck_off,stuck_off
29,55,0.5,0,N2,Neuron,static,3.0
29,56,0.5,2,In0_Out0,Connection,stuck_on,stuck_on
29,57,1.0,2,In1_Out1,Connection,stuck_on,stuck_on
29,58,1.0,1,In2_Out1,Connection,stuck_on,stuck_on
29,59,0.5,1,In3_Out4,Connection,stuck_on,stuck_on
29,60,1.0,1,In0_Out3,Connection,stuck_off,stuck_off
29,61,1.0,2,In2_Out2,Connection,stuck_on,stuck_on
29,62,0.5,2,N1,Neuron,dynamic,Idx_2
29,63,1.0,1,N1,Neuron,dynamic,Idx_0
29,64,1.0,2,In3_Out0,Connection,stuck_off,stuck_off
29,65,0.5,2,N1,Neuron,static,3.0
29,66,1.0,2,In4_Out0,Connection,stuck_on,stuck_on
29,67,1.0,1,In4_Out2,Connection,stuck_off,stuck_off
29,68,1.0,2,In2_Out0,Connection,stuck_on,stuck_on
29,69,1.0,1,N0,Neuron,static,0.0
29,70,1.0,0,N1,Neuron,dynamic,Idx_2
29,71,1.0,0,In0_Out4,Connection,stuck_off,stuck_off
29,72,0.5,0,N3,Neuron,static,2.0
29,73,1.0,2,In3_Out0,Connection,stuck_off,stuck_off
29,74,0.5,2,In0_Out0,Connection,stuck_on,stuck_on
29,75,1.0,0,In0_Out4,Connection,stuck_off,stuck_off
29,76,0.5,0,N0,Neuron,dynamic,Idx_2
29,77,0.5,1,N3,Neuron,dynamic,Idx_2
29,78,1.0,2,In4_Out2,Connection,stuck_off,stuck_off
29,79,1.0,1,In1_Out2,Connection,stuck_off,stuck_off
29,80,1.0,1,In0_Out4,Connection,stuck_on,stuck_on
29,81,0.5,0,N4,Neuron,dynamic,Idx_1
29,82,0.5,0,N4,Neuron,static,0.0
29,83,0.5,1,In4_Out4,Connection,stuck_on,stuck_on
29,84,1.0,1,In3_Out4,Connection,stuck_off,stuck_off
29,85,1.0,1,N1,Neuron,dynamic,Idx_1
29,86,0.5,2,In1_Out0,Connection,stuck_on,stuck_on
29,87,0.5,2,In4_Out1,Connection,stuck_on,stuck_on
29,88,1.0,1,In4_Out3,Connection,stuck_on,stuck_on
29,89,0.5,1,N2,Neuron,static,3.0
29,90,1.0,1,In4_Out0,Connection,stuck_off,stuck_off
29,91,1.0,1,In1_Out3,Connection,stuck_off,stuck_off
29,92,0.5,2,In0_Out2,Connection,stuck_on,stuck_on
29,93,1.0,0,In0_Out0,Connection,stuck_on,stuck_on
29,94,1.0,2,In3_Out0,Connection,stuck_off,stuck_off
29,95,0.5,2,In4_Out1,Connection,stuck_on,stuck_on
29,96,1.0,1,In4_Out1,Connection,stuck_on,stuck_on
29,97,1.0,2,In0_Out1,Connection,stuck_on,stuck_on
29,98,1.0,2,In1_Out0,Connection,stuck_off,stuck_off
29,99,0.5,0,N3,Neuron,static,2.0
30,0,1.0,2,In0_Out2,Connection,stuck_off,stuck_off
30,1,1.0,0,N1,Neuron,dynamic,Idx_0
30,2,1.0,1,In0_Out1,Connection,stuck_off,stuck_off
30,3,0.5,1,In4_Out4,Connection,stuck_on,stuck_on
30,4,1.0,1,N1,Neuron,dynamic,Idx_2
30,5,1.0,2,In2_Out2,Connection,stuck_on,stuck_on
30,6,1.0,1,In3_Out3,Connection,stuck_on,stuck_on
30,7,1.0,1,In0_Out2,Connection,stuck_on,stuck_on
30,8,1.0,0,N3,Neuron,dynamic,Idx_2
30,9,1.0,2,In4_Out2,Connection,stuck_on,stuck_on
30,10,1.0,0,N1,Neuron,static,0.0
30,11,0.5,1,In4_Out4,Connection,stuck_on,stuck_on
30,12,0.5,2,In0_Out0,Connection,stuck_on,stuck_on
30,13,1.0,1,In3_Out2,Connection,stuck_on,stuck_on
30,14,0.5,2,In4_Out1,Connection,stuck_off,stuck_off
30,15,1.0,1,In2_Out1,Connection,stuck_off,stuck_off
30,16,1.0,1,In3_Out2,Connection,stuck_on,stuck_on
30,17,1.0,1,In1_Out3,Connection,stuck_on,stuck_on
30,18,0.5,2,In2_Out0,Connection,stuck_off,stuck_off
30,19,0.5,1,N3,Neuron,static,0.0
30,20,1.0,2,In4_Out2,Connection,stuck_on,stuck_on
30,21,1.0,1,In1_Out0,Connection,stuck_on,stuck_on
30,22,1.0,1,In1_Out3,Connection,stuck_off,stuck_off
30,23,0.5,1,In4_Out4,Connection,stuck_on,stuck_on
30,24,1.0,0,In0_Out2,Connection,stuck_off,stuck_off
30,25,1.0,1,In2_Out1,Connection,stuck_on,stuck_on
30,26,1.0,1,In0_Out3,Connection,stuck_on,stuck_on
30,27,1.0,1,In0_Out0,Connection,stuck_off,stuck_off
30,28,1.0,1,N1,Neuron,dynamic,Idx_2
30,29,1.0,1,In4_Out3,Connection,stuck_on,stuck_on
30,30,0.5,0,N0,Neuron,dynamic,Idx_0
30,31,0.5,1,In3_Out4,Connection,stuck_on,stuck_on
30,32,1.0,0,In0_Out3,Connection,stuck_off,stuck_off
30,33,1.0,2,In3_Out1,Connection,stuck_on,stuck_on
30,34,0.5,1,In4_Out4,Connection,stuck_on,stuck_on
30,35,1.0,1,In2_Out2,Connection,stuck_off,stuck_off
30,36,0.5,0,N0,Neuron,dynamic,Idx_1
30,37,0.5,2,In0_Out0,Connection,stuck_on,stuck_on
30,38,1.0,0,In0_Out3,Connection,stuck_on,stuck_on
30,39,0.5,1,In3_Out4,Connection,stuck_on,stuck_on
30,40,1.0,1,In1_Out0,Connection,stuck_on,stuck_on
30,41,1.0,1,N1,Neuron,dynamic,Idx_0
30,42,1.0,0,N1,Neuron,static,2.0
30,43,1.0,1,In1_Out3,Connection,stuck_on,stuck_on
30,44,1.0,2,In0_Out1,Connection,stuck_off,stuck_off
30,45,1.0,1,In0_Out1,Connection,stuck_off,stuck_off
30,46,1.0,0,N2,Neuron,dynamic,Idx_0
30,47,1.0,2,In3_Out1,Connection,stuck_on,stuck_on
30,48,0.5,0,In0_Out0,Connection,stuck_off,stuck_off
30,49,1.0,1,N1,Neuron,static,2.0
30,50,1.0,1,In2_Out3,Connection,stuck_on,stuck_on
30,51,1.0,1,In1_Out1,Connection,stuck_on,stuck_on
30,52,0.5,2,N0,Neuron,dynamic,Idx_1
30,53,1.0,1,In0_Out0,Connection,stuck_off,stuck_off
30,54,1.0,1,In4_Out1,Connection,stuck_off,stuck_off
30,55,1.0,0,In0_Out1,Connection,stuck_on,stuck_on
30,56,1.0,1,In0_Out4,Connection,stuck_on,stuck_on
30,57,1.0,0,N4,Neuron,static,0.0
30,58,1.0,0,In0_Out2,Connection,stuck_off,stuck_off
30,59,1.0,1,N0,Neuron,static,0.0
30,60,1.0,1,In0_Out4,Connection,stuck_on,stuck_on
30,61,1.0,1,In1_Out3,Connection,stuck_off,stuck_off
30,62,1.0,1,In3_Out0,Connection,stuck_on,stuck_on
30,63,1.0,1,In1_Out0,Connection,stuck_off,stuck_off
30,64,1.0,2,In0_Out1,Connection,stuck_on,stuck_on
30,65,1.0,2,In3_Out1,Connection,stuck_off,stuck_off
30,66,1.0,0,In0_Out2,Connection,stuck_on,stuck_on
30,67,1.0,1,In0_Out2,Connection,stuck_on,stuck_on
30,68,1.0,0,In0_Out3,Connection,stuck_on,stuck_on
30,69,0.0,0,N2,Neuron,static,3.0
30,70,1.0,1,In0_Out2,Connection,stuck_on,stuck_on
30,71,1.0,2,In4_Out2,Connection,stuck_off,stuck_off
30,72,0.5,0,N0,Neuron,static,0.0
30,73,1.0,1,In1_Out0,Connection,stuck_off,stuck_off
30,74,0.5,2,N0,Neuron,dynamic,Idx_0
30,75,0.5,1,In1_Out4,Connection,stuck_on,stuck_on
30,76,1.0,1,In4_Out3,Connection,stuck_off,stuck_off
30,77,1.0,1,In0_Out4,Connection,stuck_on,stuck_on
30,78,1.0,1,In4_Out2,Connection,stuck_off,stuck_off
30,79,1.0,0,N4,Neuron,static,0.0
30,80,1.0,0,In0_Out1,Connection,stuck_on,stuck_on
30,81,1.0,1,In1_Out4,Connection,stuck_off,stuck_off
30,82,1.0,2,In1_Out1,Connection,stuck_off,stuck_off
30,83,1.0,2,In3_Out2,Connection,stuck_off,stuck_off
30,84,1.0,1,In0_Out2,Connection,stuck_on,stuck_on
30,85,1.0,0,N1,Neuron,static,0.0
30,86,1.0,2,In3_Out1,Connection,stuck_off,stuck_off
30,87,1.0,1,In2_Out4,Connection,stuck_off,stuck_off
30,88,1.0,1,In1_Out1,Connection,stuck_on,stuck_on
30,89,0.5,2,In4_Out0,Connection,stuck_off,stuck_off
30,90,1.0,0,N1,Neuron,static,0.0
30,91,1.0,1,In1_Out3,Connection,stuck_off,stuck_off
30,92,1.0,2,N2,Neuron,static,0.0
30,93,1.0,1,In3_Out2,Connection,stuck_off,stuck_off
30,94,1.0,1,In3_Out3,Connection,stuck_off,stuck_off
30,95,1.0,2,N2,Neuron,static,0.0
30,96,1.0,2,In0_Out1,Connection,stuck_off,stuck_off
30,97,1.0,2,N2,Neuron,dynamic,Idx_0
30,98,0.0,2,In2_Out2,Connection,stuck_off,stuck_off
30,99,1.0,1,In1_Out2,Connection,stuck_off,stuck_off
31,0,0.0,2,In2_Out0,Connection,stuck_off,stuck_off
31,1,0.0,2,In2_Out0,Connection,stuck_off,stuck_off
31,2,1.0,1,In3_Out1,Connection,stuck_off,stuck_off
31,3,1.0,1,N0,Neuron,static,0.0
31,4,0.0,2,N0,Neuron,dynamic,Idx_2
31,5,1.0,0,In0_Out2,Connection,stuck_on,stuck_on
31,6,1.0,2,In4_Out2,Connection,stuck_off,stuck_off
31,7,1.0,2,N1,Neuron,static,3.0
31,8,1.0,1,In3_Out1,Connection,stuck_on,stuck_on
31,9,1.0,1,In1_Out2,Connection,stuck_off,stuck_off
31,10,0.0,2,N0,Neuron,static,3.0
31,11,1.0,1,In0_Out3,Connection,stuck_off,stuck_off
31,12,1.0,1,In0_Out2,Connection,stuck_on,stuck_on
31,13,1.0,1,In4_Out0,Connection,stuck_on,stuck_on
31,14,1.0,1,In0_Out0,Connection,stuck_on,stuck_on
31,15,0.0,2,In4_Out1,Connection,stuck_off,stuck_off
31,16,1.0,1,In4_Out2,Connection,stuck_off,stuck_off
31,17,1.0,1,In4_Out2,Connection,stuck_on,stuck_on
31,18,1.0,1,In0_Out3,Connection,stuck_on,stuck_on
31,19,1.0,0,N4,Neuron,dynamic,Idx_1
31,20,1.0,1,In2_Out2,Connection,stuck_on,stuck_on
31,21,1.0,2,In0_Out2,Connection,stuck_off,stuck_off
31,22,0.0,1,N4,Neuron,static,3.0
31,23,1.0,1,In0_Out4,Connection,stuck_on,stuck_on
31,24,1.0,1,In0_Out1,Connection,stuck_off,stuck_off
31,25,0.0,2,In2_Out2,Connection,stuck_off,stuck_off
31,26,0.0,2,In0_Out0,Connection,stuck_on,stuck_on
31,27,0.0,2,N1,Neuron,dynamic,Idx_0
31,28,0.0,2,In0_Out2,Connection,stuck_on,stuck_on
31,29,1.0,1,N2,Neuron,static,3.0
31,30,1.0,1,In3_Out0,Connection,stuck_off,stuck_off
31,31,1.0,0,In0_Out4,Connection,stuck_off,stuck_off
31,32,1.0,1,In3_Out0,Connection,stuck_on,stuck_on
31,33,1.0,2,In4_Out0,Connection,stuck_off,stuck_off
31,34,0.0,1,In4_Out4,Connection,stuck_on,stuck_on
31,35,1.0,2,In4_Out1,Connection,stuck_on,stuck_on
31,36,1.0,0,N4,Neuron,dynamic,Idx_0
31,37,1.0,2,In1_Out0,Connection,stuck_off,stuck_off
31,38,0.0,2,In1_Out0,Connection,stuck_on,stuck_on
31,39,0.0,2,N0,Neuron,dynamic,Idx_2
31,40,0.0,1,In1_Out4,Connection,stuck_on,stuck_on
31,41,1.0,2,In4_Out2,Connection,stuck_on,stuck_on
31,42,1.0,0,In0_Out2,Connection,stuck_on,stuck_on
31,43,1.0,2,N1,Neuron,static,3.0
31,44,1.0,0,In0_Out2,Connection,stuck_off,stuck_off
31,45,1.0,1,In2_Out0,Connection,stuck_off,stuck_off
31,46,1.0,1,In0_Out4,Connection,stuck_off,stuck_off
31,47,1.0,1,N0,Neuron,dynamic,Idx_1
31,48,0.0,1,In3_Out4,Connection,stuck_on,stuck_on
31,49,0.0,2,In2_Out2,Connection,stuck_off,stuck_off
31,50,0.0,2,In0_Out2,Connection,stuck_on,stuck_on
31,51,1.0,1,In3_Out1,Connection,stuck_off,stuck_off
31,52,1.0,2,In3_Out1,Connection,stuck_off,stuck_off
31,53,1.0,1,In3_Out4,Connection,stuck_off,stuck_off
31,54,1.0,1,In2_Out1,Connection,stuck_off,stuck_off
31,55,1.0,0,In0_Out1,Connection,stuck_on,stuck_on
31,56,1.0,0,N3,Neuron,dynamic,Idx_2
31,57,1.0,2,N2,Neuron,static,0.0
31,58,1.0,1,In2_Out3,Connection,stuck_off,stuck_off
31,59,1.0,2,In4_Out0,Connection,stuck_off,stuck_off
31,60,1.0,1,In2_Out4,Connection,stuck_off,stuck_off
31,61,1.0,0,N4,Neuron,static,0.0
31,62,0.0,0,In0_Out0,Connection,stuck_off,stuck_off
31,63,1.0,1,N1,Neuron,static,3.0
31,64,0.0,2,In2_Out2,Connection,stuck_off,stuck_off
31,65,1.0,1,In3_Out3,Connection,stuck_on,stuck_on
31,66,1.0,1,In3_Out1,Connection,stuck_off,stuck_off
31,67,0.0,0,N2,Neuron,static,3.0
31,68,1.0,0,In0_Out4,Connection,stuck_off,stuck_off
31,69,1.0,2,N2,Neuron,static,0.0
31,70,1.0,2,In3_Out2,Connection,stuck_off,stuck_off
31,71,0.0,1,In3_Out4,Connection,stuck_on,stuck_on
31,72,0.0,1,In1_Out4,Connection,stuck_on,stuck_on
31,73,1.0,1,In4_Out0,Connection,stuck_on,stuck_on
31,74,1.0,0,In0_Out3,Connection,stuck_off,stuck_off
31,75,0.0,2,N0,Neuron,static,2.0
31,76,1.0,2,In4_Out2,Connection,stuck_off,stuck_off
31,77,1.0,2,In0_Out1,Connection,stuck_on,stuck_on
31,78,1.0,1,In0_Out4,Connection,stuck_on,stuck_on
31,79,1.0,1,In4_Out1,Connection,stuck_on,stuck_on
31,80,1.0,1,In3_Out4,Connection,stuck_off,stuck_off
31,81,1.0,2,In1_Out2,Connection,stuck_off,stuck_off
31,82,1.0,1,In4_Out4,Connection,stuck_off,stuck_off
31,83,1.0,2,In4_Out0,Connection,stuck_on,stuck_on
31,84,1.0,2,In1_Out2,Connection,stuck_off,stuck_off
31,85,1.0,0,In0_Out2,Connection,stuck_on,stuck_on
31,86,1.0,2,In2_Out1,Connection,stuck_off,stuck_off
31,87,1.0,0,In0_Out4,Connection,stuck_on,stuck_on
31,88,1.0,2,In0_Out1,Connection,stuck_off,stuck_off
31,89,0.0,1,In3_Out4,Connection,stuck_on,stuck_on
31,90,0.0,1,N4,Neuron,dynamic,Idx_0
31,91,1.0,1,In0_Out3,Connection,stuck_on,stuck_on
31,92,1.0,1,In3_Out3,Connection,stuck_on,stuck_on
31,93,1.0,0,In0_Out3,Connection,stuck_on,stuck_on
31,94,1.0,1,In4_Out1,Connection,stuck_on,stuck_on
31,95,1.0,2,In3_Out0,Connection,stuck_off,stuck_off
31,96,0.0,2,In4_Out1,Connection,stuck_off,stuck_off
31,97,0.0,1,N2,Neuron,dynamic,Idx_1
31,98,1.0,0,In0_Out0,Connection,stuck_on,stuck_on
31,99,1.0,2,In1_Out1,Connection,stuck_on,stuck_on
32,0,0.5,0,N0,Neuron,static,3.0
32,1,1.0,0,In0_Out2,Connection,stuck_on,stuck_on
32,2,1.0,1,In4_Out1,Connection,stuck_off,stuck_off
32,3,1.0,0,N1,Neuron,dynamic,Idx_2
32,4,1.0,1,In0_Out1,Connection,stuck_on,stuck_on
32,5,0.5,1,In3_Out4,Connection,stuck_on,stuck_on
32,6,1.0,1,In2_Out0,Connection,stuck_off,stuck_off
32,7,1.0,1,N0,Neuron,dynamic,Idx_0
32,8,1.0,1,In3_Out3,Connection,stuck_on,stuck_on
32,9,0.5,2,In3_Out2,Connection,stuck_off,stuck_off
32,10,1.0,0,In0_Out4,Connection,stuck_on,stuck_on
32,11,1.0,2,In0_Out1,Connection,stuck_off,stuck_off
32,12,1.0,1,N1,Neuron,static,2.0
32,13,1.0,2,In4_Out2,Connection,stuck_on,stuck_on
32,14,0.5,2,In4_Out1,Connection,stuck_off,stuck_off
32,15,0.5,2,In0_Out2,Connection,stuck_on,stuck_on
32,16,0.0,1,N4,Neuron,static,3.0
32,17,1.0,1,In0_Out1,Connection,stuck_off,stuck_off
32,18,1.0,2,In2_Out2,Connection,stuck_on,stuck_on
32,19,1.0,0,In0_Out1,Connection,stuck_on,stuck_on
32,20,0.0,0,N0,Neuron,static,0.0
32,21,1.0,2,In3_Out0,Connection,stuck_on,stuck_on
32,22,1.0,1,In2_Out1,Connection,stuck_off,stuck_off
32,23,1.0,1,In4_Out3,Connection,stuck_off,stuck_off
32,24,1.0,1,In0_Out2,Connection,stuck_on,stuck_on
32,25,1.0,1,In4_Out3,Connection,stuck_off,stuck_off
32,26,0.5,2,In4_Out1,Connection,stuck_on,stuck_on
32,27,1.0,1,In4_Out1,Connection,stuck_off,stuck_off
32,28,1.0,1,In2_Out0,Connection,stuck_on,stuck_on
32,29,1.0,1,In0_Out0,Connection,stuck_off,stuck_off
32,30,1.0,0,In0_Out1,Connection,stuck_on,stuck_on
32,31,1.0,1,In1_Out1,Connection,stuck_off,stuck_off
32,32,0.5,1,N1,Neuron,static,0.0
32,33,0.5,0,N2,Neuron,dynamic,Idx_1
32,34,1.0,1,In2_Out3,Connection,stuck_off,stuck_off
32,35,1.0,1,In4_Out3,Connection,stuck_on,stuck_on
32,36,1.0,1,In4_Out4,Connection,stuck_off,stuck_off
32,37,1.0,0,N1,Neuron,dynamic,Idx_1
32,38,1.0,2,In1_Out0,Connection,stuck_off,stuck_off
32,39,0.0,2,In1_Out0,Connection,stuck_on,stuck_on
32,40,1.0,2,In2_Out0,Connection,stuck_on,stuck_on
32,41,1.0,0,In0_Out3,Connection,stuck_off,stuck_off
32,42,0.5,1,N3,Neuron,static,0.0
32,43,0.5,0,N3,Neuron,static,3.0
32,44,1.0,2,In3_Out0,Connection,stuck_off,stuck_off
32,45,1.0,2,In2_Out2,Connection,stuck_on,stuck_on
32,46,1.0,2,In3_Out0,Connection,stuck_off,stuck_off
32,47,1.0,2,In2_Out1,Connection,stuck_off,stuck_off
32,48,1.0,1,In2_Out4,Connection,stuck_off,stuck_off
32,49,1.0,1,In1_Out1,Connection,stuck_off,stuck_off
32,50,1.0,0,N0,Neuron,static,2.0
32,51,1.0,1,In4_Out1,Connection,stuck_on,stuck_on
32,52,1.0,1,In3_Out0,Connection,stuck_off,stuck_off
32,53,1.0,2,In0_Out0,Connection,stuck_off,stuck_off
32,54,0.5,2,N2,Neuron,static,0.0
32,55,0.0,0,In0_Out0,Connection,stuck_off,stuck_off
32,56,1.0,2,In2_Out2,Connection,stuck_on,stuck_on
32,57,0.5,2,In3_Out2,Connection,stuck_off,stuck_off
32,58,1.0,1,In2_Out3,Connection,stuck_off,stuck_off
32,59,1.0,1,In4_Out1,Connection,stuck_off,stuck_off
32,60,1.0,0,N3,Neuron,dynamic,Idx_2
32,61,0.5,1,In1_Out4,Connection,stuck_on,stuck_on
32,62,1.0,1,In4_Out0,Connection,stuck_off,stuck_off
32,63,1.0,2,In0_Out0,Connection,stuck_off,stuck_off
32,64,1.0,2,In0_Out0,Connection,stuck_off,stuck_off
32,65,1.0,2,In1_Out0,Connection,stuck_off,stuck_off
32,66,0.0,1,N4,Neuron,static,0.0
32,67,1.0,1,In2_Out0,Connection,stuck_off,stuck_off
32,68,0.5,2,In2_Out2,Connection,stuck_off,stuck_off
32,69,0.0,1,In4_Out4,Connection,stuck_on,stuck_on
32,70,0.0,2,In1_Out0,Connection,stuck_on,stuck_on
32,71,1.0,0,In0_Out1,Connection,stuck_on,stuck_on
32,72,1.0,0,N3,Neuron,dynamic,Idx_2
32,73,1.0,1,In2_Out0,Connection,stuck_on,stuck_on
32,74,1.0,1,In0_Out4,Connection,stuck_on,stuck_on
32,75,0.5,2,N1,Neuron,dynamic,Idx_0
32,76,1.0,1,N1,Neuron,dynamic,Idx_2
32,77,1.0,1,In3_Out1,Connection,stuck_off,stuck_off
32,78,0.5,2,N2,Neuron,static,3.0
32,79,1.0,2,N0,Neuron,static,0.0
32,80,1.0,0,In0_Out2,Connection,stuck_on,stuck_on
32,81,1.0,1,In2_Out0,Connection,stuck_on,stuck_on
32,82,0.5,1,N2,Neuron,static,0.0
32,83,0.5,1,N2,Neuron,dynamic,Idx_1
32,84,1.0,1,In3_Out1,Connection,stuck_on,stuck_on
32,85,1.0,1,In3_Out0,Connection,stuck_on,stuck_on
32,86,0.5,1,N3,Neuron,static,2.0
32,87,1.0,2,N0,Neuron,dynamic,Idx_0
32,88,1.0,2,In3_Out0,Connection,stuck_off,stuck_off
32,89,1.0,1,In4_Out0,Connection,stuck_on,stuck_on
32,90,1.0,1,In4_Out3,Connection,stuck_off,stuck_off
32,91,1.0,1,In2_Out3,Connection,stuck_off,stuck_off
32,92,0.0,0,In0_Out0,Connection,stuck_off,stuck_off
32,93,1.0,1,In0_Out3,Connection,stuck_on,stuck_on
32,94,1.0,0,N1,Neuron,dynamic,Idx_1
32,95,1.0,1,In0_Out2,Connection,stuck_on,stuck_on
32,96,0.5,2,In1_Out2,Connection,stuck_on,stuck_on
32,97,1.0,1,In4_Out2,Connection,stuck_off,stuck_off
32,98,1.0,1,N0,Neuron,dynamic,Idx_1
32,99,1.0,1,In0_Out3,Connection,stuck_off,stuck_off
33,0,1.0,1,In4_Out3,Connection,stuck_on,stuck_on
33,1,1.0,2,In3_Out0,Connection,stuck_off,stuck_off
33,2,1.0,0,In0_Out4,Connection,stuck_on,stuck_on
33,3,1.0,1,In4_Out0,Connection,stuck_off,stuck_off
33,4,1.0,1,In1_Out3,Connection,stuck_on,stuck_on
33,5,1.0,1,In0_Out2,Connection,stuck_on,stuck_on
33,6,1.0,0,In0_Out2,Connection,stuck_on,stuck_on
33,7,1.0,2,In1_Out0,Connection,stuck_on,stuck_on
33,8,1.0,1,In2_Out2,Connection,stuck_on,stuck_on
33,9,1.0,1,In2_Out3,Connection,stuck_off,stuck_off
33,10,1.0,0,In0_Out1,Connection,stuck_on,stuck_on
33,11,1.0,0,In0_Out4,Connection,stuck_on,stuck_on
33,12,1.0,1,In1_Out4,Connection,stuck_off,stuck_off
33,13,1.0,1,In0_Out1,Connection,stuck_on,stuck_on
33,14,1.0,1,In4_Out1,Connection,stuck_off,stuck_off
33,15,1.0,1,In1_Out3,Connection,stuck_on,stuck_on
33,16,1.0,2,In1_Out1,Connection,stuck_off,stuck_off
33,17,1.0,2,In0_Out0,Connection,stuck_off,stuck_off
33,18,1.0,0,In0_Out1,Connection,stuck_off,stuck_off
33,19,1.0,2,In4_Out1,Connection,stuck_off,stuck_off
33,20,1.0,0,In0_Out0,Connection,stuck_off,stuck_off
33,21,1.0,1,In4_Out3,Connection,stuck_off,stuck_off
33,22,0.0,2,In4_Out0,Connection,stuck_off,stuck_off
33,23,1.0,1,In0_Out1,Connection,stuck_on,stuck_on
33,24,1.0,0,N0,Neuron,dynamic,Idx_0
33,25,1.0,1,In2_Out0,Connection,stuck_on,stuck_on
33,26,1.0,2,In3_Out2,Connection,stuck_off,stuck_off
33,27,1.0,0,N4,Neuron,dynamic,Idx_0
33,28,1.0,1,In2_Out3,Connection,stuck_off,stuck_off
33,29,1.0,1,In2_Out0,Connection,stuck_on,stuck_on
33,30,1.0,2,In2_Out0,Connection,stuck_off,stuck_off
33,31,1.0,1,In1_Out2,Connection,stuck_on,stuck_on
33,32,1.0,1,In1_Out0,Connection,stuck_off,stuck_off
33,33,0.0,2,In3_Out2,Connection,stuck_on,stuck_on
33,34,1.0,1,In1_Out4,Connection,stuck_off,stuck_off
33,35,0.0,2,In3_Out2,Connection,stuck_on,stuck_on
33,36,1.0,1,In4_Out1,Connection,stuck_off,stuck_off
33,37,1.0,1,N0,Neuron,dynamic,Idx_1
33,38,0.0,2,In2_Out2,Connection,stuck_off,stuck_off
33,39,1.0,2,In1_Out0,Connection,stuck_on,stuck_on
33,40,1.0,2,N1,Neuron,static,0.0
33,41,1.0,0,In0_Out0,Connection,stuck_off,stuck_off
33,42,1.0,0,In0_Out1,Connection,stuck_off,stuck_off
33,43,1.0,1,N3,Neuron,static,2.0
33,44,1.0,1,In4_Out4,Connection,stuck_off,stuck_off
33,45,1.0,0,In0_Out3,Connection,stuck_on,stuck_on
33,46,1.0,1,In2_Out1,Connection,stuck_on,stuck_on
33,47,1.0,1,In3_Out1,Connection,stuck_on,stuck_on
33,48,1.0,0,N4,Neuron,static,0.0
33,49,1.0,1,In1_Out2,Connection,stuck_off,stuck_off
33,50,1.0,1,In1_Out1,Connection,stuck_on,stuck_on
33,51,1.0,2,In1_Out1,Connection,stuck_off,stuck_off
33,52,1.0,2,In4_Out2,Connection,stuck_on,stuck_on
33,53,1.0,2,In1_Out0,Connection,stuck_off,stuck_off
33,54,1.0,1,In0_Out1,Connection,stuck_off,stuck_off
33,55,1.0,0,In0_Out1,Connection,stuck_on,stuck_on
33,56,1.0,2,In1_Out2,Connection,stuck_off,stuck_off
33,57,1.0,1,In1_Out3,Connection,stuck_on,stuck_on
33,58,1.0,1,In4_Out2,Connection,stuck_on,stuck_on
33,59,1.0,1,In3_Out4,Connection,stuck_on,stuck_on
33,60,0.0,2,In2_Out0,Connection,stuck_on,stuck_on
33,61,1.0,1,In0_Out3,Connection,stuck_on,stuck_on
33,62,1.0,2,In1_Out1,Connection,stuck_on,stuck_on
33,63,1.0,2,In4_Out0,Connection,stuck_on,stuck_on
33,64,1.0,2,In1_Out1,Connection,stuck_on,stuck_on
33,65,1.0,2,N1,Neuron,dynamic,Idx_1
33,66,1.0,1,In3_Out4,Connection,stuck_on,stuck_on
33,67,1.0,1,In0_Out4,Connection,stuck_off,stuck_off
33,68,1.0,1,In4_Out1,Connection,stuck_on,stuck_on
33,69,1.0,2,In1_Out0,Connection,stuck_on,stuck_on
33,70,1.0,2,In1_Out1,Connection,stuck_off,stuck_off
33,71,1.0,1,In4_Out4,Connection,stuck_on,stuck_on
33,72,1.0,1,In3_Out3,Connection,stuck_on,stuck_on
33,73,1.0,1,In0_Out3,Connection,stuck_on,stuck_on
33,74,0.0,2,In1_Out2,Connection,stuck_on,stuck_on
33,75,0.0,2,In0_Out2,Connection,stuck_on,stuck_on
33,76,1.0,1,In3_Out0,Connection,stuck_off,stuck_off
33,77,1.0,1,In3_Out4,Connection,stuck_on,stuck_on
33,78,1.0,1,In1_Out3,Connection,stuck_off,stuck_off
33,79,1.0,1,In4_Out0,Connection,stuck_off,stuck_off
33,80,1.0,1,N0,Neuron,dynamic,Idx_0
33,81,1.0,2,In4_Out1,Connection,stuck_off,stuck_off
33,82,0.0,1,N2,Neuron,dynamic,Idx_0
33,83,0.0,2,N0,Neuron,dynamic,Idx_0
33,84,1.0,2,In3_Out0,Connection,stuck_off,stuck_off
33,85,1.0,1,In2_Out2,Connection,stuck_off,stuck_off
33,86,1.0,2,N2,Neuron,dynamic,Idx_0
33,87,1.0,1,In2_Out0,Connection,stuck_off,stuck_off
33,88,1.0,1,In3_Out1,Connection,stuck_on,stuck_on
33,89,1.0,1,In0_Out3,Connection,stuck_off,stuck_off
33,90,1.0,1,In2_Out0,Connection,stuck_on,stuck_on
33,91,1.0,2,In2_Out0,Connection,stuck_off,stuck_off
33,92,1.0,1,In0_Out2,Connection,stuck_off,stuck_off
33,93,1.0,1,In2_Out1,Connection,stuck_on,stuck_on
33,94,1.0,2,In3_Out1,Connection,stuck_off,stuck_off
33,95,1.0,1,In2_Out4,Connection,stuck_off,stuck_off
33,96,1.0,2,In0_Out1,Connection,stuck_on,stuck_on
33,97,1.0,1,In3_Out4,Connection,stuck_on,stuck_on
33,98,1.0,1,In4_Out3,Connection,stuck_on,stuck_on
33,99,1.0,2,In4_Out2,Connection,stuck_off,stuck_off
34,0,0.5,1,In4_Out0,Connection,stuck_off,stuck_off
34,1,0.5,0,In0_Out1,Connection,stuck_on,stuck_on
34,2,0.0,0,N0,Neuron,dynamic,Idx_2
34,3,1.0,2,In1_Out2,Connection,stuck_on,stuck_on
34,4,0.5,1,In3_Out2,Connection,stuck_off,stuck_off
34,5,0.0,1,N4,Neuron,static,0.0
34,6,0.0,1,N4,Neuron,static,0.0
34,7,0.5,1,In3_Out0,Connection,stuck_off,stuck_off
34,8,0.0,1,In2_Out2,Connection,stuck_off,stuck_off
34,9,0.5,1,In2_Out2,Connection,stuck_on,stuck_on
34,10,0.5,2,In4_Out2,Connection,stuck_off,stuck_off
34,11,0.5,0,In0_Out0,Connection,stuck_on,stuck_on
34,12,0.5,1,In4_Out3,Connection,stuck_on,stuck_on
34,13,0.0,1,In2_Out4,Connection,stuck_on,stuck_on
34,14,0.5,1,In1_Out1,Connection,stuck_on,stuck_on
34,15,1.0,2,In2_Out0,Connection,stuck_on,stuck_on
34,16,0.5,0,N0,Neuron,static,2.0
34,17,0.0,1,In4_Out4,Connection,stuck_on,stuck_on
34,18,0.5,2,In1_Out0,Connection,stuck_off,stuck_off
34,19,0.0,1,N4,Neuron,static,2.0
34,20,0.5,2,In0_Out0,Connection,stuck_off,stuck_off
34,21,0.5,1,In2_Out1,Connection,stuck_off,stuck_off
34,22,0.5,2,In2_Out1,Connection,stuck_off,stuck_off
34,23,0.0,1,In3_Out4,Connection,stuck_on,stuck_on
34,24,0.0,2,N2,Neuron,dynamic,Idx_0
34,25,0.5,1,N0,Neuron,dynamic,Idx_2
34,26,0.0,2,N2,Neuron,dynamic,Idx_1
34,27,0.5,1,In1_Out0,Connection,stuck_off,stuck_off
34,28,0.5,0,In0_Out2,Connection,stuck_off,stuck_off
34,29,1.0,1,N2,Neuron,dynamic,Idx_1
34,30,0.5,1,In1_Out1,Connection,stuck_on,stuck_on
34,31,0.5,1,In3_Out3,Connection,stuck_off,stuck_off
34,32,0.5,0,In0_Out1,Connection,stuck_on,stuck_on
34,33,0.5,1,In2_Out3,Connection,stuck_off,stuck_off
34,34,0.0,1,In3_Out4,Connection,stuck_on,stuck_on
34,35,0.5,1,In3_Out0,Connection,stuck_off,stuck_off
34,36,0.5,1,In2_Out4,Connection,stuck_off,stuck_off
34,37,1.0,2,In1_Out2,Connection,stuck_on,stuck_on
34,38,0.5,1,In4_Out2,Connection,stuck_off,stuck_off
34,39,0.5,0,N1,Neuron,dynamic,Idx_1
34,40,0.5,0,In0_Out1,Connection,stuck_off,stuck_off
34,41,0.0,2,N0,Neuron,static,3.0
34,42,0.5,1,In0_Out3,Connection,stuck_off,stuck_off
34,43,0.0,2,In1_Out2,Connection,stuck_off,stuck_off
34,44,1.0,1,N0,Neuron,static,3.0
34,45,0.5,1,In0_Out0,Connection,stuck_off,stuck_off
34,46,0.5,2,In0_Out0,Connection,stuck_off,stuck_off
34,47,0.0,2,N2,Neuron,dynamic,Idx_0
34,48,0.0,1,N4,Neuron,static,0.0
34,49,0.5,1,In4_Out2,Connection,stuck_on,stuck_on
34,50,0.5,1,In0_Out3,Connection,stuck_off,stuck_off
34,51,0.5,0,In0_Out1,Connection,stuck_off,stuck_off
34,52,0.5,1,In4_Out1,Connection,stuck_off,stuck_off
34,53,0.5,1,In3_Out4,Connection,stuck_off,stuck_off
34,54,0.0,0,N1,Neuron,static,0.0
34,55,0.0,1,In2_Out4,Connection,stuck_on,stuck_on
34,56,0.5,1,In4_Out1,Connection,stuck_on,stuck_on
34,57,0.5,0,N1,Neuron,static,2.0
34,58,0.5,1,In3_Out3,Connection,stuck_off,stuck_off
34,59,0.5,1,In4_Out2,Connection,stuck_on,stuck_on
34,60,0.5,2,In3_Out0,Connection,stuck_off,stuck_off
34,61,0.0,1,N3,Neuron,dynamic,Idx_1
34,62,0.5,2,In1_Out1,Connection,stuck_off,stuck_off
34,63,0.5,1,In0_Out3,Connection,stuck_on,stuck_on
34,64,0.5,0,N2,Neuron,dynamic,Idx_2
34,65,0.0,1,In4_Out4,Connection,stuck_on,stuck_on
34,66,1.0,2,N2,Neuron,static,2.0
34,67,0.5,0,N1,Neuron,dynamic,Idx_1
34,68,0.5,0,In0_Out1,Connection,stuck_off,stuck_off
34,69,0.5,2,In1_Out0,Connection,stuck_off,stuck_off
34,70,0.5,2,In4_Out0,Connection,stuck_on,stuck_on
34,71,0.5,1,In1_Out0,Connection,stuck_on,stuck_on
34,72,0.5,1,In0_Out1,Connection,stuck_on,stuck_on
34,73,0.5,1,In4_Out3,Connection,stuck_on,stuck_on
34,74,1.0,2,In2_Out0,Connection,stuck_on,stuck_on
34,75,0.5,2,In1_Out1,Connection,stuck_off,stuck_off
34,76,0.5,1,In2_Out3,Connection,stuck_on,stuck_on
34,77,0.5,2,In3_Out1,Connection,stuck_off,stuck_off
34,78,1.0,2,In3_Out0,Connection,stuck_on,stuck_on
34,79,1.0,2,In2_Out2,Connection,stuck_off,stuck_off
34,80,1.0,0,N2,Neuron,static,3.0
34,81,0.5,1,In0_Out2,Connection,stuck_off,stuck_off
34,82,0.5,2,In0_Out1,Connection,stuck_on,stuck_on
34,83,0.0,2,In3_Out2,Connection,stuck_off,stuck_off
34,84,0.5,1,N0,Neuron,dynamic,Idx_2
34,85,0.5,2,In2_Out1,Connection,stuck_off,stuck_off
34,86,0.5,0,In0_Out0,Connection,stuck_on,stuck_on
34,87,0.0,1,N3,Neuron,dynamic,Idx_0
34,88,0.5,2,In1_Out0,Connection,stuck_off,stuck_off
34,89,0.5,1,N3,Neuron,static,2.0
34,90,0.5,1,In3_Out4,Connection,stuck_off,stuck_off
34,91,0.5,1,In4_Out0,Connection,stuck_on,stuck_on
34,92,0.0,1,In1_Out2,Connection,stuck_on,stuck_on
34,93,0.0,1,In2_Out4,Connection,stuck_on,stuck_on
34,94,0.0,1,In3_Out4,Connection,stuck_on,stuck_on
34,95,0.5,1,In0_Out0,Connection,stuck_off,stuck_off
34,96,0.0,2,In3_Out2,Connection,stuck_off,stuck_off
34,97,0.5,0,In0_Out0,Connection,stuck_on,stuck_on
34,98,0.0,2,In0_Out0,Connection,stuck_on,stuck_on
34,99,0.5,1,In0_Out2,Connection,stuck_on,stuck_on
35,0,1.0,2,In4_Out2,Connection,stuck_off,stuck_off
35,1,1.0,1,In1_Out1,Connection,stuck_off,stuck_off
35,2,0.0,0,N2,Neuron,static,3.0
35,3,1.0,1,In2_Out1,Connection,stuck_off,stuck_off
35,4,0.0,0,N2,Neuron,static,3.0
35,5,0.5,1,N1,Neuron,static,3.0
35,6,1.0,2,In0_Out1,Connection,stuck_off,stuck_off
35,7,1.0,0,N2,Neuron,dynamic,Idx_1
35,8,1.0,2,In3_Out1,Connection,stuck_on,stuck_on
35,9,0.5,1,In2_Out2,Connection,stuck_on,stuck_on
35,10,0.5,2,N1,Neuron,dynamic,Idx_0
35,11,1.0,2,In0_Out2,Connection,stuck_off,stuck_off
35,12,0.5,1,In3_Out0,Connection,stuck_off,stuck_off
35,13,0.5,1,In4_Out1,Connection,stuck_on,stuck_on
35,14,0.5,1,In3_Out0,Connection,stuck_off,stuck_off
35,15,0.5,1,In0_Out3,Connection,stuck_on,stuck_on
35,16,0.5,2,In2_Out0,Connection,stuck_on,stuck_on
35,17,1.0,1,In1_Out0,Connection,stuck_off,stuck_off
35,18,1.0,1,In3_Out3,Connection,stuck_on,stuck_on
35,19,1.0,1,In1_Out0,Connection,stuck_on,stuck_on
35,20,1.0,2,In0_Out1,Connection,stuck_off,stuck_off
35,21,1.0,2,In0_Out0,Connection,stuck_off,stuck_off
35,22,1.0,1,In2_Out1,Connection,stuck_off,stuck_off
35,23,1.0,0,In0_Out3,Connection,stuck_on,stuck_on
35,24,1.0,1,In1_Out0,Connection,stuck_on,stuck_on
35,25,1.0,1,In4_Out3,Connection,stuck_on,stuck_on
35,26,1.0,1,In1_Out1,Connection,stuck_off,stuck_off
35,27,0.5,1,In1_Out4,Connection,stuck_on,stuck_on
35,28,0.5,1,N4,Neuron,static,0.0
35,29,0.0,2,In1_Out2,Connection,stuck_on,stuck_on
35,30,0.5,1,In4_Out0,Connection,stuck_on,stuck_on
35,31,0.5,2,N0,Neuron,static,0.0
35,32,0.5,0,N0,Neuron,dynamic,Idx_1
35,33,0.5,2,In1_Out0,Connection,stuck_on,stuck_on
35,34,0.5,1,In0_Out2,Connection,stuck_on,stuck_on
35,35,0.5,1,N4,Neuron,static,2.0
35,36,0.5,1,In1_Out4,Connection,stuck_on,stuck_on
35,37,1.0,1,In4_Out2,Connection,stuck_on,stuck_on
35,38,0.5,1,In2_Out4,Connection,stuck_on,stuck_on
35,39,0.5,2,In4_Out0,Connection,stuck_off,stuck_off
35,40,0.5,1,In3_Out4,Connection,stuck_on,stuck_on
35,41,1.0,1,N1,Neuron,dynamic,Idx_1
35,42,1.0,2,In1_Out2,Connection,stuck_off,stuck_off
35,43,0.5,1,In4_Out4,Connection,stuck_on,stuck_on
35,44,0.5,1,In0_Out2,Connection,stuck_on,stuck_on
35,45,0.5,2,In4_Out0,Connection,stuck_off,stuck_off
35,46,1.0,1,In2_Out3,Connection,stuck_on,stuck_on
35,47,0.5,2,N0,Neuron,dynamic,Idx_2
35,48,0.5,2,N0,Neuron,static,2.0
35,49,1.0,1,In3_Out3,Connection,stuck_on,stuck_on
35,50,0.5,2,In2_Out0,Connection,stuck_on,stuck_on
35,51,1.0,1,In0_Out1,Connection,stuck_off,stuck_off
35,52,1.0,2,In3_Out1,Connection,stuck_off,stuck_off
35,53,0.5,1,In4_Out4,Connection,stuck_off,stuck_off
35,54,1.0,1,In1_Out0,Connection,stuck_on,stuck_on
35,55,1.0,1,In2_Out2,Connection,stuck_off,stuck_off
35,56,1.0,2,In1_Out2,Connection,stuck_off,stuck_off
35,57,0.5,2,N0,Neuron,static,2.0
35,58,0.5,1,In0_Out2,Connection,stuck_on,stuck_on
35,59,1.0,2,In2_Out2,Connection,stuck_on,stuck_on
35,60,1.0,1,In0_Out4,Connection,stuck_off,stuck_off
35,61,0.5,1,In0_Out4,Connection,stuck_on,stuck_on
35,62,1.0,0,N4,Neuron,dynamic,Idx_0
35,63,0.5,1,In1_Out4,Connection,stuck_on,stuck_on
35,64,1.0,1,In0_Out0,Connection,stuck_off,stuck_off
35,65,0.5,0,In0_Out1,Connection,stuck_off,stuck_off
35,66,0.5,2,N1,Neuron,dynamic,Idx_1
35,67,1.0,1,In4_Out2,Connection,stuck_on,stuck_on
35,68,1.0,1,In2_Out0,Connection,stuck_off,stuck_off
35,69,1.0,1,In1_Out3,Connection,stuck_off,stuck_off
35,70,1.0,1,In1_Out3,Connection,stuck_off,stuck_off
35,71,0.5,1,In2_Out2,Connection,stuck_on,stuck_on
35,72,1.0,2,In4_Out0,Connection,stuck_on,stuck_on
35,73,1.0,2,In1_Out1,Connection,stuck_off,stuck_off
35,74,0.0,1,N2,Neuron,dynamic,Idx_2
35,75,0.5,0,N0,Neuron,static,0.0
35,76,1.0,2,In2_Out1,Connection,stuck_off,stuck_off
35,77,1.0,2,In1_Out1,Connection,stuck_off,stuck_off
35,78,0.5,1,In4_Out4,Connection,stuck_on,stuck_on
35,79,0.5,1,In4_Out4,Connection,stuck_off,stuck_off
35,80,0.0,1,N2,Neuron,dynamic,Idx_1
35,81,1.0,2,In0_Out2,Connection,stuck_off,stuck_off
35,82,0.5,1,In0_Out1,Connection,stuck_on,stuck_on
35,83,0.5,1,In0_Out0,Connection,stuck_on,stuck_on
35,84,0.0,1,N2,Neuron,dynamic,Idx_1
35,85,0.5,1,In3_Out4,Connection,stuck_on,stuck_on
35,86,0.5,1,In3_Out4,Connection,stuck_off,stuck_off
35,87,0.5,1,In4_Out0,Connection,stuck_on,stuck_on
35,88,0.0,1,N2,Neuron,dynamic,Idx_2
35,89,0.0,1,N2,Neuron,dynamic,Idx_1
35,90,0.5,1,N4,Neuron,dynamic,Idx_2
35,91,0.5,2,In0_Out0,Connection,stuck_on,stuck_on
35,92,1.0,0,N3,Neuron,dynamic,Idx_1
35,93,0.0,0,N4,Neuron,static,3.0
35,94,1.0,2,In1_Out1,Connection,stuck_off,stuck_off
35,95,0.5,1,In3_Out1,Connection,stuck_off,stuck_off
35,96,0.5,1,In4_Out4,Connection,stuck_on,stuck_on
35,97,0.5,2,N0,Neuron,static,0.0
35,98,1.0,0,In0_Out3,Connection,stuck_on,stuck_on
35,99,0.5,2,In1_Out0,Connection,stuck_on,stuck_on
36,0,1.0,1,In2_Out3,Connection,stuck_on,stuck_on
36,1,0.5,1,N3,Neuron,dynamic,Idx_0
36,2,1.0,1,In3_Out1,Connection,stuck_off,stuck_off
36,3,1.0,2,In3_Out2,Connection,stuck_off,stuck_off
36,4,1.0,1,In1_Out2,Connection,stuck_off,stuck_off
36,5,1.0,1,N1,Neuron,dynamic,Idx_2
36,6,1.0,1,In4_Out2,Connection,stuck_on,stuck_on
36,7,1.0,1,In1_Out0,Connection,stuck_on,stuck_on
36,8,1.0,2,In4_Out1,Connection,stuck_off,stuck_off
36,9,0.5,2,In4_Out0,Connection,stuck_off,stuck_off
36,10,1.0,0,In0_Out1,Connection,stuck_off,stuck_off
36,11,0.5,2,In2_Out2,Connection,stuck_off,stuck_off
36,12,1.0,0,N3,Neuron,dynamic,Idx_2
36,13,1.0,1,In0_Out3,Connection,stuck_off,stuck_off
36,14,1.0,1,In0_Out3,Connection,stuck_on,stuck_on
36,15,1.0,1,In0_Out0,Connection,stuck_off,stuck_off
36,16,1.0,1,In2_Out4,Connection,stuck_on,stuck_on
36,17,1.0,1,In4_Out0,Connection,stuck_off,stuck_off
36,18,1.0,1,In3_Out3,Connection,stuck_on,stuck_on
36,19,1.0,1,In1_Out1,Connection,stuck_on,stuck_on
36,20,1.0,1,In4_Out2,Connection,stuck_off,stuck_off
36,21,1.0,1,N1,Neuron,static,0.0
36,22,0.5,1,N2,Neuron,dynamic,Idx_1
36,23,1.0,1,In4_Out3,Connection,stuck_on,stuck_on
36,24,0.5,2,In1_Out2,Connection,stuck_on,stuck_on
36,25,1.0,0,In0_Out2,Connection,stuck_off,stuck_off
36,26,0.5,2,N2,Neuron,dynamic,Idx_0
36,27,1.0,1,In4_Out1,Connection,stuck_on,stuck_on
36,28,1.0,0,N0,Neuron,static,0.0
36,29,1.0,0,In0_Out3,Connection,stuck_off,stuck_off
36,30,1.0,2,In3_Out1,Connection,stuck_on,stuck_on
36,31,0.5,2,In1_Out2,Connection,stuck_off,stuck_off
36,32,1.0,0,In0_Out4,Connection,stuck_off,stuck_off
36,33,1.0,1,In4_Out3,Connection,stuck_off,stuck_off
36,34,0.5,2,N0,Neuron,dynamic,Idx_1
36,35,1.0,1,In1_Out0,Connection,stuck_on,stuck_on
36,36,1.0,2,In1_Out1,Connection,stuck_off,stuck_off
36,37,1.0,0,In0_Out4,Connection,stuck_on,stuck_on
36,38,1.0,1,In2_Out1,Connection,stuck_on,stuck_on
36,39,1.0,1,In3_Out2,Connection,stuck_on,stuck_on
36,40,1.0,1,In0_Out2,Connection,stuck_on,stuck_on
36,41,1.0,1,In1_Out0,Connection,stuck_off,stuck_off
36,42,1.0,1,In3_Out4,Connection,stuck_off,stuck_off
36,43,1.0,0,N0,Neuron,dynamic,Idx_1
36,44,1.0,1,In1_Out2,Connection,stuck_on,stuck_on
36,45,1.0,1,In4_Out3,Connection,stuck_on,stuck_on
36,46,1.0,0,N0,Neuron,dynamic,Idx_1
36,47,1.0,1,In2_Out1,Connection,stuck_on,stuck_on
36,48,1.0,2,In2_Out1,Connection,stuck_on,stuck_on
36,49,0.5,2,In1_Out2,Connection,stuck_off,stuck_off
36,50,0.5,0,N2,Neuron,dynamic,Idx_0
36,51,1.0,2,In2_Out1,Connection,stuck_off,stuck_off
36,52,0.0,2,N1,Neuron,static,2.0
36,53,1.0,2,In4_Out1,Connection,stuck_off,stuck_off
36,54,0.5,2,In1_Out2,Connection,stuck_off,stuck_off
36,55,1.0,1,In0_Out0,Connection,stuck_off,stuck_off
36,56,0.5,0,N4,Neuron,static,3.0
36,57,1.0,1,N1,Neuron,static,0.0
36,58,1.0,2,In2_Out2,Connection,stuck_on,stuck_on
36,59,0.5,1,N3,Neuron,dynamic,Idx_0
36,60,0.5,1,N2,Neuron,dynamic,Idx_1
36,61,0.5,2,N0,Neuron,static,3.0
36,62,1.0,1,In0_Out0,Connection,stuck_on,stuck_on
36,63,1.0,1,In0_Out1,Connection,stuck_on,stuck_on
36,64,0.5,2,In4_Out0,Connection,stuck_off,stuck_off
36,65,0.0,1,N3,Neuron,static,0.0
36,66,1.0,1,In4_Out0,Connection,stuck_on,stuck_on
36,67,0.5,1,N2,Neuron,dynamic,Idx_2
36,68,1.0,1,In2_Out0,Connection,stuck_off,stuck_off
36,69,1.0,1,In2_Out1,Connection,stuck_off,stuck_off
36,70,1.0,1,In4_Out1,Connection,stuck_on,stuck_on
36,71,0.0,2,In4_Out1,Connection,stuck_on,stuck_on
36,72,1.0,2,In3_Out0,Connection,stuck_off,stuck_off
36,73,1.0,1,In3_Out0,Connection,stuck_on,stuck_on
36,74,1.0,1,In1_Out3,Connection,stuck_on,stuck_on
36,75,1.0,1,In0_Out1,Connection,stuck_off,stuck_off
36,76,1.0,1,In0_Out4,Connection,stuck_on,stuck_on
36,77,0.5,2,In0_Out1,Connection,stuck_on,stuck_on
36,78,1.0,1,In3_Out1,Connection,stuck_on,stuck_on
36,79,0.5,2,In4_Out0,Connection,stuck_off,stuck_off
36,80,1.0,0,N0,Neuron,dynamic,Idx_1
36,81,1.0,0,In0_Out4,Connection,stuck_off,stuck_off
36,82,1.0,1,In4_Out0,Connection,stuck_off,stuck_off
36,83,0.5,2,In0_Out2,Connection,stuck_off,stuck_off
36,84,1.0,1,N1,Neuron,static,3.0
36,85,1.0,1,N1,Neuron,static,3.0
36,86,0.5,2,In0_Out2,Connection,stuck_on,stuck_on
36,87,1.0,1,In1_Out4,Connection,stuck_off,stuck_off
36,88,1.0,0,In0_Out0,Connection,stuck_on,stuck_on
36,89,0.5,1,N3,Neuron,dynamic,Idx_0
36,90,1.0,0,In0_Out1,Connection,stuck_off,stuck_off
36,91,1.0,2,In1_Out1,Connection,stuck_off,stuck_off
36,92,1.0,1,In1_Out3,Connection,stuck_off,stuck_off
36,93,1.0,1,In1_Out3,Connection,stuck_off,stuck_off
36,94,0.5,2,In0_Out1,Connection,stuck_on,stuck_on
36,95,1.0,1,In2_Out4,Connection,stuck_on,stuck_on
36,96,1.0,1,In2_Out3,Connection,stuck_off,stuck_off
36,97,1.0,1,In2_Out3,Connection,stuck_on,stuck_on
36,98,1.0,2,In4_Out2,Connection,stuck_off,stuck_off
36,99,0.0,1,N2,Neuron,static,3.0
37,0,0.0,2,In1_Out2,Connection,stuck_on,stuck_on
37,1,0.5,1,N1,Neuron,dynamic,Idx_2
37,2,0.0,0,N1,Neuron,dynamic,Idx_2
37,3,0.5,1,In1_Out3,Connection,stuck_on,stuck_on
37,4,0.5,1,In4_Out3,Connection,stuck_on,stuck_on
37,5,1.0,1,N0,Neuron,static,0.0
37,6,0.5,2,N0,Neuron,dynamic,Idx_2
37,7,0.5,0,In0_Out0,Connection,stuck_on,stuck_on
37,8,0.0,1,N2,Neuron,dynamic,Idx_0
37,9,0.5,1,In2_Out1,Connection,stuck_on,stuck_on
37,10,0.5,0,N1,Neuron,dynamic,Idx_0
37,11,0.0,2,In1_Out2,Connection,stuck_on,stuck_on
37,12,0.0,2,N1,Neuron,static,0.0
37,13,0.0,0,N3,Neuron,dynamic,Idx_2
37,14,0.0,2,In2_Out2,Connection,stuck_off,stuck_off
37,15,0.5,1,In2_Out0,Connection,stuck_off,stuck_off
37,16,0.5,1,In0_Out4,Connection,stuck_off,stuck_off
37,17,0.5,2,In4_Out2,Connection,stuck_on,stuck_on
37,18,0.5,1,In0_Out1,Connection,stuck_off,stuck_off
37,19,0.0,2,In1_Out2,Connection,stuck_on,stuck_on
37,20,0.0,2,In3_Out1,Connection,stuck_off,stuck_off
37,21,0.0,0,N2,Neuron,static,2.0
37,22,0.5,1,In1_Out2,Connection,stuck_off,stuck_off
37,23,1.0,2,In1_Out2,Connection,stuck_off,stuck_off
37,24,0.5,1,In1_Out1,Connection,stuck_on,stuck_on
37,25,0.5,0,In0_Out0,Connection,stuck_on,stuck_on
37,26,0.5,2,In1_Out1,Connection,stuck_off,stuck_off
37,27,0.0,0,N1,Neuron,static,2.0
37,28,0.0,2,In0_Out2,Connection,stuck_on,stuck_on
37,29,0.5,1,In1_Out2,Connection,stuck_off,stuck_off
37,30,0.0,2,In2_Out1,Connection,stuck_on,stuck_on
37,31,0.0,1,N2,Neuron,dynamic,Idx_2
37,32,0.5,1,N1,Neuron,static,3.0
37,33,0.0,2,In3_Out2,Connection,stuck_on,stuck_on
37,34,0.0,0,In0_Out4,Connection,stuck_off,stuck_off
37,35,0.5,2,In3_Out0,Connection,stuck_off,stuck_off
37,36,0.5,1,In4_Out3,Connection,stuck_on,stuck_on
37,37,0.5,1,In0_Out4,Connection,stuck_on,stuck_on
37,38,0.5,1,In4_Out1,Connection,stuck_off,stuck_off
37,39,0.5,0,In0_Out0,Connection,stuck_on,stuck_on
37,40,0.5,1,In3_Out4,Connection,stuck_on,stuck_on
37,41,0.5,2,N0,Neuron,dynamic,Idx_0
37,42,0.5,2,In4_Out2,Connection,stuck_off,stuck_off
37,43,1.0,2,N2,Neuron,dynamic,Idx_1
37,44,0.5,1,In0_Out0,Connection,stuck_on,stuck_on
37,45,0.5,1,In2_Out2,Connection,stuck_on,stuck_on
37,46,0.5,1,In1_Out3,Connection,stuck_on,stuck_on
37,47,0.5,1,In3_Out1,Connection,stuck_off,stuck_off
37,48,0.5,1,In4_Out3,Connection,stuck_on,stuck_on
37,49,0.5,1,In3_Out4,Connection,stuck_off,stuck_off
37,50,0.5,1,In1_Out2,Connection,stuck_on,stuck_on
37,51,0.0,0,In0_Out4,Connection,stuck_on,stuck_on
37,52,0.5,2,In1_Out0,Connection,stuck_off,stuck_off
37,53,0.5,1,In0_Out0,Connection,stuck_off,stuck_off
37,54,0.5,2,N0,Neuron,static,0.0
37,55,0.5,1,N1,Neuron,static,2.0
37,56,0.5,1,In0_Out3,Connection,stuck_off,stuck_off
37,57,0.0,2,In2_Out1,Connection,stuck_on,stuck_on
37,58,0.5,2,In2_Out1,Connection,stuck_off,stuck_off
37,59,0.5,1,In1_Out0,Connection,stuck_off,stuck_off
37,60,0.5,1,In0_Out1,Connection,stuck_on,stuck_on
37,61,0.5,2,In4_Out1,Connection,stuck_on,stuck_on
37,62,0.0,0,In0_Out1,Connection,stuck_on,stuck_on
37,63,0.0,0,In0_Out4,Connection,stuck_off,stuck_off
37,64,0.5,1,In4_Out1,Connection,stuck_off,stuck_off
37,65,0.5,2,In4_Out2,Connection,stuck_on,stuck_on
37,66,0.0,2,In4_Out0,Connection,stuck_on,stuck_on
37,67,0.0,0,N2,Neuron,static,0.0
37,68,0.5,1,In4_Out2,Connection,stuck_on,stuck_on
37,69,0.5,1,In1_Out3,Connection,stuck_on,stuck_on
37,70,0.5,2,In3_Out0,Connection,stuck_off,stuck_off
37,71,0.5,2,In3_Out0,Connection,stuck_off,stuck_off
37,72,0.5,1,In2_Out1,Connection,stuck_on,stuck_on
37,73,0.5,2,In0_Out1,Connection,stuck_on,stuck_on
37,74,0.5,1,In0_Out0,Connection,stuck_off,stuck_off
37,75,0.0,0,In0_Out2,Connection,stuck_off,stuck_off
37,76,0.5,1,In1_Out0,Connection,stuck_off,stuck_off
37,77,0.5,1,In2_Out1,Connection,stuck_off,stuck_off
37,78,0.0,2,N2,Neuron,static,2.0
37,79,0.5,2,In3_Out0,Connection,stuck_on,stuck_on
37,80,0.5,1,In1_Out0,Connection,stuck_on,stuck_on
37,81,0.0,0,N3,Neuron,static,3.0
37,82,0.0,1,N3,Neuron,static,3.0
37,83,0.5,0,N2,Neuron,dynamic,Idx_0
37,84,0.5,1,In0_Out4,Connection,stuck_on,stuck_on
37,85,0.5,1,N4,Neuron,static,0.0
37,86,0.5,2,N1,Neuron,static,2.0
37,87,0.5,2,In4_Out2,Connection,stuck_off,stuck_off
37,88,0.5,1,In2_Out3,Connection,stuck_off,stuck_off
37,89,0.0,0,In0_Out3,Connection,stuck_on,stuck_on
37,90,0.5,1,N2,Neuron,static,2.0
37,91,0.5,1,In3_Out2,Connection,stuck_off,stuck_off
37,92,0.5,1,In0_Out0,Connection,stuck_off,stuck_off
37,93,0.5,1,In4_Out0,Connection,stuck_on,stuck_on
37,94,0.5,1,N1,Neuron,dynamic,Idx_2
37,95,0.5,1,N3,Neuron,dynamic,Idx_0
37,96,0.5,1,In2_Out0,Connection,stuck_on,stuck_on
37,97,0.5,0,N0,Neuron,static,2.0
37,98,0.0,0,In0_Out4,Connection,stuck_off,stuck_off
37,99,0.5,1,In2_Out3,Connection,stuck_on,stuck_on
38,0,0.5,2,In0_Out0,Connection,stuck_on,stuck_on
38,1,0.5,2,N0,Neuron,static,2.0
38,2,0.5,1,In4_Out4,Connection,stuck_on,stuck_on
38,3,0.5,1,In0_Out3,Connection,stuck_on,stuck_on
38,4,0.0,2,In3_Out0,Connection,stuck_on,stuck_on
38,5,0.5,2,In2_Out2,Connection,stuck_off,stuck_off
38,6,0.5,1,In1_Out0,Connection,stuck_off,stuck_off
38,7,0.5,1,In1_Out0,Connection,stuck_on,stuck_on
38,8,0.5,1,In0_Out2,Connection,stuck_on,stuck_on
38,9,0.5,2,In1_Out2,Connection,stuck_on,stuck_on
38,10,0.5,1,In4_Out2,Connection,stuck_off,stuck_off
38,11,0.5,0,In0_Out0,Connection,stuck_on,stuck_on
38,12,0.5,0,In0_Out0,Connection,stuck_on,stuck_on
38,13,0.5,1,In1_Out1,Connection,stuck_on,stuck_on
38,14,0.5,1,In0_Out1,Connection,stuck_off,stuck_off
38,15,0.5,0,N3,Neuron,dynamic,Idx_0
38,16,0.0,2,In4_Out0,Connection,stuck_off,stuck_off
38,17,0.5,1,In1_Out3,Connection,stuck_off,stuck_off
38,18,0.5,1,In2_Out0,Connection,stuck_off,stuck_off
38,19,0.5,1,In0_Out2,Connection,stuck_off,stuck_off
38,20,0.0,2,In4_Out0,Connection,stuck_off,stuck_off
38,21,0.5,1,In4_Out1,Connection,stuck_on,stuck_on
38,22,0.5,0,N1,Neuron,static,0.0
38,23,0.5,0,In0_Out1,Connection,stuck_off,stuck_off
38,24,0.5,1,In3_Out4,Connection,stuck_off,stuck_off
38,25,0.5,0,In0_Out4,Connection,stuck_on,stuck_on
38,26,0.5,1,In1_Out0,Connection,stuck_on,stuck_on
38,27,0.5,2,In0_Out2,Connection,stuck_off,stuck_off
38,28,0.5,2,In1_Out1,Connection,stuck_on,stuck_on
38,29,0.5,2,In0_Out2,Connection,stuck_on,stuck_on
38,30,0.5,2,In0_Out2,Connection,stuck_off,stuck_off
38,31,0.0,2,N0,Neuron,static,0.0
38,32,0.5,0,N4,Neuron,static,3.0
38,33,0.5,1,In3_Out4,Connection,stuck_on,stuck_on
38,34,0.5,1,In1_Out4,Connection,stuck_off,stuck_off
38,35,0.5,1,In0_Out0,Connection,stuck_off,stuck_off
38,36,0.5,1,In1_Out4,Connection,stuck_on,stuck_on
38,37,0.5,2,In2_Out2,Connection,stuck_on,stuck_on
38,38,0.5,0,In0_Out2,Connection,stuck_on,stuck_on
38,39,0.5,2,In0_Out2,Connection,stuck_on,stuck_on
38,40,0.0,2,In4_Out0,Connection,stuck_off,stuck_off
38,41,0.5,1,In0_Out1,Connection,stuck_off,stuck_off
38,42,0.5,1,In3_Out3,Connection,stuck_on,stuck_on
38,43,0.5,1,In4_Out4,Connection,stuck_on,stuck_on
38,44,0.5,0,In0_Out2,Connection,stuck_on,stuck_on
38,45,0.5,1,In1_Out1,Connection,stuck_off,stuck_off
38,46,0.5,2,In3_Out1,Connection,stuck_off,stuck_off
38,47,0.5,1,In0_Out0,Connection,stuck_off,stuck_off
38,48,0.5,1,In1_Out3,Connection,stuck_off,stuck_off
38,49,0.5,1,In3_Out2,Connection,stuck_on,stuck_on
38,50,0.0,0,N1,Neuron,static,2.0
38,51,0.5,1,In0_Out1,Connection,stuck_off,stuck_off
38,52,0.5,0,In0_Out0,Connection,stuck_off,stuck_off
38,53,0.5,1,In0_Out2,Connection,stuck_on,stuck_on
38,54,0.5,2,In3_Out1,Connection,stuck_on,stuck_on
38,55,0.5,1,In0_Out3,Connection,stuck_off,stuck_off
38,56,0.5,2,In1_Out0,Connection,stuck_on,stuck_on
38,57,0.5,1,In0_Out1,Connection,stuck_on,stuck_on
38,58,0.5,0,N1,Neuron,dynamic,Idx_0
38,59,0.5,1,In0_Out3,Connection,stuck_off,stuck_off
38,60,0.5,1,In2_Out2,Connection,stuck_off,stuck_off
38,61,0.0,2,In4_Out0,Connection,stuck_off,stuck_off
38,62,0.0,0,N2,Neuron,dynamic,Idx_2
38,63,0.5,1,In0_Out4,Connection,stuck_on,stuck_on
38,64,0.5,2,N2,Neuron,static,0.0
38,65,0.5,1,In0_Out0,Connection,stuck_on,stuck_on
38,66,0.5,1,In4_Out1,Connection,stuck_on,stuck_on
38,67,0.5,0,In0_Out3,Connection,stuck_on,stuck_on
38,68,0.5,0,N4,Neuron,dynamic,Idx_2
38,69,0.5,1,In3_Out1,Connection,stuck_on,stuck_on
38,70,0.5,1,In0_Out2,Connection,stuck_on,stuck_on
38,71,0.5,2,In0_Out1,Connection,stuck_on,stuck_on
38,72,0.5,1,In1_Out3,Connection,stuck_off,stuck_off
38,73,0.5,1,In1_Out2,Connection,stuck_on,stuck_on
38,74,0.5,0,In0_Out0,Connection,stuck_off,stuck_off
38,75,0.5,1,In4_Out1,Connection,stuck_off,stuck_off
38,76,0.5,0,N4,Neuron,static,3.0
38,77,0.5,2,In1_Out0,Connection,stuck_on,stuck_on
38,78,0.0,0,N0,Neuron,static,3.0
38,79,0.5,1,In0_Out1,Connection,stuck_on,stuck_on
38,80,0.0,0,N0,Neuron,static,2.0
38,81,0.5,1,In1_Out3,Connection,stuck_on,stuck_on
38,82,0.5,1,In2_Out1,Connection,stuck_on,stuck_on
38,83,0.5,2,In0_Out0,Connection,stuck_on,stuck_on
38,84,0.5,0,N3,Neuron,static,0.0
38,85,0.5,0,N3,Neuron,dynamic,Idx_1
38,86,0.5,2,In2_Out2,Connection,stuck_off,stuck_off
38,87,0.5,2,N2,Neuron,static,0.0
38,88,0.5,1,In0_Out1,Connection,stuck_on,stuck_on
38,89,0.5,1,In3_Out4,Connection,stuck_on,stuck_on
38,90,0.5,1,In4_Out1,Connection,stuck_off,stuck_off
38,91,0.5,2,In2_Out2,Connection,stuck_off,stuck_off
38,92,0.5,0,N4,Neuron,static,2.0
38,93,0.5,1,In2_Out2,Connection,stuck_off,stuck_off
38,94,0.5,2,In2_Out2,Connection,stuck_off,stuck_off
38,95,0.5,1,In0_Out2,Connection,stuck_off,stuck_off
38,96,0.5,2,N2,Neuron,dynamic,Idx_2
38,97,0.5,2,In1_Out0,Connection,stuck_on,stuck_on
38,98,0.5,2,In2_Out2,Connection,stuck_off,stuck_off
38,99,0.5,2,In1_Out1,Connection,stuck_on,stuck_on
39,0,1.0,1,N0,Neuron,dynamic,Idx_0
39,1,1.0,1,In1_Out3,Connection,stuck_on,stuck_on
39,2,0.5,2,In0_Out0,Connection,stuck_on,stuck_on
39,3,0.5,2,In0_Out0,Connection,stuck_on,stuck_on
39,4,1.0,1,In2_Out2,Connection,stuck_on,stuck_on
39,5,0.5,0,In0_Out0,Connection,stuck_off,stuck_off
39,6,0.5,0,N2,Neuron,dynamic,Idx_2
39,7,1.0,1,In2_Out4,Connection,stuck_off,stuck_off
39,8,1.0,1,In3_Out0,Connection,stuck_on,stuck_on
39,9,1.0,0,In0_Out1,Connection,stuck_on,stuck_on
39,10,1.0,1,In1_Out1,Connection,stuck_off,stuck_off
39,11,1.0,0,In0_Out0,Connection,stuck_on,stuck_on
39,12,1.0,1,In1_Out0,Connection,stuck_on,stuck_on
39,13,1.0,1,In0_Out1,Connection,stuck_on,stuck_on
39,14,1.0,2,In4_Out0,Connection,stuck_on,stuck_on
39,15,1.0,1,In4_Out2,Connection,stuck_off,stuck_off
39,16,1.0,0,N2,Neuron,dynamic,Idx_0
39,17,1.0,1,In2_Out0,Connection,stuck_off,stuck_off
39,18,0.5,1,N3,Neuron,static,0.0
39,19,1.0,1,In3_Out1,Connection,stuck_on,stuck_on
39,20,0.5,0,In0_Out0,Connection,stuck_off,stuck_off
39,21,1.0,1,In0_Out1,Connection,stuck_on,stuck_on
39,22,1.0,0,In0_Out1,Connection,stuck_off,stuck_off
39,23,1.0,1,In2_Out1,Connection,stuck_off,stuck_off
39,24,0.5,1,In1_Out4,Connection,stuck_on,stuck_on
39,25,0.5,2,In1_Out0,Connection,stuck_on,stuck_on
39,26,1.0,1,In3_Out0,Connection,stuck_on,stuck_on
39,27,1.0,1,In4_Out4,Connection,stuck_off,stuck_off
39,28,1.0,1,In1_Out2,Connection,stuck_on,stuck_on
39,29,0.5,1,In3_Out4,Connection,stuck_on,stuck_on
39,30,1.0,1,In4_Out1,Connection,stuck_on,stuck_on
39,31,1.0,1,In0_Out4,Connection,stuck_on,stuck_on
39,32,1.0,1,N0,Neuron,static,2.0
39,33,0.5,1,N4,Neuron,static,0.0
39,34,1.0,1,In4_Out0,Connection,stuck_off,stuck_off
39,35,0.0,1,N2,Neuron,dynamic,Idx_1
39,36,0.0,1,N2,Neuron,dynamic,Idx_1
39,37,1.0,1,In3_Out2,Connection,stuck_on,stuck_on
39,38,1.0,2,In2_Out2,Connection,stuck_on,stuck_on
39,39,0.5,1,N4,Neuron,static,2.0
39,40,0.0,0,N4,Neuron,static,3.0
39,41,1.0,0,N1,Neuron,dynamic,Idx_0
39,42,1.0,0,In0_Out1,Connection,stuck_off,stuck_off
39,43,1.0,1,In1_Out2,Connection,stuck_off,stuck_off
39,44,1.0,1,In4_Out2,Connection,stuck_off,stuck_off
39,45,1.0,2,In3_Out2,Connection,stuck_off,stuck_off
39,46,1.0,0,In0_Out2,Connection,stuck_off,stuck_off
39,47,1.0,2,In4_Out0,Connection,stuck_on,stuck_on
39,48,1.0,1,In0_Out3,Connection,stuck_off,stuck_off
39,49,1.0,1,N1,Neuron,static,2.0
39,50,1.0,1,In3_Out4,Connection,stuck_off,stuck_off
39,51,0.5,1,N4,Neuron,dynamic,Idx_2
39,52,1.0,1,In0_Out0,Connection,stuck_off,stuck_off
39,53,1.0,2,In3_Out0,Connection,stuck_off,stuck_off
39,54,1.0,1,In3_Out3,Connection,stuck_on,stuck_on
39,55,1.0,0,N3,Neuron,dynamic,Idx_1
39,56,1.0,1,In1_Out4,Connection,stuck_off,stuck_off
39,57,1.0,1,In1_Out0,Connection,stuck_off,stuck_off
39,58,1.0,1,N1,Neuron,static,3.0
39,59,0.5,2,N1,Neuron,dynamic,Idx_2
39,60,0.5,1,N2,Neuron,static,3.0
39,61,1.0,2,In3_Out1,Connection,stuck_on,stuck_on
39,62,1.0,0,N3,Neuron,dynamic,Idx_1
39,63,1.0,2,In4_Out2,Connection,stuck_on,stuck_on
39,64,1.0,1,In4_Out0,Connection,stuck_off,stuck_off
39,65,1.0,1,In1_Out4,Connection,stuck_off,stuck_off
39,66,1.0,1,In2_Out1,Connection,stuck_on,stuck_on
39,67,1.0,2,In0_Out1,Connection,stuck_off,stuck_off
39,68,1.0,1,In3_Out0,Connection,stuck_on,stuck_on
39,69,0.5,2,In0_Out0,Connection,stuck_on,stuck_on
39,70,1.0,1,In3_Out4,Connection,stuck_off,stuck_off
39,71,1.0,1,In0_Out1,Connection,stuck_on,stuck_on
39,72,1.0,2,In4_Out0,Connection,stuck_on,stuck_on
39,73,1.0,1,In2_Out1,Connection,stuck_on,stuck_on
39,74,0.5,0,N2,Neuron,dynamic,Idx_2
39,75,0.5,0,N4,Neuron,dynamic,Idx_2
39,76,0.0,0,N4,Neuron,static,2.0
39,77,1.0,0,N1,Neuron,dynamic,Idx_2
39,78,0.5,2,N1,Neuron,static,3.0
39,79,1.0,0,N2,Neuron,dynamic,Idx_0
39,80,1.0,1,In3_Out1,Connection,stuck_off,stuck_off
39,81,0.5,2,In4_Out1,Connection,stuck_off,stuck_off
39,82,0.5,1,N4,Neuron,dynamic,Idx_0
39,83,1.0,1,In0_Out1,Connection,stuck_off,stuck_off
39,84,0.5,1,In4_Out4,Connection,stuck_on,stuck_on
39,85,1.0,2,In4_Out0,Connection,stuck_on,stuck_on
39,86,1.0,1,In2_Out2,Connection,stuck_off,stuck_off
39,87,1.0,1,In4_Out3,Connection,stuck_off,stuck_off
39,88,1.0,0,In0_Out3,Connection,stuck_off,stuck_off
39,89,1.0,1,In2_Out0,Connection,stuck_on,stuck_on
39,90,1.0,2,In4_Out2,Connection,stuck_off,stuck_off
39,91,1.0,1,In2_Out0,Connection,stuck_off,stuck_off
39,92,1.0,1,In4_Out0,Connection,stuck_on,stuck_on
39,93,0.5,2,N0,Neuron,static,3.0
39,94,1.0,1,N1,Neuron,static,3.0
39,95,1.0,1,In4_Out0,Connection,stuck_on,stuck_on
39,96,1.0,0,N2,Neuron,dynamic,Idx_0
39,97,1.0,2,In1_Out2,Connection,stuck_off,stuck_off
39,98,0.5,0,In0_Out0,Connection,stuck_off,stuck_off
39,99,1.0,2,In1_Out1,Connection,stuck_on,stuck_on
40,0,0.5,0,In0_Out1,Connection,stuck_on,stuck_on
40,1,1.0,1,N1,Neuron,dynamic,Idx_2
40,2,0.5,0,N4,Neuron,static,2.0
40,3,0.5,0,N3,Neuron,static,0.0
40,4,0.0,2,In2_Out0,Connection,stuck_off,stuck_off
40,5,1.0,1,In0_Out1,Connection,stuck_on,stuck_on
40,6,0.5,2,N2,Neuron,dynamic,Idx_0
40,7,0.5,1,In1_Out1,Connection,stuck_on,stuck_on
40,8,1.0,1,In1_Out4,Connection,stuck_off,stuck_off
40,9,0.0,1,N4,Neuron,dynamic,Idx_1
40,10,0.5,1,In4_Out3,Connection,stuck_on,stuck_on
40,11,0.5,2,N2,Neuron,static,2.0
40,12,0.5,1,In3_Out3,Connection,stuck_on,stuck_on
40,13,0.5,0,In0_Out1,Connection,stuck_off,stuck_off
40,14,0.5,1,In4_Out0,Connection,stuck_on,stuck_on
40,15,0.5,2,In0_Out2,Connection,stuck_on,stuck_on
40,16,1.0,2,In2_Out0,Connection,stuck_on,stuck_on
40,17,0.0,0,N0,Neuron,dynamic,Idx_0
40,18,0.5,1,In2_Out1,Connection,stuck_off,stuck_off
40,19,0.5,0,In0_Out3,Connection,stuck_on,stuck_on
40,20,0.5,1,In1_Out1,Connection,stuck_off,stuck_off
40,21,1.0,2,In3_Out0,Connection,stuck_on,stuck_on
40,22,0.5,2,In3_Out2,Connection,stuck_on,stuck_on
40,23,0.5,1,In2_Out1,Connection,stuck_off,stuck_off
40,24,0.5,1,In3_Out0,Connection,stuck_on,stuck_on
40,25,1.0,1,In0_Out2,Connection,stuck_on,stuck_on
40,26,0.5,0,In0_Out2,Connection,stuck_on,stuck_on
40,27,0.5,2,In0_Out2,Connection,stuck_on,stuck_on
40,28,0.5,1,In4_Out2,Connection,stuck_off,stuck_off
40,29,0.5,0,N3,Neuron,static,0.0
40,30,0.5,2,In4_Out2,Connection,stuck_off,stuck_off
40,31,1.0,2,In4_Out0,Connection,stuck_off,stuck_off
40,32,0.5,2,In2_Out2,Connection,stuck_on,stuck_on
40,33,0.5,0,N2,Neuron,static,0.0
40,34,0.5,1,N2,Neuron,dynamic,Idx_0
40,35,0.5,2,In3_Out1,Connection,stuck_off,stuck_off
40,36,0.0,2,N1,Neuron,dynamic,Idx_1
40,37,0.5,0,In0_Out2,Connection,stuck_on,stuck_on
40,38,0.5,2,In1_Out2,Connection,stuck_on,stuck_on
40,39,0.5,2,In4_Out1,Connection,stuck_on,stuck_on
40,40,0.5,1,In2_Out4,Connection,stuck_off,stuck_off
40,41,1.0,2,In2_Out0,Connection,stuck_on,stuck_on
40,42,0.0,0,In0_Out0,Connection,stuck_off,stuck_off
40,43,0.5,1,In1_Out0,Connection,stuck_off,stuck_off
40,44,1.0,1,In2_Out0,Connection,stuck_on,stuck_on
40,45,1.0,1,In4_Out4,Connection,stuck_off,stuck_off
40,46,0.5,2,In3_Out2,Connection,stuck_off,stuck_off
40,47,0.0,2,In1_Out0,Connection,stuck_on,stuck_on
40,48,0.5,1,In2_Out3,Connection,stuck_off,stuck_off
40,49,1.0,2,N0,Neuron,static,0.0
40,50,0.5,1,In1_Out2,Connection,stuck_on,stuck_on
40,51,0.5,2,In1_Out1,Connection,stuck_on,stuck_on
40,52,0.5,1,In0_Out1,Connection,stuck_off,stuck_off
40,53,0.5,0,N2,Neuron,dynamic,Idx_1
40,54,1.0,1,In0_Out3,Connection,stuck_on,stuck_on
40,55,0.0,1,In4_Out4,Connection,stuck_on,stuck_on
40,56,0.0,2,In0_Out0,Connection,stuck_on,stuck_on
40,57,0.5,2,In3_Out1,Connection,stuck_on,stuck_on
40,58,0.0,1,In3_Out4,Connection,stuck_on,stuck_on
40,59,1.0,1,In1_Out2,Connection,stuck_off,stuck_off
40,60,0.5,1,In1_Out3,Connection,stuck_on,stuck_on
40,61,0.5,1,In3_Out1,Connection,stuck_on,stuck_on
40,62,0.5,1,In2_Out1,Connection,stuck_off,stuck_off
40,63,1.0,1,N0,Neuron,dynamic,Idx_2
40,64,0.5,2,In3_Out2,Connection,stuck_off,stuck_off
40,65,1.0,2,In3_Out0,Connection,stuck_on,stuck_on
40,66,1.0,1,In2_Out0,Connection,stuck_on,stuck_on
40,67,0.5,1,In4_Out0,Connection,stuck_off,stuck_off
40,68,0.5,1,In3_Out1,Connection,stuck_on,stuck_on
40,69,0.5,1,N3,Neuron,dynamic,Idx_0
40,70,1.0,0,In0_Out3,Connection,stuck_off,stuck_off
40,71,0.5,1,In3_Out3,Connection,stuck_off,stuck_off
40,72,0.5,2,In2_Out1,Connection,stuck_off,stuck_off
40,73,0.5,0,N2,Neuron,dynamic,Idx_1
40,74,0.5,1,In2_Out1,Connection,stuck_on,stuck_on
40,75,0.5,1,In3_Out3,Connection,stuck_on,stuck_on
40,76,0.0,2,In2_Out1,Connection,stuck_on,stuck_on
40,77,0.5,2,In2_Out1,Connection,stuck_off,stuck_off
40,78,0.5,0,N3,Neuron,static,0.0
40,79,1.0,1,In0_Out4,Connection,stuck_on,stuck_on
40,80,0.5,2,In0_Out1,Connection,stuck_on,stuck_on
40,81,0.5,1,In4_Out0,Connection,stuck_on,stuck_on
40,82,0.5,0,N2,Neuron,static,2.0
40,83,0.5,1,In4_Out3,Connection,stuck_off,stuck_off
40,84,1.0,1,In3_Out0,Connection,stuck_off,stuck_off
40,85,0.5,1,N1,Neuron,dynamic,Idx_1
40,86,0.5,2,In2_Out2,Connection,stuck_off,stuck_off
40,87,0.5,0,In0_Out3,Connection,stuck_on,stuck_on
40,88,0.5,2,In4_Out1,Connection,stuck_on,stuck_on
40,89,0.5,1,In0_Out0,Connection,stuck_off,stuck_off
40,90,0.5,0,N1,Neuron,static,0.0
40,91,1.0,1,In0_Out4,Connection,stuck_on,stuck_on
40,92,0.5,1,In4_Out0,Connection,stuck_on,stuck_on
40,93,0.5,2,In3_Out2,Connection,stuck_off,stuck_off
40,94,0.5,1,In0_Out0,Connection,stuck_off,stuck_off
40,95,0.5,2,In2_Out2,Connection,stuck_off,stuck_off
40,96,0.5,2,N1,Neuron,static,3.0
40,97,1.0,2,In3_Out0,Connection,stuck_on,stuck_on
40,98,0.5,1,In2_Out1,Connection,stuck_on,stuck_on
40,99,0.0,2,N0,Neuron,static,3.0
41,0,1.0,0,N3,Neuron,static,0.0
41,1,0.5,1,N1,Neuron,static,3.0
41,2,1.0,1,In4_Out2,Connection,stuck_off,stuck_off
41,3,0.0,1,N3,Neuron,static,2.0
41,4,1.0,1,In3_Out2,Connection,stuck_on,stuck_on
41,5,0.5,2,In1_Out1,Connection,stuck_on,stuck_on
41,6,0.5,2,In4_Out1,Connection,stuck_off,stuck_off
41,7,0.5,2,In1_Out0,Connection,stuck_on,stuck_on
41,8,1.0,1,In1_Out1,Connection,stuck_off,stuck_off
41,9,0.5,2,In4_Out1,Connection,stuck_off,stuck_off
41,10,0.5,2,N1,Neuron,static,3.0
41,11,1.0,1,In1_Out1,Connection,stuck_on,stuck_on
41,12,0.5,1,N0,Neuron,static,2.0
41,13,1.0,1,In4_Out2,Connection,stuck_on,stuck_on
41,14,1.0,2,In1_Out0,Connection,stuck_off,stuck_off
41,15,0.0,2,In3_Out2,Connection,stuck_on,stuck_on
41,16,1.0,2,In0_Out0,Connection,stuck_off,stuck_off
41,17,1.0,1,N0,Neuron,static,0.0
41,18,0.5,2,In2_Out0,Connection,stuck_on,stuck_on
41,19,0.0,2,In2_Out2,Connection,stuck_off,stuck_off
41,20,1.0,0,In0_Out1,Connection,stuck_on,stuck_on
41,21,0.0,0,N3,Neuron,static,2.0
41,22,1.0,1,In2_Out1,Connection,stuck_off,stuck_off
41,23,0.5,2,N0,Neuron,dynamic,Idx_1
41,24,0.5,1,In2_Out4,Connection,stuck_on,stuck_on
41,25,1.0,0,In0_Out3,Connection,stuck_on,stuck_on
41,26,1.0,1,In3_Out0,Connection,stuck_on,stuck_on
41,27,1.0,2,In2_Out2,Connection,stuck_on,stuck_on
41,28,1.0,0,In0_Out2,Connection,stuck_on,stuck_on
41,29,1.0,0,In0_Out3,Connection,stuck_off,stuck_off
41,30,0.5,1,N1,Neuron,static,3.0
41,31,1.0,1,In2_Out0,Connection,stuck_off,stuck_off
41,32,1.0,1,In3_Out3,Connection,stuck_on,stuck_on
41,33,1.0,1,In2_Out3,Connection,stuck_off,stuck_off
41,34,1.0,1,In1_Out3,Connection,stuck_on,stuck_on
41,35,1.0,1,In1_Out2,Connection,stuck_on,stuck_on
41,36,1.0,0,In0_Out3,Connection,stuck_off,stuck_off
41,37,0.5,2,In3_Out0,Connection,stuck_on,stuck_on
41,38,0.0,1,N3,Neuron,static,2.0
41,39,1.0,1,In3_Out2,Connection,stuck_on,stuck_on
41,40,1.0,0,In0_Out0,Connection,stuck_on,stuck_on
41,41,0.5,1,In1_Out4,Connection,stuck_on,stuck_on
41,42,1.0,2,In4_Out2,Connection,stuck_off,stuck_off
41,43,0.5,1,N4,Neuron,dynamic,Idx_2
41,44,0.5,1,In3_Out4,Connection,stuck_off,stuck_off
41,45,0.5,2,N0,Neuron,dynamic,Idx_0
41,46,0.0,2,In3_Out2,Connection,stuck_on,stuck_on
41,47,1.0,1,In2_Out2,Connection,stuck_off,stuck_off
41,48,1.0,2,In3_Out1,Connection,stuck_off,stuck_off
41,49,1.0,2,N2,Neuron,dynamic,Idx_0
41,50,0.5,0,N1,Neuron,static,2.0
41,51,0.5,1,In1_Out4,Connection,stuck_on,stuck_on
41,52,0.5,1,N0,Neuron,dynamic,Idx_2
41,53,1.0,1,In0_Out4,Connection,stuck_off,stuck_off
41,54,1.0,0,N1,Neuron,dynamic,Idx_0
41,55,1.0,2,In4_Out2,Connection,stuck_off,stuck_off
41,56,1.0,1,N0,Neuron,dynamic,Idx_0
41,57,0.5,2,In2_Out0,Connection,stuck_on,stuck_on
41,58,1.0,1,In1_Out1,Connection,stuck_off,stuck_off
41,59,0.5,1,N4,Neuron,dynamic,Idx_0
41,60,1.0,1,In1_Out2,Connection,stuck_off,stuck_off
41,61,1.0,2,N2,Neuron,dynamic,Idx_0
41,62,0.5,2,In3_Out0,Connection,stuck_on,stuck_on
41,63,1.0,1,In0_Out4,Connection,stuck_on,stuck_on
41,64,0.0,2,In2_Out2,Connection,stuck_off,stuck_off
41,65,0.0,2,In3_Out2,Connection,stuck_on,stuck_on
41,66,1.0,2,In3_Out2,Connection,stuck_off,stuck_off
41,67,1.0,2,In2_Out2,Connection,stuck_on,stuck_on
41,68,0.5,2,In2_Out0,Connection,stuck_on,stuck_on
41,69,0.5,2,N0,Neuron,static,0.0
41,70,1.0,1,In1_Out2,Connection,stuck_on,stuck_on
41,71,1.0,2,In0_Out2,Connection,stuck_off,stuck_off
41,72,1.0,1,In3_Out3,Connection,stuck_on,stuck_on
41,73,1.0,1,In1_Out1,Connection,stuck_off,stuck_off
41,74,0.0,0,N4,Neuron,static,2.0
41,75,0.0,2,In3_Out2,Connection,stuck_on,stuck_on
41,76,0.5,2,In4_Out1,Connection,stuck_on,stuck_on
41,77,1.0,1,In3_Out3,Connection,stuck_off,stuck_off
41,78,0.0,2,In3_Out2,Connection,stuck_on,stuck_on
41,79,1.0,1,In3_Out2,Connection,stuck_off,stuck_off
41,80,1.0,1,In0_Out3,Connection,stuck_on,stuck_on
41,81,0.5,1,In1_Out4,Connection,stuck_on,stuck_on
41,82,0.5,0,In0_Out0,Connection,stuck_off,stuck_off
41,83,1.0,2,In4_Out2,Connection,stuck_off,stuck_off
41,84,0.5,1,N3,Neuron,dynamic,Idx_0
41,85,1.0,1,In1_Out1,Connection,stuck_on,stuck_on
41,86,1.0,1,In0_Out3,Connection,stuck_on,stuck_on
41,87,1.0,1,In1_Out3,Connection,stuck_on,stuck_on
41,88,1.0,2,In3_Out1,Connection,stuck_off,stuck_off
41,89,1.0,1,In3_Out0,Connection,stuck_on,stuck_on
41,90,0.5,1,In3_Out4,Connection,stuck_on,stuck_on
41,91,1.0,1,In3_Out3,Connection,stuck_off,stuck_off
41,92,1.0,1,In3_Out0,Connection,stuck_off,stuck_off
41,93,1.0,1,In4_Out1,Connection,stuck_on,stuck_on
41,94,1.0,1,N1,Neuron,dynamic,Idx_0
41,95,1.0,2,In3_Out1,Connection,stuck_off,stuck_off
41,96,0.0,1,N3,Neuron,dynamic,Idx_2
41,97,0.5,2,In0_Out1,Connection,stuck_on,stuck_on
41,98,1.0,2,In4_Out0,Connection,stuck_on,stuck_on
41,99,1.0,2,In3_Out1,Connection,stuck_off,stuck_off
42,0,1.0,1,In3_Out2,Connection,stuck_on,stuck_on
42,1,1.0,2,In3_Out0,Connection,stuck_off,stuck_off
42,2,1.0,0,In0_Out2,Connection,stuck_off,stuck_off
42,3,1.0,2,In0_Out1,Connection,stuck_on,stuck_on
42,4,1.0,1,In1_Out0,Connection,stuck_on,stuck_on
42,5,1.0,0,In0_Out3,Connection,stuck_off,stuck_off
42,6,0.0,2,N0,Neuron,static,2.0
42,7,1.0,1,In4_Out1,Connection,stuck_off,stuck_off
42,8,1.0,1,In2_Out3,Connection,stuck_off,stuck_off
42,9,0.0,0,N0,Neuron,dynamic,Idx_0
42,10,1.0,1,In0_Out0,Connection,stuck_on,stuck_on
42,11,1.0,1,In0_Out0,Connection,stuck_off,stuck_off
42,12,0.5,2,In0_Out0,Connection,stuck_on,stuck_on
42,13,0.5,2,In0_Out0,Connection,stuck_on,stuck_on
42,14,0.5,1,N1,Neuron,static,0.0
42,15,1.0,1,In1_Out1,Connection,stuck_off,stuck_off
42,16,1.0,1,In3_Out2,Connection,stuck_off,stuck_off
42,17,0.5,2,N1,Neuron,dynamic,Idx_0
42,18,0.5,2,N2,Neuron,dynamic,Idx_1
42,19,1.0,1,N0,Neuron,dynamic,Idx_1
42,20,0.5,2,In4_Out1,Connection,stuck_on,stuck_on
42,21,1.0,1,In1_Out2,Connection,stuck_off,stuck_off
42,22,1.0,1,In2_Out4,Connection,stuck_off,stuck_off
42,23,1.0,1,In4_Out0,Connection,stuck_on,stuck_on
42,24,1.0,1,In4_Out4,Connection,stuck_off,stuck_off
42,25,0.0,0,N0,Neuron,dynamic,Idx_0
42,26,1.0,1,In2_Out0,Connection,stuck_on,stuck_on
42,27,1.0,0,In0_Out0,Connection,stuck_on,stuck_on
42,28,1.0,1,In1_Out1,Connection,stuck_on,stuck_on
42,29,0.5,2,N1,Neuron,static,0.0
42,30,0.5,1,N3,Neuron,static,3.0
42,31,1.0,1,N0,Neuron,dynamic,Idx_0
42,32,0.0,2,N0,Neuron,dynamic,Idx_2
42,33,0.5,2,In3_Out2,Connection,stuck_on,stuck_on
42,34,0.0,0,N0,Neuron,dynamic,Idx_0
42,35,1.0,1,In3_Out1,Connection,stuck_off,stuck_off
42,36,1.0,1,In2_Out2,Connection,stuck_on,stuck_on
42,37,1.0,1,N1,Neuron,static,3.0
42,38,1.0,2,In1_Out0,Connection,stuck_off,stuck_off
42,39,0.5,1,N0,Neuron,static,0.0
42,40,0.5,1,N4,Neuron,dynamic,Idx_2
42,41,0.5,2,In3_Out2,Connection,stuck_on,stuck_on
42,42,1.0,2,In0_Out1,Connection,stuck_on,stuck_on
42,43,1.0,2,In4_Out0,Connection,stuck_on,stuck_on
42,44,0.5,1,N2,Neuron,dynamic,Idx_2
42,45,1.0,1,In0_Out1,Connection,stuck_off,stuck_off
42,46,1.0,1,In3_Out1,Connection,stuck_on,stuck_on
42,47,1.0,1,In1_Out0,Connection,stuck_off,stuck_off
42,48,1.0,2,In2_Out2,Connection,stuck_on,stuck_on
42,49,1.0,2,In3_Out1,Connection,stuck_off,stuck_off
42,50,1.0,1,In0_Out3,Connection,stuck_on,stuck_on
42,51,1.0,0,In0_Out3,Connection,stuck_off,stuck_off
42,52,1.0,2,In1_Out1,Connection,stuck_off,stuck_off
42,53,1.0,2,In3_Out0,Connection,stuck_on,stuck_on
42,54,1.0,1,In3_Out4,Connection,stuck_off,stuck_off
42,55,1.0,0,In0_Out3,Connection,stuck_off,stuck_off
42,56,0.5,1,In4_Out4,Connection,stuck_on,stuck_on
42,57,1.0,1,In4_Out3,Connection,stuck_off,stuck_off
42,58,0.0,2,N0,Neuron,static,3.0
42,59,0.5,0,N4,Neuron,static,0.0
42,60,0.5,2,In4_Out1,Connection,stuck_off,stuck_off
42,61,0.5,2,In0_Out2,Connection,stuck_off,stuck_off
42,62,0.0,1,N4,Neuron,static,3.0
42,63,1.0,2,In0_Out1,Connection,stuck_on,stuck_on
42,64,1.0,1,In0_Out4,Connection,stuck_on,stuck_on
42,65,1.0,1,In0_Out0,Connection,stuck_on,stuck_on
42,66,0.5,1,In2_Out4,Connection,stuck_on,stuck_on
42,67,0.5,2,In0_Out2,Connection,stuck_on,stuck_on
42,68,0.5,2,N1,Neuron,dynamic,Idx_1
42,69,0.5,2,In0_Out2,Connection,stuck_off,stuck_off
42,70,0.5,2,In0_Out0,Connection,stuck_on,stuck_on
42,71,1.0,0,In0_Out3,Connection,stuck_on,stuck_on
42,72,1.0,1,In3_Out1,Connection,stuck_on,stuck_on
42,73,1.0,1,In3_Out3,Connection,stuck_off,stuck_off
42,74,0.5,1,N1,Neuron,static,0.0
42,75,0.5,2,In4_Out1,Connection,stuck_off,stuck_off
42,76,1.0,1,In1_Out3,Connection,stuck_off,stuck_off
42,77,0.5,2,In0_Out2,Connection,stuck_off,stuck_off
42,78,1.0,0,N1,Neuron,dynamic,Idx_0
42,79,1.0,1,In2_Out0,Connection,stuck_off,stuck_off
42,80,1.0,2,N0,Neuron,dynamic,Idx_0
42,81,1.0,1,N0,Neuron,static,3.0
42,82,1.0,0,In0_Out2,Connection,stuck_off,stuck_off
42,83,0.5,1,N0,Neuron,static,0.0
42,84,1.0,1,In3_Out3,Connection,stuck_off,stuck_off
42,85,1.0,1,In4_Out3,Connection,stuck_off,stuck_off
42,86,1.0,0,In0_Out1,Connection,stuck_off,stuck_off
42,87,0.0,1,N4,Neuron,static,0.0
42,88,0.5,0,N4,Neuron,static,3.0
42,89,0.5,1,N3,Neuron,static,3.0
42,90,1.0,2,In2_Out1,Connection,stuck_off,stuck_off
42,91,1.0,2,In0_Out0,Connection,stuck_off,stuck_off
42,92,0.5,2,In3_Out1,Connection,stuck_on,stuck_on
42,93,0.0,1,N4,Neuron,dynamic,Idx_1
42,94,1.0,2,In1_Out1,Connection,stuck_off,stuck_off
42,95,1.0,1,In4_Out1,Connection,stuck_off,stuck_off
42,96,0.5,0,N0,Neuron,static,3.0
42,97,0.5,2,In2_Out0,Connection,stuck_off,stuck_off
42,98,0.5,2,In0_Out0,Connection,stuck_on,stuck_on
42,99,1.0,1,In3_Out0,Connection,stuck_off,stuck_off
43,0,0.0,1,In4_Out4,Connection,stuck_on,stuck_on
43,1,0.0,0,In0_Out1,Connection,stuck_off,stuck_off
43,2,0.0,1,In4_Out2,Connection,stuck_off,stuck_off
43,3,0.0,1,In3_Out3,Connection,stuck_off,stuck_off
43,4,0.0,1,In0_Out1,Connection,stuck_off,stuck_off
43,5,0.0,1,In0_Out4,Connection,stuck_on,stuck_on
43,6,0.0,1,N3,Neuron,static,0.0
43,7,1.0,0,N3,Neuron,static,3.0
43,8,0.0,1,In3_Out2,Connection,stuck_on,stuck_on
43,9,0.0,2,In1_Out1,Connection,stuck_on,stuck_on
43,10,0.0,1,In0_Out4,Connection,stuck_on,stuck_on
43,11,0.0,1,In3_Out3,Connection,stuck_on,stuck_on
43,12,0.0,1,In1_Out3,Connection,stuck_off,stuck_off
43,13,0.0,0,In0_Out4,Connection,stuck_on,stuck_on
43,14,0.0,1,In3_Out3,Connection,stuck_on,stuck_on
43,15,0.0,0,N3,Neuron,dynamic,Idx_0
43,16,0.0,0,N4,Neuron,dynamic,Idx_1
43,17,0.0,1,In0_Out0,Connection,stuck_off,stuck_off
43,18,0.5,0,N1,Neuron,static,2.0
43,19,0.0,1,In3_Out2,Connection,stuck_off,stuck_off
43,20,0.0,2,In3_Out1,Connection,stuck_off,stuck_off
43,21,0.0,1,N4,Neuron,dynamic,Idx_1
43,22,1.0,2,In4_Out0,Connection,stuck_off,stuck_off
43,23,0.0,1,In1_Out0,Connection,stuck_off,stuck_off
43,24,0.0,1,In1_Out4,Connection,stuck_off,stuck_off
43,25,0.0,1,In4_Out3,Connection,stuck_off,stuck_off
43,26,0.0,1,In3_Out2,Connection,stuck_off,stuck_off
43,27,0.0,2,N1,Neuron,dynamic,Idx_2
43,28,0.0,1,In1_Out1,Connection,stuck_on,stuck_on
43,29,0.0,1,In3_Out0,Connection,stuck_off,stuck_off
43,30,0.0,2,In2_Out1,Connection,stuck_off,stuck_off
43,31,0.0,2,In2_Out2,Connection,stuck_on,stuck_on
43,32,0.0,1,In4_Out4,Connection,stuck_off,stuck_off
43,33,0.0,2,In4_Out0,Connection,stuck_on,stuck_on
43,34,0.0,1,In0_Out0,Connection,stuck_off,stuck_off
43,35,0.0,1,In0_Out0,Connection,stuck_off,stuck_off
43,36,0.0,1,In1_Out0,Connection,stuck_off,stuck_off
43,37,0.0,2,In4_Out1,Connection,stuck_off,stuck_off
43,38,0.0,2,In4_Out0,Connection,stuck_on,stuck_on
43,39,0.0,1,In2_Out1,Connection,stuck_off,stuck_off
43,40,0.0,1,In0_Out3,Connection,stuck_on,stuck_on
43,41,0.0,1,In1_Out0,Connection,stuck_off,stuck_off
43,42,1.0,2,In4_Out0,Connection,stuck_off,stuck_off
43,43,0.0,2,In3_Out1,Connection,stuck_on,stuck_on
43,44,0.0,1,In0_Out0,Connection,stuck_on,stuck_on
43,45,1.0,1,N0,Neuron,static,3.0
43,46,0.0,1,In1_Out3,Connection,stuck_on,stuck_on
43,47,0.0,1,In4_Out0,Connection,stuck_on,stuck_on
43,48,0.0,0,In0_Out1,Connection,stuck_on,stuck_on
43,49,0.0,1,N3,Neuron,dynamic,Idx_2
43,50,0.0,1,In0_Out4,Connection,stuck_on,stuck_on
43,51,0.0,1,In0_Out4,Connection,stuck_off,stuck_off
43,52,0.0,1,N0,Neuron,dynamic,Idx_1
43,53,0.0,2,In3_Out0,Connection,stuck_off,stuck_off
43,54,0.0,1,In2_Out1,Connection,stuck_on,stuck_on
43,55,0.5,0,N1,Neuron,static,2.0
43,56,0.0,2,In0_Out1,Connection,stuck_off,stuck_off
43,57,0.0,1,In1_Out0,Connection,stuck_on,stuck_on
43,58,0.0,2,In1_Out0,Connection,stuck_off,stuck_off
43,59,0.0,2,In4_Out1,Connection,stuck_off,stuck_off
43,60,0.0,2,In4_Out1,Connection,stuck_on,stuck_on
43,61,0.0,1,In1_Out1,Connection,stuck_off,stuck_off
43,62,0.0,1,In4_Out2,Connection,stuck_off,stuck_off
43,63,0.0,1,In3_Out4,Connection,stuck_on,stuck_on
43,64,1.0,1,N2,Neuron,static,0.0
43,65,0.0,1,N4,Neuron,static,0.0
43,66,0.0,1,In1_Out2,Connection,stuck_on,stuck_on
43,67,0.0,1,In0_Out1,Connection,stuck_on,stuck_on
43,68,0.0,0,In0_Out1,Connection,stuck_on,stuck_on
43,69,0.0,2,N1,Neuron,dynamic,Idx_2
43,70,1.0,2,N0,Neuron,dynamic,Idx_1
43,71,1.0,2,In0_Out2,Connection,stuck_on,stuck_on
43,72,0.0,0,In0_Out2,Connection,stuck_on,stuck_on
43,73,0.0,1,In0_Out0,Connection,stuck_on,stuck_on
43,74,0.0,2,In3_Out1,Connection,stuck_on,stuck_on
43,75,0.0,1,In0_Out3,Connection,stuck_off,stuck_off
43,76,0.0,2,In3_Out0,Connection,stuck_off,stuck_off
43,77,0.0,1,In0_Out0,Connection,stuck_on,stuck_on
43,78,0.0,1,In4_Out4,Connection,stuck_off,stuck_off
43,79,1.0,2,In1_Out2,Connection,stuck_on,stuck_on
43,80,0.0,1,In2_Out2,Connection,stuck_on,stuck_on
43,81,0.0,1,In0_Out2,Connection,stuck_on,stuck_on
43,82,0.0,1,In1_Out3,Connection,stuck_off,stuck_off
43,83,1.0,2,In4_Out0,Connection,stuck_off,stuck_off
43,84,0.0,1,N4,Neuron,dynamic,Idx_1
43,85,1.0,2,In4_Out0,Connection,stuck_off,stuck_off
43,86,0.0,1,N3,Neuron,dynamic,Idx_2
43,87,0.0,1,In2_Out2,Connection,stuck_on,stuck_on
43,88,0.0,1,In3_Out1,Connection,stuck_off,stuck_off
43,89,0.0,2,In4_Out0,Connection,stuck_on,stuck_on
43,90,0.0,2,In2_Out1,Connection,stuck_off,stuck_off
43,91,0.0,1,In2_Out0,Connection,stuck_on,stuck_on
43,92,0.0,1,In4_Out3,Connection,stuck_off,stuck_off
43,93,0.0,2,In0_Out2,Connection,stuck_off,stuck_off
43,94,1.0,2,In3_Out2,Connection,stuck_on,stuck_on
43,95,1.0,2,N0,Neuron,dynamic,Idx_0
43,96,0.0,1,In3_Out1,Connection,stuck_on,stuck_on
43,97,0.0,0,In0_Out1,Connection,stuck_on,stuck_on
43,98,0.0,1,In4_Out1,Connection,stuck_off,stuck_off
43,99,0.0,1,In3_Out1,Connection,stuck_on,stuck_on
44,0,1.0,0,N1,Neuron,dynamic,Idx_1
44,1,1.0,1,In3_Out3,Connection,stuck_on,stuck_on
44,2,1.0,0,In0_Out1,Connection,stuck_off,stuck_off
44,3,1.0,1,In4_Out0,Connection,stuck_off,stuck_off
44,4,1.0,0,In0_Out4,Connection,stuck_on,stuck_on
44,5,1.0,1,In4_Out0,Connection,stuck_on,stuck_on
44,6,1.0,1,In1_Out3,Connection,stuck_off,stuck_off
44,7,0.5,2,In4_Out1,Connection,stuck_off,stuck_off
44,8,0.5,2,N1,Neuron,dynamic,Idx_2
44,9,0.5,1,In2_Out4,Connection,stuck_on,stuck_on
44,10,1.0,1,In4_Out4,Connection,stuck_off,stuck_off
44,11,1.0,1,In3_Out2,Connection,stuck_on,stuck_on
44,12,1.0,2,In4_Out2,Connection,stuck_on,stuck_on
44,13,0.5,0,N4,Neuron,static,0.0
44,14,1.0,0,In0_Out0,Connection,stuck_on,stuck_on
44,15,0.5,2,N1,Neuron,static,2.0
44,16,0.0,1,N4,Neuron,dynamic,Idx_0
44,17,0.0,1,N4,Neuron,dynamic,Idx_0
44,18,1.0,1,In4_Out0,Connection,stuck_off,stuck_off
44,19,0.0,2,N0,Neuron,static,3.0
44,20,0.5,2,In4_Out1,Connection,stuck_off,stuck_off
44,21,1.0,2,In2_Out0,Connection,stuck_on,stuck_on
44,22,1.0,2,In1_Out0,Connection,stuck_off,stuck_off
44,23,1.0,1,In1_Out1,Connection,stuck_off,stuck_off
44,24,1.0,2,In0_Out1,Connection,stuck_off,stuck_off
44,25,1.0,1,In4_Out4,Connection,stuck_off,stuck_off
44,26,0.5,0,In0_Out0,Connection,stuck_off,stuck_off
44,27,1.0,1,In4_Out1,Connection,stuck_off,stuck_off
44,28,1.0,0,In0_Out3,Connection,stuck_off,stuck_off
44,29,1.0,1,In2_Out1,Connection,stuck_off,stuck_off
44,30,1.0,1,In2_Out2,Connection,stuck_off,stuck_off
44,31,0.5,2,In4_Out1,Connection,stuck_off,stuck_off
44,32,0.5,1,N3,Neuron,static,0.0
44,33,0.5,2,In4_Out1,Connection,stuck_off,stuck_off
44,34,1.0,1,In3_Out1,Connection,stuck_on,stuck_on
44,35,0.5,0,N2,Neuron,dynamic,Idx_1
44,36,0.5,0,In0_Out0,Connection,stuck_off,stuck_off
44,37,1.0,0,In0_Out3,Connection,stuck_off,stuck_off
44,38,0.5,2,In1_Out2,Connection,stuck_off,stuck_off
44,39,0.5,2,In0_Out2,Connection,stuck_off,stuck_off
44,40,0.5,2,In2_Out2,Connection,stuck_off,stuck_off
44,41,0.5,2,In0_Out2,Connection,stuck_off,stuck_off
44,42,1.0,1,In2_Out3,Connection,stuck_off,stuck_off
44,43,0.5,2,In1_Out2,Connection,stuck_on,stuck_on
44,44,0.5,2,In2_Out1,Connection,stuck_on,stuck_on
44,45,1.0,0,In0_Out3,Connection,stuck_on,stuck_on
44,46,1.0,1,N1,Neuron,dynamic,Idx_1
44,47,0.5,2,In1_Out0,Connection,stuck_on,stuck_on
44,48,0.5,0,N3,Neuron,dynamic,Idx_2
44,49,1.0,0,N0,Neuron,static,2.0
44,50,1.0,1,In1_Out3,Connection,stuck_off,stuck_off
44,51,1.0,2,In4_Out2,Connection,stuck_on,stuck_on
44,52,0.0,1,N4,Neuron,static,0.0
44,53,0.5,0,In0_Out2,Connection,stuck_off,stuck_off
44,54,0.5,0,N4,Neuron,static,3.0
44,55,1.0,2,In4_Out2,Connection,stuck_off,stuck_off
44,56,1.0,1,In2_Out2,Connection,stuck_on,stuck_on
44,57,1.0,1,N0,Neuron,static,0.0
44,58,1.0,1,In2_Out1,Connection,stuck_off,stuck_off
44,59,1.0,1,In2_Out4,Connection,stuck_off,stuck_off
44,60,0.5,0,N2,Neuron,static,0.0
44,61,1.0,2,In1_Out1,Connection,stuck_off,stuck_off
44,62,1.0,0,In0_Out3,Connection,stuck_on,stuck_on
44,63,1.0,1,N0,Neuron,static,0.0
44,64,1.0,2,In1_Out1,Connection,stuck_off,stuck_off
44,65,1.0,2,In1_Out0,Connection,stuck_off,stuck_off
44,66,0.0,1,N4,Neuron,static,3.0
44,67,1.0,2,In3_Out0,Connection,stuck_on,stuck_on
44,68,1.0,1,N1,Neuron,static,3.0
44,69,1.0,2,In4_Out0,Connection,stuck_off,stuck_off
44,70,1.0,1,In3_Out2,Connection,stuck_on,stuck_on
44,71,1.0,0,In0_Out3,Connection,stuck_on,stuck_on
44,72,0.5,1,In1_Out4,Connection,stuck_on,stuck_on
44,73,1.0,0,In0_Out4,Connection,stuck_on,stuck_on
44,74,1.0,2,In2_Out1,Connection,stuck_off,stuck_off
44,75,1.0,1,In0_Out1,Connection,stuck_off,stuck_off
44,76,1.0,2,In2_Out0,Connection,stuck_on,stuck_on
44,77,1.0,2,In4_Out0,Connection,stuck_off,stuck_off
44,78,0.5,2,In0_Out2,Connection,stuck_off,stuck_off
44,79,1.0,1,N1,Neuron,dynamic,Idx_2
44,80,1.0,0,In0_Out2,Connection,stuck_on,stuck_on
44,81,1.0,2,In2_Out0,Connection,stuck_on,stuck_on
44,82,1.0,0,In0_Out1,Connection,stuck_off,stuck_off
44,83,0.5,1,In3_Out4,Connection,stuck_on,stuck_on
44,84,0.5,1,In2_Out4,Connection,stuck_on,stuck_on
44,85,1.0,1,In0_Out4,Connection,stuck_off,stuck_off
44,86,1.0,1,In3_Out4,Connection,stuck_off,stuck_off
44,87,1.0,0,In0_Out1,Connection,stuck_off,stuck_off
44,88,0.5,2,In1_Out2,Connection,stuck_off,stuck_off
44,89,1.0,1,N1,Neuron,static,3.0
44,90,1.0,1,In1_Out0,Connection,stuck_on,stuck_on
44,91,1.0,2,In2_Out2,Connection,stuck_on,stuck_on
44,92,0.5,1,In0_Out2,Connection,stuck_on,stuck_on
44,93,1.0,1,In3_Out1,Connection,stuck_on,stuck_on
44,94,1.0,1,In4_Out2,Connection,stuck_on,stuck_on
44,95,1.0,1,In4_Out2,Connection,stuck_on,stuck_on
44,96,1.0,2,In4_Out0,Connection,stuck_off,stuck_off
44,97,0.5,2,In4_Out0,Connection,stuck_on,stuck_on
44,98,1.0,1,In4_Out3,Connection,stuck_off,stuck_off
44,99,0.5,0,N3,Neuron,static,2.0
45,0,0.5,2,In4_Out2,Connection,stuck_off,stuck_off
45,1,0.5,2,In3_Out2,Connection,stuck_off,stuck_off
45,2,0.5,1,In4_Out1,Connection,stuck_on,stuck_on
45,3,1.0,0,N1,Neuron,dynamic,Idx_0
45,4,0.5,2,In1_Out2,Connection,stuck_off,stuck_off
45,5,1.0,2,In3_Out0,Connection,stuck_on,stuck_on
45,6,0.5,1,In2_Out0,Connection,stuck_off,stuck_off
45,7,1.0,0,N2,Neuron,dynamic,Idx_0
45,8,0.5,0,N0,Neuron,dynamic,Idx_0
45,9,0.5,1,N4,Neuron,dynamic,Idx_1
45,10,0.0,2,In1_Out2,Connection,stuck_on,stuck_on
45,11,0.5,0,N0,Neuron,dynamic,Idx_0
45,12,0.5,1,N3,Neuron,dynamic,Idx_0
45,13,0.0,2,In2_Out2,Connection,stuck_off,stuck_off
45,14,0.5,1,In1_Out0,Connection,stuck_off,stuck_off
45,15,0.5,2,In4_Out0,Connection,stuck_on,stuck_on
45,16,0.5,1,In4_Out3,Connection,stuck_off,stuck_off
45,17,0.5,2,In0_Out1,Connection,stuck_off,stuck_off
45,18,0.0,0,N2,Neuron,static,3.0
45,19,0.5,2,In1_Out2,Connection,stuck_off,stuck_off
45,20,1.0,2,In2_Out1,Connection,stuck_off,stuck_off
45,21,0.5,1,In3_Out0,Connection,stuck_off,stuck_off
45,22,0.5,2,In4_Out1,Connection,stuck_on,stuck_on
45,23,0.0,1,N2,Neuron,dynamic,Idx_0
45,24,0.0,1,N2,Neuron,static,0.0
45,25,0.5,0,In0_Out0,Connection,stuck_on,stuck_on
45,26,0.5,1,In1_Out0,Connection,stuck_on,stuck_on
45,27,0.5,2,In1_Out0,Connection,stuck_on,stuck_on
45,28,1.0,1,In2_Out4,Connection,stuck_off,stuck_off
45,29,1.0,1,In0_Out4,Connection,stuck_on,stuck_on
45,30,0.5,2,N0,Neuron,dynamic,Idx_1
45,31,0.5,0,In0_Out2,Connection,stuck_off,stuck_off
45,32,1.0,0,In0_Out2,Connection,stuck_on,stuck_on
45,33,0.5,2,In3_Out0,Connection,stuck_off,stuck_off
45,34,0.5,1,In1_Out1,Connection,stuck_off,stuck_off
45,35,1.0,1,In1_Out2,Connection,stuck_on,stuck_on
45,36,1.0,0,N1,Neuron,dynamic,Idx_0
45,37,0.5,2,In2_Out0,Connection,stuck_on,stuck_on
45,38,0.5,2,In3_Out1,Connection,stuck_on,stuck_on
45,39,0.5,2,In4_Out0,Connection,stuck_on,stuck_on
45,40,1.0,2,In1_Out1,Connection,stuck_on,stuck_on
45,41,0.0,2,In3_Out2,Connection,stuck_on,stuck_on
45,42,0.0,2,In2_Out2,Connection,stuck_off,stuck_off
45,43,0.5,1,In4_Out4,Connection,stuck_on,stuck_on
45,44,1.0,0,N3,Neuron,dynamic,Idx_1
45,45,0.5,2,In4_Out2,Connection,stuck_on,stuck_on
45,46,0.5,2,In4_Out0,Connection,stuck_off,stuck_off
45,47,1.0,1,In1_Out4,Connection,stuck_off,stuck_off
45,48,0.5,1,In0_Out2,Connection,stuck_off,stuck_off
45,49,0.5,2,N0,Neuron,dynamic,Idx_1
45,50,0.5,1,N3,Neuron,dynamic,Idx_2
45,51,0.5,2,N2,Neuron,static,0.0
45,52,0.5,2,In4_Out1,Connection,stuck_on,stuck_on
45,53,0.0,2,In3_Out2,Connection,stuck_on,stuck_on
45,54,0.5,1,In2_Out2,Connection,stuck_on,stuck_on
45,55,1.0,0,N3,Neuron,dynamic,Idx_1
45,56,1.0,0,N1,Neuron,dynamic,Idx_1
45,57,0.0,0,N2,Neuron,static,2.0
45,58,0.5,0,N1,Neuron,dynamic,Idx_2
45,59,0.5,2,N1,Neuron,dynamic,Idx_0
45,60,0.5,2,In3_Out1,Connection,stuck_on,stuck_on
45,61,0.5,1,In0_Out3,Connection,stuck_on,stuck_on
45,62,0.5,2,In0_Out2,Connection,stuck_off,stuck_off
45,63,0.0,2,In1_Out2,Connection,stuck_on,stuck_on
45,64,0.5,1,In4_Out4,Connection,stuck_on,stuck_on
45,65,0.5,0,In0_Out1,Connection,stuck_on,stuck_on
45,66,0.5,1,In2_Out2,Connection,stuck_on,stuck_on
45,67,0.5,1,In1_Out4,Connection,stuck_on,stuck_on
45,68,0.5,2,In0_Out2,Connection,stuck_off,stuck_off
45,69,0.5,1,In3_Out3,Connection,stuck_off,stuck_off
45,70,0.5,2,N2,Neuron,dynamic,Idx_0
45,71,0.5,1,N1,Neuron,dynamic,Idx_2
45,72,0.5,0,In0_Out3,Connection,stuck_on,stuck_on
45,73,0.5,1,In2_Out4,Connection,stuck_on,stuck_on
45,74,0.0,2,In0_Out2,Connection,stuck_on,stuck_on
45,75,0.0,2,In1_Out2,Connection,stuck_on,stuck_on
45,76,0.5,1,In3_Out1,Connection,stuck_on,stuck_on
45,77,1.0,1,In2_Out4,Connection,stuck_off,stuck_off
45,78,0.5,2,In4_Out0,Connection,stuck_off,stuck_off
45,79,0.5,2,In0_Out0,Connection,stuck_on,stuck_on
45,80,0.5,2,In1_Out0,Connection,stuck_on,stuck_on
45,81,0.5,2,N0,Neuron,dynamic,Idx_2
45,82,0.5,1,In3_Out2,Connection,stuck_off,stuck_off
45,83,0.0,2,In1_Out2,Connection,stuck_on,stuck_on
45,84,1.0,1,In3_Out4,Connection,stuck_off,stuck_off
45,85,0.5,1,In0_Out0,Connection,stuck_on,stuck_on
45,86,1.0,1,In0_Out4,Connection,stuck_on,stuck_on
45,87,0.5,1,In4_Out1,Connection,stuck_on,stuck_on
45,88,1.0,2,In0_Out1,Connection,stuck_on,stuck_on
45,89,0.5,1,In0_Out0,Connection,stuck_off,stuck_off
45,90,1.0,1,In4_Out4,Connection,stuck_off,stuck_off
45,91,0.0,1,N2,Neuron,dynamic,Idx_0
45,92,0.5,0,In0_Out3,Connection,stuck_on,stuck_on
45,93,0.0,1,N2,Neuron,dynamic,Idx_2
45,94,1.0,1,In2_Out4,Connection,stuck_off,stuck_off
45,95,0.5,1,In4_Out2,Connection,stuck_on,stuck_on
45,96,0.0,2,In0_Out2,Connection,stuck_on,stuck_on
45,97,1.0,0,N1,Neuron,dynamic,Idx_1
45,98,0.5,2,In2_Out0,Connection,stuck_off,stuck_off
45,99,0.5,1,In1_Out4,Connection,stuck_on,stuck_on
46,0,1.0,1,In2_Out4,Connection,stuck_on,stuck_on
46,1,1.0,1,In2_Out0,Connection,stuck_off,stuck_off
46,2,1.0,1,In3_Out1,Connection,stuck_on,stuck_on
46,3,0.5,1,N2,Neuron,static,0.0
46,4,1.0,1,In0_Out2,Connection,stuck_off,stuck_off
46,5,0.0,1,N4,Neuron,static,2.0
46,6,1.0,1,In3_Out0,Connection,stuck_off,stuck_off
46,7,0.5,0,N2,Neuron,dynamic,Idx_0
46,8,0.5,2,In3_Out2,Connection,stuck_off,stuck_off
46,9,1.0,1,In0_Out2,Connection,stuck_on,stuck_on
46,10,0.5,0,N1,Neuron,static,3.0
46,11,0.5,2,N2,Neuron,static,0.0
46,12,1.0,2,In1_Out1,Connection,stuck_off,stuck_off
46,13,0.5,2,N2,Neuron,static,2.0
46,14,1.0,0,In0_Out4,Connection,stuck_off,stuck_off
46,15,1.0,1,In3_Out3,Connection,stuck_on,stuck_on
46,16,0.5,0,N2,Neuron,static,0.0
46,17,1.0,1,In1_Out3,Connection,stuck_off,stuck_off
46,18,1.0,1,In2_Out4,Connection,stuck_on,stuck_on
46,19,1.0,2,In2_Out2,Connection,stuck_on,stuck_on
46,20,0.5,2,In3_Out2,Connection,stuck_off,stuck_off
46,21,0.0,2,N1,Neuron,static,3.0
46,22,0.0,2,In4_Out1,Connection,stuck_on,stuck_on
46,23,1.0,2,In4_Out0,Connection,stuck_on,stuck_on
46,24,1.0,1,In0_Out3,Connection,stuck_off,stuck_off
46,25,0.5,1,N1,Neuron,static,2.0
46,26,0.5,2,In2_Out2,Connection,stuck_off,stuck_off
46,27,1.0,1,In0_Out1,Connection,stuck_on,stuck_on
46,28,1.0,2,In2_Out2,Connection,stuck_on,stuck_on
46,29,1.0,0,In0_Out2,Connection,stuck_on,stuck_on
46,30,1.0,0,In0_Out1,Connection,stuck_on,stuck_on
46,31,1.0,1,In2_Out3,Connection,stuck_on,stuck_on
46,32,1.0,1,In1_Out1,Connection,stuck_off,stuck_off
46,33,1.0,1,In2_Out3,Connection,stuck_on,stuck_on
46,34,1.0,1,In0_Out3,Connection,stuck_off,stuck_off
46,35,0.0,2,N1,Neuron,dynamic,Idx_2
46,36,1.0,1,In2_Out1,Connection,stuck_off,stuck_off
46,37,0.0,2,N1,Neuron,dynamic,Idx_2
46,38,1.0,2,In4_Out1,Connection,stuck_off,stuck_off
46,39,1.0,1,In1_Out3,Connection,stuck_on,stuck_on
46,40,0.0,2,In4_Out1,Connection,stuck_on,stuck_on
46,41,1.0,1,In4_Out4,Connection,stuck_on,stuck_on
46,42,1.0,1,In1_Out1,Connection,stuck_on,stuck_on
46,43,0.5,2,In4_Out2,Connection,stuck_on,stuck_on
46,44,1.0,1,In1_Out0,Connection,stuck_on,stuck_on
46,45,0.5,1,N0,Neuron,static,2.0
46,46,1.0,0,In0_Out4,Connection,stuck_off,stuck_off
46,47,1.0,1,In2_Out3,Connection,stuck_on,stuck_on
46,48,1.0,1,In1_Out2,Connection,stuck_on,stuck_on
46,49,0.5,0,N4,Neuron,static,3.0
46,50,1.0,1,In3_Out0,Connection,stuck_on,stuck_on
46,51,1.0,1,In0_Out0,Connection,stuck_on,stuck_on
46,52,1.0,1,In0_Out1,Connection,stuck_off,stuck_off
46,53,1.0,1,In4_Out4,Connection,stuck_on,stuck_on
46,54,0.5,2,N2,Neuron,dynamic,Idx_1
46,55,1.0,1,In4_Out4,Connection,stuck_off,stuck_off
46,56,0.5,0,N2,Neuron,static,0.0
46,57,1.0,1,In4_Out2,Connection,stuck_on,stuck_on
46,58,0.5,1,N0,Neuron,static,2.0
46,59,1.0,0,In0_Out3,Connection,stuck_on,stuck_on
46,60,0.5,1,N2,Neuron,dynamic,Idx_1
46,61,1.0,1,In4_Out0,Connection,stuck_off,stuck_off
46,62,0.0,2,N1,Neuron,static,2.0
46,63,1.0,2,In4_Out2,Connection,stuck_off,stuck_off
46,64,1.0,0,N1,Neuron,static,0.0
46,65,1.0,1,In2_Out2,Connection,stuck_off,stuck_off
46,66,1.0,1,In0_Out2,Connection,stuck_on,stuck_on
46,67,1.0,1,In3_Out4,Connection,stuck_on,stuck_on
46,68,1.0,1,In4_Out3,Connection,stuck_on,stuck_on
46,69,1.0,2,In2_Out0,Connection,stuck_off,stuck_off
46,70,1.0,1,In4_Out1,Connection,stuck_on,stuck_on
46,71,1.0,2,In0_Out0,Connection,stuck_off,stuck_off
46,72,0.0,1,N4,Neuron,static,2.0
46,73,1.0,1,In2_Out0,Connection,stuck_on,stuck_on
46,74,0.5,1,N4,Neuron,static,3.0
46,75,1.0,1,In4_Out1,Connection,stuck_off,stuck_off
46,76,1.0,1,In4_Out1,Connection,stuck_on,stuck_on
46,77,1.0,2,In2_Out1,Connection,stuck_on,stuck_on
46,78,1.0,2,In1_Out0,Connection,stuck_on,stuck_on
46,79,1.0,1,In2_Out2,Connection,stuck_on,stuck_on
46,80,1.0,1,In2_Out4,Connection,stuck_off,stuck_off
46,81,1.0,1,In3_Out1,Connection,stuck_off,stuck_off
46,82,1.0,1,In3_Out2,Connection,stuck_off,stuck_off
46,83,0.5,0,N0,Neuron,dynamic,Idx_0
46,84,0.0,1,N3,Neuron,dynamic,Idx_0
46,85,1.0,2,In2_Out2,Connection,stuck_on,stuck_on
46,86,0.5,2,In3_Out2,Connection,stuck_off,stuck_off
46,87,1.0,1,In2_Out3,Connection,stuck_off,stuck_off
46,88,1.0,2,In1_Out0,Connection,stuck_on,stuck_on
46,89,1.0,2,In4_Out0,Connection,stuck_on,stuck_on
46,90,1.0,0,In0_Out2,Connection,stuck_on,stuck_on
46,91,0.5,0,N4,Neuron,static,3.0
46,92,0.5,0,N4,Neuron,static,3.0
46,93,1.0,2,In4_Out0,Connection,stuck_on,stuck_on
46,94,1.0,0,N3,Neuron,dynamic,Idx_2
46,95,1.0,0,N3,Neuron,dynamic,Idx_0
46,96,1.0,1,N1,Neuron,dynamic,Idx_0
46,97,0.0,1,N3,Neuron,dynamic,Idx_1
46,98,1.0,0,In0_Out4,Connection,stuck_off,stuck_off
46,99,1.0,0,In0_Out3,Connection,stuck_off,stuck_off
47,0,0.5,1,In2_Out4,Connection,stuck_on,stuck_on
47,1,0.5,1,In4_Out0,Connection,stuck_on,stuck_on
47,2,0.5,2,In0_Out0,Connection,stuck_off,stuck_off
47,3,0.5,1,In0_Out3,Connection,stuck_off,stuck_off
47,4,0.5,1,In4_Out3,Connection,stuck_on,stuck_on
47,5,0.5,1,In4_Out3,Connection,stuck_on,stuck_on
47,6,0.5,0,N2,Neuron,static,0.0
47,7,0.0,2,In3_Out0,Connection,stuck_on,stuck_on
47,8,0.5,1,N1,Neuron,dynamic,Idx_1
47,9,0.5,0,In0_Out0,Connection,stuck_on,stuck_on
47,10,0.5,2,In4_Out0,Connection,stuck_on,stuck_on
47,11,0.5,1,In1_Out3,Connection,stuck_on,stuck_on
47,12,0.5,1,In2_Out1,Connection,stuck_on,stuck_on
47,13,0.5,0,N0,Neuron,dynamic,Idx_1
47,14,0.5,1,In2_Out3,Connection,stuck_off,stuck_off
47,15,0.5,2,In0_Out2,Connection,stuck_on,stuck_on
47,16,0.5,2,In1_Out1,Connection,stuck_off,stuck_off
47,17,0.5,2,In1_Out0,Connection,stuck_off,stuck_off
47,18,0.5,2,In3_Out2,Connection,stuck_on,stuck_on
47,19,0.5,1,In3_Out3,Connection,stuck_on,stuck_on
47,20,0.5,0,In0_Out2,Connection,stuck_on,stuck_on
47,21,0.5,1,In2_Out2,Connection,stuck_on,stuck_on
47,22,0.5,2,In1_Out0,Connection,stuck_off,stuck_off
47,23,0.5,1,In4_Out4,Connection,stuck_off,stuck_off
47,24,0.5,1,In0_Out1,Connection,stuck_on,stuck_on
47,25,0.5,2,In2_Out1,Connection,stuck_off,stuck_off
47,26,0.5,2,In0_Out0,Connection,stuck_on,stuck_on
47,27,0.5,2,In0_Out0,Connection,stuck_on,stuck_on
47,28,0.5,2,In1_Out1,Connection,stuck_on,stuck_on
47,29,0.5,2,In1_Out0,Connection,stuck_off,stuck_off
47,30,0.5,0,N3,Neuron,dynamic,Idx_0
47,31,0.0,2,In3_Out0,Connection,stuck_on,stuck_on
47,32,0.5,1,In4_Out4,Connection,stuck_off,stuck_off
47,33,0.5,0,In0_Out2,Connection,stuck_off,stuck_off
47,34,0.5,2,In3_Out1,Connection,stuck_off,stuck_off
47,35,0.5,2,In3_Out1,Connection,stuck_off,stuck_off
47,36,0.5,2,In1_Out2,Connection,stuck_on,stuck_on
47,37,0.5,1,In1_Out4,Connection,stuck_on,stuck_on
47,38,0.5,2,In1_Out2,Connection,stuck_off,stuck_off
47,39,0.5,2,In1_Out2,Connection,stuck_off,stuck_off
47,40,0.5,1,N0,Neuron,static,2.0
47,41,0.5,0,N3,Neuron,dynamic,Idx_0
47,42,0.5,1,In4_Out0,Connection,stuck_off,stuck_off
47,43,0.5,2,N0,Neuron,static,3.0
47,44,0.5,1,In1_Out3,Connection,stuck_on,stuck_on
47,45,0.5,0,In0_Out2,Connection,stuck_off,stuck_off
47,46,0.5,1,N1,Neuron,static,3.0
47,47,0.5,1,In2_Out2,Connection,stuck_off,stuck_off
47,48,0.0,2,N0,Neuron,dynamic,Idx_0
47,49,0.5,1,N0,Neuron,dynamic,Idx_1
47,50,0.0,2,In3_Out0,Connection,stuck_on,stuck_on
47,51,0.0,2,N1,Neuron,static,2.0
47,52,0.0,2,In3_Out0,Connection,stuck_on,stuck_on
47,53,0.5,0,In0_Out0,Connection,stuck_off,stuck_off
47,54,0.5,1,In1_Out3,Connection,stuck_on,stuck_on
47,55,0.5,2,In4_Out2,Connection,stuck_off,stuck_off
47,56,0.5,1,In1_Out1,Connection,stuck_on,stuck_on
47,57,0.5,1,In1_Out4,Connection,stuck_on,stuck_on
47,58,0.5,2,N2,Neuron,dynamic,Idx_0
47,59,0.5,1,In0_Out4,Connection,stuck_off,stuck_off
47,60,0.5,1,In4_Out1,Connection,stuck_on,stuck_on
47,61,0.5,0,In0_Out0,Connection,stuck_off,stuck_off
47,62,0.5,2,In0_Out0,Connection,stuck_off,stuck_off
47,63,0.5,1,In3_Out4,Connection,stuck_off,stuck_off
47,64,0.5,1,In0_Out3,Connection,stuck_on,stuck_on
47,65,0.5,1,N3,Neuron,dynamic,Idx_2
47,66,0.5,1,N4,Neuron,static,0.0
47,67,0.5,0,N4,Neuron,static,2.0
47,68,0.5,2,In1_Out0,Connection,stuck_off,stuck_off
47,69,0.5,0,In0_Out4,Connection,stuck_on,stuck_on
47,70,0.5,1,In3_Out4,Connection,stuck_off,stuck_off
47,71,0.5,2,In0_Out1,Connection,stuck_off,stuck_off
47,72,0.5,1,In4_Out3,Connection,stuck_on,stuck_on
47,73,0.5,1,In2_Out4,Connection,stuck_on,stuck_on
47,74,0.5,1,In3_Out2,Connection,stuck_on,stuck_on
47,75,0.0,0,N0,Neuron,static,2.0
47,76,0.5,1,In3_Out1,Connection,stuck_on,stuck_on
47,77,0.5,1,In3_Out1,Connection,stuck_on,stuck_on
47,78,0.5,2,In1_Out0,Connection,stuck_on,stuck_on
47,79,0.5,2,In2_Out2,Connection,stuck_on,stuck_on
47,80,0.5,1,In4_Out1,Connection,stuck_on,stuck_on
47,81,0.5,1,In4_Out0,Connection,stuck_on,stuck_on
47,82,0.5,1,In4_Out3,Connection,stuck_on,stuck_on
47,83,0.5,0,In0_Out0,Connection,stuck_off,stuck_off
47,84,0.5,2,In3_Out1,Connection,stuck_on,stuck_on
47,85,0.5,2,N2,Neuron,dynamic,Idx_0
47,86,0.5,1,In1_Out3,Connection,stuck_off,stuck_off
47,87,0.5,0,N1,Neuron,dynamic,Idx_2
47,88,0.5,1,N0,Neuron,dynamic,Idx_0
47,89,0.5,1,In2_Out4,Connection,stuck_on,stuck_on
47,90,0.5,0,In0_Out3,Connection,stuck_off,stuck_off
47,91,0.5,0,N1,Neuron,dynamic,Idx_0
47,92,0.5,2,In1_Out1,Connection,stuck_on,stuck_on
47,93,0.5,0,In0_Out1,Connection,stuck_on,stuck_on
47,94,0.5,0,N3,Neuron,static,2.0
47,95,0.5,0,In0_Out0,Connection,stuck_off,stuck_off
47,96,0.5,1,In0_Out4,Connection,stuck_off,stuck_off
47,97,0.5,1,In4_Out0,Connection,stuck_off,stuck_off
47,98,0.5,0,N1,Neuron,dynamic,Idx_1
47,99,0.5,2,In1_Out2,Connection,stuck_on,stuck_on
48,0,0.5,2,In1_Out2,Connection,stuck_off,stuck_off
48,1,0.5,2,In1_Out1,Connection,stuck_on,stuck_on
48,2,0.5,0,In0_Out2,Connection,stuck_off,stuck_off
48,3,0.5,2,In1_Out2,Connection,stuck_on,stuck_on
48,4,0.5,1,In0_Out2,Connection,stuck_off,stuck_off
48,5,0.5,2,In4_Out1,Connection,stuck_on,stuck_on
48,6,1.0,1,In0_Out2,Connection,stuck_on,stuck_on
48,7,0.5,1,In3_Out0,Connection,stuck_on,stuck_on
48,8,0.5,1,In2_Out3,Connection,stuck_on,stuck_on
48,9,0.5,1,In2_Out2,Connection,stuck_off,stuck_off
48,10,0.5,1,In2_Out4,Connection,stuck_off,stuck_off
48,11,0.0,0,N0,Neuron,static,0.0
48,12,0.5,1,In2_Out1,Connection,stuck_on,stuck_on
48,13,0.5,2,In3_Out2,Connection,stuck_on,stuck_on
48,14,0.5,0,In0_Out4,Connection,stuck_on,stuck_on
48,15,0.5,0,In0_Out4,Connection,stuck_on,stuck_on
48,16,0.5,0,In0_Out2,Connection,stuck_off,stuck_off
48,17,0.5,1,In4_Out0,Connection,stuck_on,stuck_on
48,18,0.5,1,N0,Neuron,dynamic,Idx_0
48,19,1.0,1,N0,Neuron,static,3.0
48,20,0.0,1,In4_Out4,Connection,stuck_on,stuck_on
48,21,0.5,1,In2_Out0,Connection,stuck_on,stuck_on
48,22,0.5,1,In3_Out2,Connection,stuck_on,stuck_on
48,23,0.0,1,In3_Out4,Connection,stuck_on,stuck_on
48,24,1.0,1,In3_Out4,Connection,stuck_off,stuck_off
48,25,0.5,1,In3_Out1,Connection,stuck_on,stuck_on
48,26,0.0,1,N4,Neuron,static,0.0
48,27,0.5,1,In0_Out4,Connection,stuck_on,stuck_on
48,28,0.5,2,In1_Out2,Connection,stuck_off,stuck_off
48,29,0.5,1,In0_Out1,Connection,stuck_on,stuck_on
48,30,0.5,0,N3,Neuron,dynamic,Idx_1
48,31,0.5,2,N2,Neuron,dynamic,Idx_1
48,32,0.5,1,N3,Neuron,dynamic,Idx_1
48,33,1.0,1,In4_Out4,Connection,stuck_off,stuck_off
48,34,0.5,2,N2,Neuron,dynamic,Idx_1
48,35,0.0,0,N0,Neuron,dynamic,Idx_1
48,36,0.5,0,N2,Neuron,dynamic,Idx_1
48,37,0.5,1,N0,Neuron,static,0.0
48,38,0.5,1,N3,Neuron,dynamic,Idx_0
48,39,0.5,1,In0_Out3,Connection,stuck_off,stuck_off
48,40,0.0,1,In1_Out4,Connection,stuck_on,stuck_on
48,41,1.0,1,In1_Out4,Connection,stuck_off,stuck_off
48,42,0.5,0,N2,Neuron,static,0.0
48,43,0.0,2,In0_Out0,Connection,stuck_on,stuck_on
48,44,1.0,2,In4_Out2,Connection,stuck_on,stuck_on
48,45,1.0,1,N1,Neuron,static,2.0
48,46,0.5,2,In0_Out1,Connection,stuck_off,stuck_off
48,47,0.5,0,In0_Out4,Connection,stuck_off,stuck_off
48,48,0.5,2,N1,Neuron,dynamic,Idx_2
48,49,0.5,1,In0_Out3,Connection,stuck_on,stuck_on
48,50,0.5,0,N2,Neuron,dynamic,Idx_0
48,51,1.0,1,In1_Out4,Connection,stuck_off,stuck_off
48,52,0.0,2,N1,Neuron,dynamic,Idx_1
48,53,0.5,1,In1_Out0,Connection,stuck_on,stuck_on
48,54,1.0,1,N0,Neuron,dynamic,Idx_2
48,55,0.0,2,In2_Out1,Connection,stuck_on,stuck_on
48,56,0.5,2,In1_Out1,Connection,stuck_off,stuck_off
48,57,0.5,1,In4_Out0,Connection,stuck_on,stuck_on
48,58,0.5,0,In0_Out0,Connection,stuck_on,stuck_on
48,59,0.5,2,In1_Out2,Connection,stuck_on,stuck_on
48,60,0.5,1,In4_Out0,Connection,stuck_off,stuck_off
48,61,0.5,2,In0_Out2,Connection,stuck_off,stuck_off
48,62,0.5,1,N3,Neuron,static,0.0
48,63,0.5,2,In2_Out1,Connection,stuck_off,stuck_off
48,64,0.5,1,In3_Out3,Connection,stuck_off,stuck_off
48,65,0.5,1,In0_Out2,Connection,stuck_off,stuck_off
48,66,0.5,2,In1_Out2,Connection,stuck_on,stuck_on
48,67,0.5,1,In1_Out0,Connection,stuck_on,stuck_on
48,68,0.0,1,In2_Out4,Connection,stuck_on,stuck_on
48,69,0.5,2,In3_Out2,Connection,stuck_off,stuck_off
48,70,0.5,2,N1,Neuron,dynamic,Idx_2
48,71,0.0,1,In2_Out4,Connection,stuck_on,stuck_on
48,72,1.0,2,In3_Out0,Connection,stuck_on,stuck_on
48,73,1.0,0,N1,Neuron,static,2.0
48,74,0.0,2,In1_Out0,Connection,stuck_on,stuck_on
48,75,0.5,1,In1_Out1,Connection,stuck_off,stuck_off
48,76,0.5,1,In4_Out1,Connection,stuck_on,stuck_on
48,77,0.5,2,N1,Neuron,static,2.0
48,78,0.5,2,In1_Out0,Connection,stuck_off,stuck_off
48,79,0.5,0,In0_Out0,Connection,stuck_on,stuck_on
48,80,0.5,2,In2_Out1,Connection,stuck_off,stuck_off
48,81,1.0,1,In0_Out2,Connection,stuck_on,stuck_on
48,82,0.0,2,In0_Out0,Connection,stuck_on,stuck_on
48,83,1.0,1,N1,Neuron,static,3.0
48,84,0.5,1,In1_Out2,Connection,stuck_off,stuck_off
48,85,0.5,1,In3_Out1,Connection,stuck_on,stuck_on
48,86,0.5,1,In0_Out3,Connection,stuck_off,stuck_off
48,87,0.5,1,In4_Out2,Connection,stuck_on,stuck_on
48,88,0.5,2,In2_Out2,Connection,stuck_off,stuck_off
48,89,0.5,1,In4_Out3,Connection,stuck_on,stuck_on
48,90,0.5,1,In4_Out2,Connection,stuck_on,stuck_on
48,91,0.5,1,N3,Neuron,static,0.0
48,92,0.5,1,N3,Neuron,dynamic,Idx_1
48,93,0.5,2,N2,Neuron,dynamic,Idx_2
48,94,0.5,1,In1_Out0,Connection,stuck_on,stuck_on
48,95,0.0,2,In4_Out1,Connection,stuck_off,stuck_off
48,96,0.5,2,In4_Out2,Connection,stuck_off,stuck_off
48,97,0.0,1,In3_Out4,Connection,stuck_on,stuck_on
48,98,0.5,1,In0_Out1,Connection,stuck_off,stuck_off
48,99,0.5,1,In2_Out0,Connection,stuck_off,stuck_off
49,0,0.0,1,N3,Neuron,dynamic,Idx_2
49,1,0.5,1,In1_Out2,Connection,stuck_on,stuck_on
49,2,0.5,2,In1_Out2,Connection,stuck_on,stuck_on
49,3,0.5,1,In4_Out1,Connection,stuck_on,stuck_on
49,4,0.5,0,In0_Out0,Connection,stuck_on,stuck_on
49,5,0.5,0,N3,Neuron,dynamic,Idx_1
49,6,0.5,0,In0_Out0,Connection,stuck_off,stuck_off
49,7,0.0,2,In2_Out0,Connection,stuck_on,stuck_on
49,8,0.5,2,N2,Neuron,static,0.0
49,9,0.5,2,In1_Out0,Connection,stuck_off,stuck_off
49,10,0.5,1,N4,Neuron,static,3.0
49,11,0.5,1,In4_Out4,Connection,stuck_on,stuck_on
49,12,0.5,1,In3_Out2,Connection,stuck_off,stuck_off
49,13,0.5,1,In4_Out4,Connection,stuck_off,stuck_off
49,14,0.5,0,In0_Out3,Connection,stuck_off,stuck_off
49,15,0.5,1,In4_Out2,Connection,stuck_on,stuck_on
49,16,0.5,1,In4_Out4,Connection,stuck_on,stuck_on
49,17,0.5,1,In0_Out3,Connection,stuck_off,stuck_off
49,18,0.5,2,In4_Out0,Connection,stuck_on,stuck_on
49,19,0.5,1,In0_Out2,Connection,stuck_off,stuck_off
49,20,0.5,2,In1_Out0,Connection,stuck_on,stuck_on
49,21,0.5,1,In3_Out0,Connection,stuck_off,stuck_off
49,22,0.0,2,In2_Out0,Connection,stuck_on,stuck_on
49,23,0.5,1,In3_Out2,Connection,stuck_on,stuck_on
49,24,0.0,0,N2,Neuron,dynamic,Idx_0
49,25,0.5,1,In1_Out1,Connection,stuck_off,stuck_off
49,26,0.5,2,In3_Out1,Connection,stuck_off,stuck_off
49,27,0.5,1,In1_Out0,Connection,stuck_off,stuck_off
49,28,0.5,2,In1_Out1,Connection,stuck_off,stuck_off
49,29,0.5,2,In3_Out1,Connection,stuck_off,stuck_off
49,30,0.5,0,In0_Out3,Connection,stuck_on,stuck_on
49,31,0.5,2,In2_Out1,Connection,stuck_on,stuck_on
49,32,0.5,2,In0_Out2,Connection,stuck_off,stuck_off
49,33,0.5,1,N4,Neuron,dynamic,Idx_0
49,34,0.5,2,In1_Out2,Connection,stuck_on,stuck_on
49,35,0.5,2,In0_Out2,Connection,stuck_on,stuck_on
49,36,0.5,2,In4_Out1,Connection,stuck_off,stuck_off
49,37,0.5,1,In2_Out4,Connection,stuck_on,stuck_on
49,38,0.5,0,In0_Out4,Connection,stuck_off,stuck_off
49,39,0.5,1,N2,Neuron,dynamic,Idx_2
49,40,0.0,1,In1_Out4,Connection,stuck_off,stuck_off
49,41,0.5,1,In4_Out1,Connection,stuck_on,stuck_on
49,42,0.5,1,In4_Out4,Connection,stuck_on,stuck_on
49,43,0.5,2,In2_Out0,Connection,stuck_off,stuck_off
49,44,0.0,1,In0_Out2,Connection,stuck_on,stuck_on
49,45,0.0,2,In4_Out1,Connection,stuck_on,stuck_on
49,46,0.5,1,In0_Out0,Connection,stuck_on,stuck_on
49,47,0.5,2,In2_Out1,Connection,stuck_on,stuck_on
49,48,0.5,1,N0,Neuron,static,0.0
49,49,0.5,0,In0_Out0,Connection,stuck_on,stuck_on
49,50,0.5,1,In0_Out0,Connection,stuck_on,stuck_on
49,51,0.0,1,N0,Neuron,dynamic,Idx_2
49,52,0.0,0,N3,Neuron,dynamic,Idx_2
49,53,0.0,0,N1,Neuron,static,2.0
49,54,0.5,1,In1_Out1,Connection,stuck_off,stuck_off
49,55,0.5,1,In3_Out0,Connection,stuck_on,stuck_on
49,56,0.5,1,In1_Out4,Connection,stuck_on,stuck_on
49,57,0.5,1,In1_Out2,Connection,stuck_off,stuck_off
49,58,0.5,2,In2_Out2,Connection,stuck_on,stuck_on
49,59,0.5,1,In2_Out3,Connection,stuck_on,stuck_on
49,60,0.5,1,In4_Out2,Connection,stuck_on,stuck_on
49,61,0.5,1,N2,Neuron,static,0.0
49,62,0.5,1,N2,Neuron,dynamic,Idx_1
49,63,0.0,1,N1,Neuron,dynamic,Idx_2
49,64,0.5,1,In2_Out1,Connection,stuck_on,stuck_on
49,65,0.5,1,In0_Out4,Connection,stuck_off,stuck_off
49,66,0.5,2,In4_Out0,Connection,stuck_on,stuck_on
49,67,0.0,1,N3,Neuron,static,2.0
49,68,0.5,0,N4,Neuron,dynamic,Idx_1
49,69,0.5,2,N2,Neuron,dynamic,Idx_1
49,70,0.5,2,In1_Out2,Connection,stuck_off,stuck_off
49,71,0.5,2,N2,Neuron,dynamic,Idx_1
49,72,0.5,0,N4,Neuron,static,2.0
49,73,0.5,1,In1_Out4,Connection,stuck_on,stuck_on
49,74,0.5,2,In3_Out1,Connection,stuck_on,stuck_on
49,75,0.5,2,In2_Out0,Connection,stuck_off,stuck_off
49,76,0.5,1,In3_Out0,Connection,stuck_off,stuck_off
49,77,0.0,2,N1,Neuron,dynamic,Idx_2
49,78,0.5,1,In4_Out1,Connection,stuck_on,stuck_on
49,79,0.5,2,In3_Out1,Connection,stuck_on,stuck_on
49,80,0.5,2,In0_Out2,Connection,stuck_on,stuck_on
49,81,0.5,0,In0_Out2,Connection,stuck_off,stuck_off
49,82,0.0,0,N2,Neuron,dynamic,Idx_2
49,83,0.5,1,In0_Out3,Connection,stuck_off,stuck_off
49,84,0.5,1,In0_Out4,Connection,stuck_off,stuck_off
49,85,0.0,1,N4,Neuron,dynamic,Idx_2
49,86,0.5,1,In4_Out0,Connection,stuck_off,stuck_off
49,87,0.5,0,In0_Out0,Connection,stuck_off,stuck_off
49,88,0.0,2,In4_Out2,Connection,stuck_on,stuck_on
49,89,0.5,1,In2_Out0,Connection,stuck_on,stuck_on
49,90,0.0,1,In3_Out4,Connection,stuck_off,stuck_off
49,91,0.5,1,In4_Out4,Connection,stuck_on,stuck_on
49,92,0.5,2,In1_Out2,Connection,stuck_on,stuck_on
49,93,0.5,1,In2_Out2,Connection,stuck_on,stuck_on
49,94,0.5,1,In4_Out1,Connection,stuck_off,stuck_off
49,95,0.5,0,In0_Out2,Connection,stuck_on,stuck_on
49,96,0.5,2,N1,Neuron,dynamic,Idx_0
49,97,0.5,1,N4,Neuron,static,0.0
49,98,0.0,1,N1,Neuron,static,3.0
49,99,0.5,1,In0_Out4,Connection,stuck_on,stuck_on
