run,method,dataset,metric,value,roc_mode
PSNN_wSurrGPT_wFaults_acuteinflammation_run1,wFaults,acuteinflammation,test_acc_mode_none,0.3199999928474426,
PSNN_wSurrGPT_wFaults_acuteinflammation_run1,wFaults,acuteinflammation,test_acc_mode_single,0.3199999928474426,
PSNN_wSurrGPT_wFaults_acuteinflammation_run1,wFaults,acuteinflammation,val_loss,0.7493644952774048,
PSNN_wSurrGPT_wFaults_acuteinflammation_run1,wFaults,acuteinflammation,val_power,0.1939115673303604,
PSNN_wSurrGPT_wFaults_acuteinflammation_run1,wFaults,acuteinflammation,test_roc_micro_auc,0.6764705777168274,generic
PSNN_wSurrGPT_wFaults_acuteinflammation_run1,wFaults,acuteinflammation,test_roc_micro_auc_mode_none,0.6764705777168274,none
PSNN_wSurrGPT_wFaults_acuteinflammation_run1,wFaults,acuteinflammation,test_roc_micro_auc_mode_single,0.5,single
PSNN_wSurrGPT_woFaults_acuteinflammation_run1,woFaults,acuteinflammation,test_acc_mode_none,0.3199999928474426,
PSNN_wSurrGPT_woFaults_acuteinflammation_run1,woFaults,acuteinflammation,test_acc_mode_single,0.6800000071525574,
PSNN_wSurrGPT_woFaults_acuteinflammation_run1,woFaults,acuteinflammation,val_loss,0.7258288264274597,
PSNN_wSurrGPT_woFaults_acuteinflammation_run1,woFaults,acuteinflammation,val_power,0.0017903948901221156,
PSNN_wSurrGPT_woFaults_acuteinflammation_run1,woFaults,acuteinflammation,test_roc_micro_auc,0.375,generic
PSNN_wSurrGPT_woFaults_acuteinflammation_run1,woFaults,acuteinflammation,test_roc_micro_auc_mode_none,0.375,none
PSNN_wSurrGPT_woFaults_acuteinflammation_run1,woFaults,acuteinflammation,test_roc_micro_auc_mode_single,0.5,single
PSNN_wSurrGPT_woFaults_cbf_run1,woFaults,cbf,test_acc_mode_none,0.44999998807907104,
PSNN_wSurrGPT_woFaults_cbf_run1,woFaults,cbf,test_acc_mode_single,0.5600000023841858,
PSNN_wSurrGPT_woFaults_cbf_run1,woFaults,cbf,val_loss,1.0744842290878296,
PSNN_wSurrGPT_woFaults_cbf_run1,woFaults,cbf,val_power,0.0013076254399493337,
PSNN_wSurrGPT_woFaults_cbf_run1,woFaults,cbf,test_roc_micro_auc,0.746749997138977,generic
PSNN_wSurrGPT_woFaults_cbf_run1,woFaults,cbf,test_roc_micro_auc_mode_none,0.746749997138977,none
PSNN_wSurrGPT_woFaults_cbf_run1,woFaults,cbf,test_roc_micro_auc_mode_single,0.7271000146865845,single
PSNN_wSurrGPT_wFaults_cbf_run1,wFaults,cbf,test_acc_mode_none,0.6299999952316284,
PSNN_wSurrGPT_wFaults_cbf_run1,wFaults,cbf,test_acc_mode_single,0.5799999833106995,
PSNN_wSurrGPT_wFaults_cbf_run1,wFaults,cbf,val_loss,1.058610200881958,
PSNN_wSurrGPT_wFaults_cbf_run1,wFaults,cbf,val_power,0.0018320539966225624,
PSNN_wSurrGPT_wFaults_cbf_run1,wFaults,cbf,test_roc_micro_auc,0.8378000259399414,generic
PSNN_wSurrGPT_wFaults_cbf_run1,wFaults,cbf,test_roc_micro_auc_mode_none,0.8378000259399414,none
PSNN_wSurrGPT_wFaults_cbf_run1,wFaults,cbf,test_roc_micro_auc_mode_single,0.8224499821662903,single
PSNN_wSurrGPT_woFaults_acuteinflammation_run2,woFaults,acuteinflammation,test_acc_mode_none,0.3199999928474426,
PSNN_wSurrGPT_woFaults_acuteinflammation_run2,woFaults,acuteinflammation,test_acc_mode_single,0.3199999928474426,
PSNN_wSurrGPT_woFaults_acuteinflammation_run2,woFaults,acuteinflammation,val_loss,0.7271084189414978,
PSNN_wSurrGPT_woFaults_acuteinflammation_run2,woFaults,acuteinflammation,val_power,0.00548918591812253,
PSNN_wSurrGPT_woFaults_acuteinflammation_run2,woFaults,acuteinflammation,test_roc_micro_auc,0.720588207244873,generic
PSNN_wSurrGPT_woFaults_acuteinflammation_run2,woFaults,acuteinflammation,test_roc_micro_auc_mode_none,0.720588207244873,none
PSNN_wSurrGPT_woFaults_acuteinflammation_run2,woFaults,acuteinflammation,test_roc_micro_auc_mode_single,0.5588235259056091,single
PSNN_wSurrGPT_wFaults_acuteinflammation_run2,wFaults,acuteinflammation,test_acc_mode_none,0.3199999928474426,
PSNN_wSurrGPT_wFaults_acuteinflammation_run2,wFaults,acuteinflammation,test_acc_mode_single,0.3199999928474426,
PSNN_wSurrGPT_wFaults_acuteinflammation_run2,wFaults,acuteinflammation,val_loss,0.729805588722229,
PSNN_wSurrGPT_wFaults_acuteinflammation_run2,wFaults,acuteinflammation,val_power,0.028808990493416783,
PSNN_wSurrGPT_wFaults_acuteinflammation_run2,wFaults,acuteinflammation,test_roc_micro_auc,0.6985294222831726,generic
PSNN_wSurrGPT_wFaults_acuteinflammation_run2,wFaults,acuteinflammation,test_roc_micro_auc_mode_none,0.6985294222831726,none
PSNN_wSurrGPT_wFaults_acuteinflammation_run2,wFaults,acuteinflammation,test_roc_micro_auc_mode_single,0.5220588445663452,single
PSNN_wSurrGPT_woFaults_cbf_run2,woFaults,cbf,test_acc_mode_none,0.4300000071525574,
PSNN_wSurrGPT_woFaults_cbf_run2,woFaults,cbf,test_acc_mode_single,0.4099999964237213,
PSNN_wSurrGPT_woFaults_cbf_run2,woFaults,cbf,val_loss,1.0743613243103027,
PSNN_wSurrGPT_woFaults_cbf_run2,woFaults,cbf,val_power,0.0016253384528681636,
PSNN_wSurrGPT_woFaults_cbf_run2,woFaults,cbf,test_roc_micro_auc,0.7545499801635742,generic
PSNN_wSurrGPT_woFaults_cbf_run2,woFaults,cbf,test_roc_micro_auc_mode_none,0.7545499801635742,none
PSNN_wSurrGPT_woFaults_cbf_run2,woFaults,cbf,test_roc_micro_auc_mode_single,0.6847000122070312,single
PSNN_wSurrGPT_wFaults_cbf_run2,wFaults,cbf,test_acc_mode_none,0.800000011920929,
PSNN_wSurrGPT_wFaults_cbf_run2,wFaults,cbf,test_acc_mode_single,0.47999998927116394,
PSNN_wSurrGPT_wFaults_cbf_run2,wFaults,cbf,val_loss,1.0647568702697754,
PSNN_wSurrGPT_wFaults_cbf_run2,wFaults,cbf,val_power,0.0051964567974209785,
PSNN_wSurrGPT_wFaults_cbf_run2,wFaults,cbf,test_roc_micro_auc,0.903349995613098,generic
PSNN_wSurrGPT_wFaults_cbf_run2,wFaults,cbf,test_roc_micro_auc_mode_none,0.903349995613098,none
PSNN_wSurrGPT_wFaults_cbf_run2,wFaults,cbf,test_roc_micro_auc_mode_single,0.6882500052452087,single
PSNN_wSurrGPT_woFaults_acuteinflammation_run3,woFaults,acuteinflammation,test_acc_mode_none,0.3199999928474426,
PSNN_wSurrGPT_woFaults_acuteinflammation_run3,woFaults,acuteinflammation,test_acc_mode_single,0.3199999928474426,
PSNN_wSurrGPT_woFaults_acuteinflammation_run3,woFaults,acuteinflammation,val_loss,0.7260082364082336,
PSNN_wSurrGPT_woFaults_acuteinflammation_run3,woFaults,acuteinflammation,val_power,0.006541547365486622,
PSNN_wSurrGPT_woFaults_acuteinflammation_run3,woFaults,acuteinflammation,test_roc_micro_auc,0.4742647111415863,generic
PSNN_wSurrGPT_woFaults_acuteinflammation_run3,woFaults,acuteinflammation,test_roc_micro_auc_mode_none,0.4742647111415863,none
PSNN_wSurrGPT_woFaults_acuteinflammation_run3,woFaults,acuteinflammation,test_roc_micro_auc_mode_single,0.5,single
PSNN_wSurrGPT_wFaults_acuteinflammation_run3,wFaults,acuteinflammation,test_acc_mode_none,0.3199999928474426,
PSNN_wSurrGPT_wFaults_acuteinflammation_run3,wFaults,acuteinflammation,test_acc_mode_single,0.3199999928474426,
PSNN_wSurrGPT_wFaults_acuteinflammation_run3,wFaults,acuteinflammation,val_loss,0.7273262739181519,
PSNN_wSurrGPT_wFaults_acuteinflammation_run3,wFaults,acuteinflammation,val_power,0.002008403418585658,
PSNN_wSurrGPT_wFaults_acuteinflammation_run3,wFaults,acuteinflammation,test_roc_micro_auc,0.5698529481887817,generic
PSNN_wSurrGPT_wFaults_acuteinflammation_run3,wFaults,acuteinflammation,test_roc_micro_auc_mode_none,0.5698529481887817,none
PSNN_wSurrGPT_wFaults_acuteinflammation_run3,wFaults,acuteinflammation,test_roc_micro_auc_mode_single,0.5,single
PSNN_wSurrGPT_woFaults_cbf_run3,woFaults,cbf,test_acc_mode_none,0.6100000143051147,
PSNN_wSurrGPT_woFaults_cbf_run3,woFaults,cbf,test_acc_mode_single,0.5699999928474426,
PSNN_wSurrGPT_woFaults_cbf_run3,woFaults,cbf,val_loss,1.0704066753387451,
PSNN_wSurrGPT_woFaults_cbf_run3,woFaults,cbf,val_power,0.0010557257337495685,
PSNN_wSurrGPT_woFaults_cbf_run3,woFaults,cbf,test_roc_micro_auc,0.7451000213623047,generic
PSNN_wSurrGPT_woFaults_cbf_run3,woFaults,cbf,test_roc_micro_auc_mode_none,0.7451000213623047,none
PSNN_wSurrGPT_woFaults_cbf_run3,woFaults,cbf,test_roc_micro_auc_mode_single,0.7508500218391418,single
PSNN_wSurrGPT_wFaults_cbf_run3,wFaults,cbf,test_acc_mode_none,0.7200000286102295,
PSNN_wSurrGPT_wFaults_cbf_run3,wFaults,cbf,test_acc_mode_single,0.6399999856948853,
PSNN_wSurrGPT_wFaults_cbf_run3,wFaults,cbf,val_loss,1.0830416679382324,
PSNN_wSurrGPT_wFaults_cbf_run3,wFaults,cbf,val_power,0.014805100858211516,
PSNN_wSurrGPT_wFaults_cbf_run3,wFaults,cbf,test_roc_micro_auc,0.8317499756813049,generic
PSNN_wSurrGPT_wFaults_cbf_run3,wFaults,cbf,test_roc_micro_auc_mode_none,0.8317499756813049,none
PSNN_wSurrGPT_wFaults_cbf_run3,wFaults,cbf,test_roc_micro_auc_mode_single,0.7919999957084656,single
PSNN_wSurrGPT_woFaults_acuteinflammation_run4,woFaults,acuteinflammation,test_acc_mode_none,0.3199999928474426,
PSNN_wSurrGPT_woFaults_acuteinflammation_run4,woFaults,acuteinflammation,test_acc_mode_single,0.3199999928474426,
PSNN_wSurrGPT_woFaults_acuteinflammation_run4,woFaults,acuteinflammation,val_loss,0.7254933714866638,
PSNN_wSurrGPT_woFaults_acuteinflammation_run4,woFaults,acuteinflammation,val_power,0.0008296867017634213,
PSNN_wSurrGPT_woFaults_acuteinflammation_run4,woFaults,acuteinflammation,test_roc_micro_auc,0.4485294222831726,generic
PSNN_wSurrGPT_woFaults_acuteinflammation_run4,woFaults,acuteinflammation,test_roc_micro_auc_mode_none,0.4485294222831726,none
PSNN_wSurrGPT_woFaults_acuteinflammation_run4,woFaults,acuteinflammation,test_roc_micro_auc_mode_single,0.8161764740943909,single
PSNN_wSurrGPT_wFaults_acuteinflammation_run4,wFaults,acuteinflammation,test_acc_mode_none,0.3199999928474426,
PSNN_wSurrGPT_wFaults_acuteinflammation_run4,wFaults,acuteinflammation,test_acc_mode_single,0.3199999928474426,
PSNN_wSurrGPT_wFaults_acuteinflammation_run4,wFaults,acuteinflammation,val_loss,0.7259235382080078,
PSNN_wSurrGPT_wFaults_acuteinflammation_run4,wFaults,acuteinflammation,val_power,0.0007143441471271217,
PSNN_wSurrGPT_wFaults_acuteinflammation_run4,wFaults,acuteinflammation,test_roc_micro_auc,0.625,generic
PSNN_wSurrGPT_wFaults_acuteinflammation_run4,wFaults,acuteinflammation,test_roc_micro_auc_mode_none,0.625,none
PSNN_wSurrGPT_wFaults_acuteinflammation_run4,wFaults,acuteinflammation,test_roc_micro_auc_mode_single,0.26838234066963196,single
PSNN_wSurrGPT_woFaults_acuteinflammation_run5,woFaults,acuteinflammation,test_acc_mode_none,0.6800000071525574,
PSNN_wSurrGPT_woFaults_acuteinflammation_run5,woFaults,acuteinflammation,test_acc_mode_single,0.6800000071525574,
PSNN_wSurrGPT_woFaults_acuteinflammation_run5,woFaults,acuteinflammation,val_loss,0.7223876714706421,
PSNN_wSurrGPT_woFaults_acuteinflammation_run5,woFaults,acuteinflammation,val_power,0.0008134959498420358,
PSNN_wSurrGPT_woFaults_acuteinflammation_run5,woFaults,acuteinflammation,test_roc_micro_auc,0.5,generic
PSNN_wSurrGPT_woFaults_acuteinflammation_run5,woFaults,acuteinflammation,test_roc_micro_auc_mode_none,0.5,none
PSNN_wSurrGPT_woFaults_acuteinflammation_run5,woFaults,acuteinflammation,test_roc_micro_auc_mode_single,0.5,single
PSNN_wSurrGPT_woFaults_cbf_run4,woFaults,cbf,test_acc_mode_none,0.7200000286102295,
PSNN_wSurrGPT_woFaults_cbf_run4,woFaults,cbf,test_acc_mode_single,0.5099999904632568,
PSNN_wSurrGPT_woFaults_cbf_run4,woFaults,cbf,val_loss,1.0715845823287964,
PSNN_wSurrGPT_woFaults_cbf_run4,woFaults,cbf,val_power,0.002452592831104994,
PSNN_wSurrGPT_woFaults_cbf_run4,woFaults,cbf,test_roc_micro_auc,0.8579999804496765,generic
PSNN_wSurrGPT_woFaults_cbf_run4,woFaults,cbf,test_roc_micro_auc_mode_none,0.8579999804496765,none
PSNN_wSurrGPT_woFaults_cbf_run4,woFaults,cbf,test_roc_micro_auc_mode_single,0.7674000263214111,single
PSNN_wSurrGPT_wFaults_cbf_run4,wFaults,cbf,test_acc_mode_none,0.41999998688697815,
PSNN_wSurrGPT_wFaults_cbf_run4,wFaults,cbf,test_acc_mode_single,0.4300000071525574,
PSNN_wSurrGPT_wFaults_cbf_run4,wFaults,cbf,val_loss,1.13207745552063,
PSNN_wSurrGPT_wFaults_cbf_run4,wFaults,cbf,val_power,0.0023148206528276205,
PSNN_wSurrGPT_wFaults_cbf_run4,wFaults,cbf,test_roc_micro_auc,0.7347999811172485,generic
PSNN_wSurrGPT_wFaults_cbf_run4,wFaults,cbf,test_roc_micro_auc_mode_none,0.7347999811172485,none
PSNN_wSurrGPT_wFaults_cbf_run4,wFaults,cbf,test_roc_micro_auc_mode_single,0.7091500163078308,single
PSNN_wSurrGPT_wFaults_acuteinflammation_run5,wFaults,acuteinflammation,test_acc_mode_none,0.6800000071525574,
PSNN_wSurrGPT_wFaults_acuteinflammation_run5,wFaults,acuteinflammation,test_acc_mode_single,0.6800000071525574,
PSNN_wSurrGPT_wFaults_acuteinflammation_run5,wFaults,acuteinflammation,val_loss,0.7220091819763184,
PSNN_wSurrGPT_wFaults_acuteinflammation_run5,wFaults,acuteinflammation,val_power,0.0012967443326488135,
PSNN_wSurrGPT_wFaults_acuteinflammation_run5,wFaults,acuteinflammation,test_roc_micro_auc,0.5,generic
PSNN_wSurrGPT_wFaults_acuteinflammation_run5,wFaults,acuteinflammation,test_roc_micro_auc_mode_none,0.5,none
PSNN_wSurrGPT_wFaults_acuteinflammation_run5,wFaults,acuteinflammation,test_roc_micro_auc_mode_single,0.6654411554336548,single
PSNN_wSurrGPT_woFaults_acuteinflammation_run6,woFaults,acuteinflammation,test_acc_mode_none,0.6800000071525574,
PSNN_wSurrGPT_woFaults_acuteinflammation_run6,woFaults,acuteinflammation,test_acc_mode_single,0.6800000071525574,
PSNN_wSurrGPT_woFaults_acuteinflammation_run6,woFaults,acuteinflammation,val_loss,0.7262832522392273,
PSNN_wSurrGPT_woFaults_acuteinflammation_run6,woFaults,acuteinflammation,val_power,0.002531590638682246,
PSNN_wSurrGPT_woFaults_acuteinflammation_run6,woFaults,acuteinflammation,test_roc_micro_auc,1.0,generic
PSNN_wSurrGPT_woFaults_acuteinflammation_run6,woFaults,acuteinflammation,test_roc_micro_auc_mode_none,1.0,none
PSNN_wSurrGPT_woFaults_acuteinflammation_run6,woFaults,acuteinflammation,test_roc_micro_auc_mode_single,1.0,single
PSNN_wSurrGPT_wFaults_acuteinflammation_run6,wFaults,acuteinflammation,test_acc_mode_none,0.6800000071525574,
PSNN_wSurrGPT_wFaults_acuteinflammation_run6,wFaults,acuteinflammation,test_acc_mode_single,0.6800000071525574,
PSNN_wSurrGPT_wFaults_acuteinflammation_run6,wFaults,acuteinflammation,val_loss,0.7281636595726013,
PSNN_wSurrGPT_wFaults_acuteinflammation_run6,wFaults,acuteinflammation,val_power,0.0005378720816224813,
PSNN_wSurrGPT_wFaults_acuteinflammation_run6,wFaults,acuteinflammation,test_roc_micro_auc,1.0,generic
PSNN_wSurrGPT_wFaults_acuteinflammation_run6,wFaults,acuteinflammation,test_roc_micro_auc_mode_none,1.0,none
PSNN_wSurrGPT_wFaults_acuteinflammation_run6,wFaults,acuteinflammation,test_roc_micro_auc_mode_single,1.0,single
PSNN_wSurrGPT_woFaults_cbf_run5,woFaults,cbf,test_acc_mode_none,0.5899999737739563,
PSNN_wSurrGPT_woFaults_cbf_run5,woFaults,cbf,test_acc_mode_single,0.5799999833106995,
PSNN_wSurrGPT_woFaults_cbf_run5,woFaults,cbf,val_loss,1.0781121253967283,
PSNN_wSurrGPT_woFaults_cbf_run5,woFaults,cbf,val_power,0.0030724238604307175,
PSNN_wSurrGPT_woFaults_cbf_run5,woFaults,cbf,test_roc_micro_auc,0.7124500274658203,generic
PSNN_wSurrGPT_woFaults_cbf_run5,woFaults,cbf,test_roc_micro_auc_mode_none,0.7124500274658203,none
PSNN_wSurrGPT_woFaults_cbf_run5,woFaults,cbf,test_roc_micro_auc_mode_single,0.7133499979972839,single
PSNN_wSurrGPT_wFaults_cbf_run5,wFaults,cbf,test_acc_mode_none,0.7799999713897705,
PSNN_wSurrGPT_wFaults_cbf_run5,wFaults,cbf,test_acc_mode_single,0.4099999964237213,
PSNN_wSurrGPT_wFaults_cbf_run5,wFaults,cbf,val_loss,1.1274335384368896,
PSNN_wSurrGPT_wFaults_cbf_run5,wFaults,cbf,val_power,0.009820006787776949,
PSNN_wSurrGPT_wFaults_cbf_run5,wFaults,cbf,test_roc_micro_auc,0.8363000154495239,generic
PSNN_wSurrGPT_wFaults_cbf_run5,wFaults,cbf,test_roc_micro_auc_mode_none,0.8363000154495239,none
PSNN_wSurrGPT_wFaults_cbf_run5,wFaults,cbf,test_roc_micro_auc_mode_single,0.6585000157356262,single
PSNN_wSurrGPT_woFaults_balancescale_run1,woFaults,balancescale,test_acc_mode_none,0.797468364238739,
PSNN_wSurrGPT_woFaults_balancescale_run1,woFaults,balancescale,test_acc_mode_single,0.797468364238739,
PSNN_wSurrGPT_woFaults_balancescale_run1,woFaults,balancescale,val_loss,0.8063349723815918,
PSNN_wSurrGPT_woFaults_balancescale_run1,woFaults,balancescale,val_power,0.0018751625902950764,
PSNN_wSurrGPT_woFaults_balancescale_run1,woFaults,balancescale,test_roc_micro_auc,0.8771030306816101,generic
PSNN_wSurrGPT_woFaults_balancescale_run1,woFaults,balancescale,test_roc_micro_auc_mode_none,0.8771030306816101,none
PSNN_wSurrGPT_woFaults_balancescale_run1,woFaults,balancescale,test_roc_micro_auc_mode_single,0.8695721626281738,single
PSNN_wSurrGPT_wFaults_balancescale_run1,wFaults,balancescale,test_acc_mode_none,0.8101266026496887,
PSNN_wSurrGPT_wFaults_balancescale_run1,wFaults,balancescale,test_acc_mode_single,0.7848101258277893,
PSNN_wSurrGPT_wFaults_balancescale_run1,wFaults,balancescale,val_loss,0.833350419998169,
PSNN_wSurrGPT_wFaults_balancescale_run1,wFaults,balancescale,val_power,0.0037914987187832594,
PSNN_wSurrGPT_wFaults_balancescale_run1,wFaults,balancescale,test_roc_micro_auc,0.8740586638450623,generic
PSNN_wSurrGPT_wFaults_balancescale_run1,wFaults,balancescale,test_roc_micro_auc_mode_none,0.8740586638450623,none
PSNN_wSurrGPT_wFaults_balancescale_run1,wFaults,balancescale,test_roc_micro_auc_mode_single,0.872215986251831,single
PSNN_wSurrGPT_woFaults_cbf_run6,woFaults,cbf,test_acc_mode_none,0.6899999976158142,
PSNN_wSurrGPT_woFaults_cbf_run6,woFaults,cbf,test_acc_mode_single,0.4600000083446502,
PSNN_wSurrGPT_woFaults_cbf_run6,woFaults,cbf,val_loss,1.0674711465835571,
PSNN_wSurrGPT_woFaults_cbf_run6,woFaults,cbf,val_power,0.0035734432749450207,
PSNN_wSurrGPT_woFaults_cbf_run6,woFaults,cbf,test_roc_micro_auc,0.8220499753952026,generic
PSNN_wSurrGPT_woFaults_cbf_run6,woFaults,cbf,test_roc_micro_auc_mode_none,0.8220499753952026,none
PSNN_wSurrGPT_woFaults_cbf_run6,woFaults,cbf,test_roc_micro_auc_mode_single,0.6660000085830688,single
PSNN_wSurrGPT_wFaults_cbf_run6,wFaults,cbf,test_acc_mode_none,0.7599999904632568,
PSNN_wSurrGPT_wFaults_cbf_run6,wFaults,cbf,test_acc_mode_single,0.6100000143051147,
PSNN_wSurrGPT_wFaults_cbf_run6,wFaults,cbf,val_loss,1.0621254444122314,
PSNN_wSurrGPT_wFaults_cbf_run6,wFaults,cbf,val_power,0.004124445375055075,
PSNN_wSurrGPT_wFaults_cbf_run6,wFaults,cbf,test_roc_micro_auc,0.8420000076293945,generic
PSNN_wSurrGPT_wFaults_cbf_run6,wFaults,cbf,test_roc_micro_auc_mode_none,0.8420000076293945,none
PSNN_wSurrGPT_wFaults_cbf_run6,wFaults,cbf,test_roc_micro_auc_mode_single,0.7832000255584717,single
PSNN_wSurrGPT_woFaults_distalphalanxtw_run1,woFaults,distalphalanxtw,test_acc_mode_none,0.4600000083446502,
PSNN_wSurrGPT_woFaults_distalphalanxtw_run1,woFaults,distalphalanxtw,test_acc_mode_single,0.4600000083446502,
PSNN_wSurrGPT_woFaults_distalphalanxtw_run1,woFaults,distalphalanxtw,val_loss,1.5551323890686035,
PSNN_wSurrGPT_woFaults_distalphalanxtw_run1,woFaults,distalphalanxtw,val_power,0.006647759582847357,
PSNN_wSurrGPT_woFaults_distalphalanxtw_run1,woFaults,distalphalanxtw,test_roc_micro_auc,0.7113900184631348,generic
PSNN_wSurrGPT_woFaults_distalphalanxtw_run1,woFaults,distalphalanxtw,test_roc_micro_auc_mode_none,0.7113900184631348,none
PSNN_wSurrGPT_woFaults_distalphalanxtw_run1,woFaults,distalphalanxtw,test_roc_micro_auc_mode_single,0.759660005569458,single
PSNN_wSurrGPT_wFaults_distalphalanxtw_run1,wFaults,distalphalanxtw,test_acc_mode_none,0.4600000083446502,
PSNN_wSurrGPT_wFaults_distalphalanxtw_run1,wFaults,distalphalanxtw,test_acc_mode_single,0.4600000083446502,
PSNN_wSurrGPT_wFaults_distalphalanxtw_run1,wFaults,distalphalanxtw,val_loss,1.55786395072937,
PSNN_wSurrGPT_wFaults_distalphalanxtw_run1,wFaults,distalphalanxtw,val_power,0.015040972270071508,
PSNN_wSurrGPT_wFaults_distalphalanxtw_run1,wFaults,distalphalanxtw,test_roc_micro_auc,0.7086799740791321,generic
PSNN_wSurrGPT_wFaults_distalphalanxtw_run1,wFaults,distalphalanxtw,test_roc_micro_auc_mode_none,0.7086799740791321,none
PSNN_wSurrGPT_wFaults_distalphalanxtw_run1,wFaults,distalphalanxtw,test_roc_micro_auc_mode_single,0.7173900008201599,single
PSNN_wSurrGPT_woFaults_balancescale_run2,woFaults,balancescale,test_acc_mode_none,0.8481012582778931,
PSNN_wSurrGPT_woFaults_balancescale_run2,woFaults,balancescale,test_acc_mode_single,0.8227847814559937,
PSNN_wSurrGPT_woFaults_balancescale_run2,woFaults,balancescale,val_loss,0.7939287424087524,
PSNN_wSurrGPT_woFaults_balancescale_run2,woFaults,balancescale,val_power,0.003339619841426611,
PSNN_wSurrGPT_woFaults_balancescale_run2,woFaults,balancescale,test_roc_micro_auc,0.8980932831764221,generic
PSNN_wSurrGPT_woFaults_balancescale_run2,woFaults,balancescale,test_roc_micro_auc_mode_none,0.8980932831764221,none
PSNN_wSurrGPT_woFaults_balancescale_run2,woFaults,balancescale,test_roc_micro_auc_mode_single,0.8932062387466431,single
PSNN_wSurrGPT_wFaults_balancescale_run2,wFaults,balancescale,test_acc_mode_none,0.8607594966888428,
PSNN_wSurrGPT_wFaults_balancescale_run2,wFaults,balancescale,test_acc_mode_single,0.8607594966888428,
PSNN_wSurrGPT_wFaults_balancescale_run2,wFaults,balancescale,val_loss,0.7801225781440735,
PSNN_wSurrGPT_wFaults_balancescale_run2,wFaults,balancescale,val_power,0.0033237740863114595,
PSNN_wSurrGPT_wFaults_balancescale_run2,wFaults,balancescale,test_roc_micro_auc,0.9031405448913574,generic
PSNN_wSurrGPT_wFaults_balancescale_run2,wFaults,balancescale,test_roc_micro_auc_mode_none,0.9031405448913574,none
PSNN_wSurrGPT_wFaults_balancescale_run2,wFaults,balancescale,test_roc_micro_auc_mode_single,0.9031405448913574,single
PSNN_wSurrGPT_woFaults_distalphalanxtw_run2,woFaults,distalphalanxtw,test_acc_mode_none,0.4600000083446502,
PSNN_wSurrGPT_woFaults_distalphalanxtw_run2,woFaults,distalphalanxtw,test_acc_mode_single,0.4600000083446502,
PSNN_wSurrGPT_woFaults_distalphalanxtw_run2,woFaults,distalphalanxtw,val_loss,1.5466898679733276,
PSNN_wSurrGPT_woFaults_distalphalanxtw_run2,woFaults,distalphalanxtw,val_power,0.0016478479374200106,
PSNN_wSurrGPT_woFaults_distalphalanxtw_run2,woFaults,distalphalanxtw,test_roc_micro_auc,0.7327700257301331,generic
PSNN_wSurrGPT_woFaults_distalphalanxtw_run2,woFaults,distalphalanxtw,test_roc_micro_auc_mode_none,0.7327700257301331,none
PSNN_wSurrGPT_woFaults_distalphalanxtw_run2,woFaults,distalphalanxtw,test_roc_micro_auc_mode_single,0.7386599779129028,single
PSNN_wSurrGPT_wFaults_distalphalanxtw_run2,wFaults,distalphalanxtw,test_acc_mode_none,0.4600000083446502,
PSNN_wSurrGPT_wFaults_distalphalanxtw_run2,wFaults,distalphalanxtw,test_acc_mode_single,0.4600000083446502,
PSNN_wSurrGPT_wFaults_distalphalanxtw_run2,wFaults,distalphalanxtw,val_loss,1.5641262531280518,
PSNN_wSurrGPT_wFaults_distalphalanxtw_run2,wFaults,distalphalanxtw,val_power,0.0017506101867184043,
PSNN_wSurrGPT_wFaults_distalphalanxtw_run2,wFaults,distalphalanxtw,test_roc_micro_auc,0.7613700032234192,generic
PSNN_wSurrGPT_wFaults_distalphalanxtw_run2,wFaults,distalphalanxtw,test_roc_micro_auc_mode_none,0.7613700032234192,none
PSNN_wSurrGPT_wFaults_distalphalanxtw_run2,wFaults,distalphalanxtw,test_roc_micro_auc_mode_single,0.7550399899482727,single
PSNN_wSurrGPT_woFaults_balancescale_run3,woFaults,balancescale,test_acc_mode_none,0.7215189933776855,
PSNN_wSurrGPT_woFaults_balancescale_run3,woFaults,balancescale,test_acc_mode_single,0.746835470199585,
PSNN_wSurrGPT_woFaults_balancescale_run3,woFaults,balancescale,val_loss,0.853220522403717,
PSNN_wSurrGPT_woFaults_balancescale_run3,woFaults,balancescale,val_power,0.0043797725811600685,
PSNN_wSurrGPT_woFaults_balancescale_run3,woFaults,balancescale,test_roc_micro_auc,0.8275116086006165,generic
PSNN_wSurrGPT_woFaults_balancescale_run3,woFaults,balancescale,test_roc_micro_auc_mode_none,0.8275116086006165,none
PSNN_wSurrGPT_woFaults_balancescale_run3,woFaults,balancescale,test_roc_micro_auc_mode_single,0.8346418738365173,single
PSNN_wSurrGPT_woFaults_distalphalanxtw_run3,woFaults,distalphalanxtw,test_acc_mode_none,0.4600000083446502,
PSNN_wSurrGPT_woFaults_distalphalanxtw_run3,woFaults,distalphalanxtw,test_acc_mode_single,0.4600000083446502,
PSNN_wSurrGPT_woFaults_distalphalanxtw_run3,woFaults,distalphalanxtw,val_loss,1.545315861701965,
PSNN_wSurrGPT_woFaults_distalphalanxtw_run3,woFaults,distalphalanxtw,val_power,0.0016570733860135078,
PSNN_wSurrGPT_woFaults_distalphalanxtw_run3,woFaults,distalphalanxtw,test_roc_micro_auc,0.7590199708938599,generic
PSNN_wSurrGPT_woFaults_distalphalanxtw_run3,woFaults,distalphalanxtw,test_roc_micro_auc_mode_none,0.7590199708938599,none
PSNN_wSurrGPT_woFaults_distalphalanxtw_run3,woFaults,distalphalanxtw,test_roc_micro_auc_mode_single,0.7691199779510498,single
PSNN_wSurrGPT_wFaults_distalphalanxtw_run3,wFaults,distalphalanxtw,test_acc_mode_none,0.4600000083446502,
PSNN_wSurrGPT_wFaults_distalphalanxtw_run3,wFaults,distalphalanxtw,test_acc_mode_single,0.4600000083446502,
PSNN_wSurrGPT_wFaults_distalphalanxtw_run3,wFaults,distalphalanxtw,val_loss,1.5486048460006714,
PSNN_wSurrGPT_wFaults_distalphalanxtw_run3,wFaults,distalphalanxtw,val_power,0.0009264100226573646,
PSNN_wSurrGPT_wFaults_distalphalanxtw_run3,wFaults,distalphalanxtw,test_roc_micro_auc,0.7884200215339661,generic
PSNN_wSurrGPT_wFaults_distalphalanxtw_run3,wFaults,distalphalanxtw,test_roc_micro_auc_mode_none,0.7884200215339661,none
PSNN_wSurrGPT_wFaults_distalphalanxtw_run3,wFaults,distalphalanxtw,test_roc_micro_auc_mode_single,0.7853099703788757,single
PSNN_wSurrGPT_wFaults_balancescale_run3,wFaults,balancescale,test_acc_mode_none,0.7088607549667358,
PSNN_wSurrGPT_wFaults_balancescale_run3,wFaults,balancescale,test_acc_mode_single,0.7721518874168396,
PSNN_wSurrGPT_wFaults_balancescale_run3,wFaults,balancescale,val_loss,0.8440309166908264,
PSNN_wSurrGPT_wFaults_balancescale_run3,wFaults,balancescale,val_power,0.005335042718797922,
PSNN_wSurrGPT_wFaults_balancescale_run3,wFaults,balancescale,test_roc_micro_auc,0.8324787616729736,generic
PSNN_wSurrGPT_wFaults_balancescale_run3,wFaults,balancescale,test_roc_micro_auc_mode_none,0.8324787616729736,none
PSNN_wSurrGPT_wFaults_balancescale_run3,wFaults,balancescale,test_roc_micro_auc_mode_single,0.8482614755630493,single
PSNN_wSurrGPT_woFaults_distalphalanxtw_run4,woFaults,distalphalanxtw,test_acc_mode_none,0.4600000083446502,
PSNN_wSurrGPT_woFaults_distalphalanxtw_run4,woFaults,distalphalanxtw,test_acc_mode_single,0.4600000083446502,
PSNN_wSurrGPT_woFaults_distalphalanxtw_run4,woFaults,distalphalanxtw,val_loss,1.5517266988754272,
PSNN_wSurrGPT_woFaults_distalphalanxtw_run4,woFaults,distalphalanxtw,val_power,0.0028078234754502773,
PSNN_wSurrGPT_woFaults_distalphalanxtw_run4,woFaults,distalphalanxtw,test_roc_micro_auc,0.7937399744987488,generic
PSNN_wSurrGPT_woFaults_distalphalanxtw_run4,woFaults,distalphalanxtw,test_roc_micro_auc_mode_none,0.7937399744987488,none
PSNN_wSurrGPT_woFaults_distalphalanxtw_run4,woFaults,distalphalanxtw,test_roc_micro_auc_mode_single,0.7893499732017517,single
PSNN_wSurrGPT_wFaults_distalphalanxtw_run4,wFaults,distalphalanxtw,test_acc_mode_none,0.4600000083446502,
PSNN_wSurrGPT_wFaults_distalphalanxtw_run4,wFaults,distalphalanxtw,test_acc_mode_single,0.4600000083446502,
PSNN_wSurrGPT_wFaults_distalphalanxtw_run4,wFaults,distalphalanxtw,val_loss,1.5769643783569336,
PSNN_wSurrGPT_wFaults_distalphalanxtw_run4,wFaults,distalphalanxtw,val_power,0.011324649676680563,
PSNN_wSurrGPT_wFaults_distalphalanxtw_run4,wFaults,distalphalanxtw,test_roc_micro_auc,0.7712399959564209,generic
PSNN_wSurrGPT_wFaults_distalphalanxtw_run4,wFaults,distalphalanxtw,test_roc_micro_auc_mode_none,0.7712399959564209,none
PSNN_wSurrGPT_wFaults_distalphalanxtw_run4,wFaults,distalphalanxtw,test_roc_micro_auc_mode_single,0.7650799751281738,single
PSNN_wSurrGPT_woFaults_balancescale_run4,woFaults,balancescale,test_acc_mode_none,0.8227847814559937,
PSNN_wSurrGPT_woFaults_balancescale_run4,woFaults,balancescale,test_acc_mode_single,0.797468364238739,
PSNN_wSurrGPT_woFaults_balancescale_run4,woFaults,balancescale,val_loss,0.8168872594833374,
PSNN_wSurrGPT_woFaults_balancescale_run4,woFaults,balancescale,val_power,0.004237929824739695,
PSNN_wSurrGPT_woFaults_balancescale_run4,woFaults,balancescale,test_roc_micro_auc,0.8676494359970093,generic
PSNN_wSurrGPT_woFaults_balancescale_run4,woFaults,balancescale,test_roc_micro_auc_mode_none,0.8676494359970093,none
PSNN_wSurrGPT_woFaults_balancescale_run4,woFaults,balancescale,test_roc_micro_auc_mode_single,0.8679698705673218,single
PSNN_wSurrGPT_woFaults_distalphalanxtw_run5,woFaults,distalphalanxtw,test_acc_mode_none,0.4600000083446502,
PSNN_wSurrGPT_woFaults_distalphalanxtw_run5,woFaults,distalphalanxtw,test_acc_mode_single,0.4600000083446502,
PSNN_wSurrGPT_woFaults_distalphalanxtw_run5,woFaults,distalphalanxtw,val_loss,1.551509976387024,
PSNN_wSurrGPT_woFaults_distalphalanxtw_run5,woFaults,distalphalanxtw,val_power,0.0048073469661176205,
PSNN_wSurrGPT_woFaults_distalphalanxtw_run5,woFaults,distalphalanxtw,test_roc_micro_auc,0.7130299806594849,generic
PSNN_wSurrGPT_woFaults_distalphalanxtw_run5,woFaults,distalphalanxtw,test_roc_micro_auc_mode_none,0.7130299806594849,none
PSNN_wSurrGPT_woFaults_distalphalanxtw_run5,woFaults,distalphalanxtw,test_roc_micro_auc_mode_single,0.7130200266838074,single
PSNN_wSurrGPT_wFaults_distalphalanxtw_run5,wFaults,distalphalanxtw,test_acc_mode_none,0.4600000083446502,
PSNN_wSurrGPT_wFaults_distalphalanxtw_run5,wFaults,distalphalanxtw,test_acc_mode_single,0.4600000083446502,
PSNN_wSurrGPT_wFaults_distalphalanxtw_run5,wFaults,distalphalanxtw,val_loss,1.5752300024032593,
PSNN_wSurrGPT_wFaults_distalphalanxtw_run5,wFaults,distalphalanxtw,val_power,0.005559065379202366,
PSNN_wSurrGPT_wFaults_distalphalanxtw_run5,wFaults,distalphalanxtw,test_roc_micro_auc,0.7180799841880798,generic
PSNN_wSurrGPT_wFaults_distalphalanxtw_run5,wFaults,distalphalanxtw,test_roc_micro_auc_mode_none,0.7180799841880798,none
PSNN_wSurrGPT_wFaults_distalphalanxtw_run5,wFaults,distalphalanxtw,test_roc_micro_auc_mode_single,0.7111700177192688,single
PSNN_wSurrGPT_wFaults_balancescale_run4,wFaults,balancescale,test_acc_mode_none,0.8734177350997925,
PSNN_wSurrGPT_wFaults_balancescale_run4,wFaults,balancescale,test_acc_mode_single,0.8607594966888428,
PSNN_wSurrGPT_wFaults_balancescale_run4,wFaults,balancescale,val_loss,0.8544052243232727,
PSNN_wSurrGPT_wFaults_balancescale_run4,wFaults,balancescale,val_power,0.002917863894253969,
PSNN_wSurrGPT_wFaults_balancescale_run4,wFaults,balancescale,test_roc_micro_auc,0.915558397769928,generic
PSNN_wSurrGPT_wFaults_balancescale_run4,wFaults,balancescale,test_roc_micro_auc_mode_none,0.915558397769928,none
PSNN_wSurrGPT_wFaults_balancescale_run4,wFaults,balancescale,test_roc_micro_auc_mode_single,0.9077070951461792,single
PSNN_wSurrGPT_woFaults_distalphalanxtw_run6,woFaults,distalphalanxtw,test_acc_mode_none,0.4600000083446502,
PSNN_wSurrGPT_woFaults_distalphalanxtw_run6,woFaults,distalphalanxtw,test_acc_mode_single,0.4600000083446502,
PSNN_wSurrGPT_woFaults_distalphalanxtw_run6,woFaults,distalphalanxtw,val_loss,1.5397824048995972,
PSNN_wSurrGPT_woFaults_distalphalanxtw_run6,woFaults,distalphalanxtw,val_power,0.003141844877973199,
PSNN_wSurrGPT_woFaults_distalphalanxtw_run6,woFaults,distalphalanxtw,test_roc_micro_auc,0.8142099976539612,generic
PSNN_wSurrGPT_woFaults_distalphalanxtw_run6,woFaults,distalphalanxtw,test_roc_micro_auc_mode_none,0.8142099976539612,none
PSNN_wSurrGPT_woFaults_distalphalanxtw_run6,woFaults,distalphalanxtw,test_roc_micro_auc_mode_single,0.781059980392456,single
PSNN_wSurrGPT_wFaults_powercons_run1,wFaults,powercons,test_acc_mode_none,0.625,
PSNN_wSurrGPT_wFaults_powercons_run1,wFaults,powercons,test_acc_mode_single,0.6111111044883728,
PSNN_wSurrGPT_wFaults_powercons_run1,wFaults,powercons,val_loss,0.6933843493461609,
PSNN_wSurrGPT_wFaults_powercons_run1,wFaults,powercons,val_power,0.0013076396426185966,
PSNN_wSurrGPT_wFaults_powercons_run1,wFaults,powercons,test_roc_micro_auc,0.7142857313156128,generic
PSNN_wSurrGPT_wFaults_powercons_run1,wFaults,powercons,test_roc_micro_auc_mode_none,0.7142857313156128,none
PSNN_wSurrGPT_wFaults_powercons_run1,wFaults,powercons,test_roc_micro_auc_mode_single,0.6362934112548828,single
PSNN_wSurrGPT_woFaults_powercons_run1,woFaults,powercons,test_acc_mode_none,0.4861111044883728,
PSNN_wSurrGPT_woFaults_powercons_run1,woFaults,powercons,test_acc_mode_single,0.4861111044883728,
PSNN_wSurrGPT_woFaults_powercons_run1,woFaults,powercons,val_loss,0.6935163140296936,
PSNN_wSurrGPT_woFaults_powercons_run1,woFaults,powercons,val_power,0.0025389492511749268,
PSNN_wSurrGPT_woFaults_powercons_run1,woFaults,powercons,test_roc_micro_auc,0.6667953729629517,generic
PSNN_wSurrGPT_woFaults_powercons_run1,woFaults,powercons,test_roc_micro_auc_mode_none,0.6667953729629517,none
PSNN_wSurrGPT_woFaults_powercons_run1,woFaults,powercons,test_roc_micro_auc_mode_single,0.6833977103233337,single
PSNN_wSurrGPT_woFaults_slope_run1,woFaults,slope,test_acc_mode_none,0.5,
PSNN_wSurrGPT_woFaults_slope_run1,woFaults,slope,test_acc_mode_single,0.5,
PSNN_wSurrGPT_woFaults_slope_run1,woFaults,slope,val_loss,0.6942521929740906,
PSNN_wSurrGPT_woFaults_slope_run1,woFaults,slope,val_power,0.0001612438791198656,
PSNN_wSurrGPT_woFaults_slope_run1,woFaults,slope,test_roc_micro_auc,0.3370000123977661,generic
PSNN_wSurrGPT_woFaults_slope_run1,woFaults,slope,test_roc_micro_auc_mode_none,0.3370000123977661,none
PSNN_wSurrGPT_woFaults_slope_run1,woFaults,slope,test_roc_micro_auc_mode_single,0.7325999736785889,single
PSNN_wSurrGPT_wFaults_slope_run1,wFaults,slope,test_acc_mode_none,0.5,
PSNN_wSurrGPT_wFaults_slope_run1,wFaults,slope,test_acc_mode_single,0.5,
PSNN_wSurrGPT_wFaults_slope_run1,wFaults,slope,val_loss,0.6932833790779114,
PSNN_wSurrGPT_wFaults_slope_run1,wFaults,slope,val_power,0.0007792339310981333,
PSNN_wSurrGPT_wFaults_slope_run1,wFaults,slope,test_roc_micro_auc,0.7699999809265137,generic
PSNN_wSurrGPT_wFaults_slope_run1,wFaults,slope,test_roc_micro_auc_mode_none,0.7699999809265137,none
PSNN_wSurrGPT_wFaults_slope_run1,wFaults,slope,test_roc_micro_auc_mode_single,0.7311999797821045,single
PSNN_wSurrGPT_wFaults_energyy1_run1,wFaults,energyy1,test_acc_mode_none,0.8481012582778931,
PSNN_wSurrGPT_wFaults_energyy1_run1,wFaults,energyy1,test_acc_mode_single,0.797468364238739,
PSNN_wSurrGPT_wFaults_energyy1_run1,wFaults,energyy1,val_loss,0.9408279657363892,
PSNN_wSurrGPT_wFaults_energyy1_run1,wFaults,energyy1,val_power,0.001678568427450955,
PSNN_wSurrGPT_wFaults_energyy1_run1,wFaults,energyy1,test_roc_micro_auc,0.8803877830505371,generic
PSNN_wSurrGPT_wFaults_energyy1_run1,wFaults,energyy1,test_roc_micro_auc_mode_none,0.8803877830505371,none
PSNN_wSurrGPT_wFaults_energyy1_run1,wFaults,energyy1,test_roc_micro_auc_mode_single,0.8779842853546143,single
PSNN_wSurrGPT_woFaults_energyy1_run1,woFaults,energyy1,test_acc_mode_none,0.8481012582778931,
PSNN_wSurrGPT_woFaults_energyy1_run1,woFaults,energyy1,test_acc_mode_single,0.8481012582778931,
PSNN_wSurrGPT_woFaults_energyy1_run1,woFaults,energyy1,val_loss,0.9333648681640624,
PSNN_wSurrGPT_woFaults_energyy1_run1,woFaults,energyy1,val_power,0.0012446274049580095,
PSNN_wSurrGPT_woFaults_energyy1_run1,woFaults,energyy1,test_roc_micro_auc,0.8599182963371277,generic
PSNN_wSurrGPT_woFaults_energyy1_run1,woFaults,energyy1,test_roc_micro_auc_mode_none,0.8599182963371277,none
PSNN_wSurrGPT_woFaults_energyy1_run1,woFaults,energyy1,test_roc_micro_auc_mode_single,0.8417721390724182,single
PSNN_wSurrGPT_woFaults_seeds_run1,woFaults,seeds,test_acc_mode_none,0.20930232107639313,
PSNN_wSurrGPT_woFaults_seeds_run1,woFaults,seeds,test_acc_mode_single,0.20930232107639313,
PSNN_wSurrGPT_woFaults_seeds_run1,woFaults,seeds,val_loss,1.109189748764038,
PSNN_wSurrGPT_woFaults_seeds_run1,woFaults,seeds,val_power,0.0019070858834311368,
PSNN_wSurrGPT_woFaults_seeds_run1,woFaults,seeds,test_roc_micro_auc,0.31246620416641235,generic
PSNN_wSurrGPT_woFaults_seeds_run1,woFaults,seeds,test_roc_micro_auc_mode_none,0.31246620416641235,none
PSNN_wSurrGPT_woFaults_seeds_run1,woFaults,seeds,test_roc_micro_auc_mode_single,0.3204434812068939,single
PSNN_wSurrGPT_wFaults_seeds_run1,wFaults,seeds,test_acc_mode_none,0.20930232107639313,
PSNN_wSurrGPT_wFaults_seeds_run1,wFaults,seeds,test_acc_mode_single,0.20930232107639313,
PSNN_wSurrGPT_wFaults_seeds_run1,wFaults,seeds,val_loss,1.1130329370498655,
PSNN_wSurrGPT_wFaults_seeds_run1,wFaults,seeds,val_power,0.002353779273107648,
PSNN_wSurrGPT_wFaults_seeds_run1,wFaults,seeds,test_roc_micro_auc,0.3043537139892578,generic
PSNN_wSurrGPT_wFaults_seeds_run1,wFaults,seeds,test_roc_micro_auc_mode_none,0.3043537139892578,none
PSNN_wSurrGPT_wFaults_seeds_run1,wFaults,seeds,test_roc_micro_auc_mode_single,0.3032720386981964,single
PSNN_wSurrGPT_wFaults_tictactoe_run1,wFaults,tictactoe,test_acc_mode_none,0.6708860993385315,
PSNN_wSurrGPT_wFaults_tictactoe_run1,wFaults,tictactoe,test_acc_mode_single,0.6708860993385315,
PSNN_wSurrGPT_wFaults_tictactoe_run1,wFaults,tictactoe,val_loss,0.5910098552703857,
PSNN_wSurrGPT_wFaults_tictactoe_run1,wFaults,tictactoe,val_power,0.006078612059354782,
PSNN_wSurrGPT_wFaults_tictactoe_run1,wFaults,tictactoe,test_roc_micro_auc,0.6124818325042725,generic
PSNN_wSurrGPT_wFaults_tictactoe_run1,wFaults,tictactoe,test_roc_micro_auc_mode_none,0.6124818325042725,none
PSNN_wSurrGPT_wFaults_tictactoe_run1,wFaults,tictactoe,test_roc_micro_auc_mode_single,0.6015965342521667,single
PSNN_wSurrGPT_woFaults_tictactoe_run1,woFaults,tictactoe,test_acc_mode_none,0.6708860993385315,
PSNN_wSurrGPT_woFaults_tictactoe_run1,woFaults,tictactoe,test_acc_mode_single,0.6708860993385315,
PSNN_wSurrGPT_woFaults_tictactoe_run1,woFaults,tictactoe,val_loss,0.5805786848068237,
PSNN_wSurrGPT_woFaults_tictactoe_run1,woFaults,tictactoe,val_power,0.002637942088767886,
PSNN_wSurrGPT_woFaults_tictactoe_run1,woFaults,tictactoe,test_roc_micro_auc,0.6632801294326782,generic
PSNN_wSurrGPT_woFaults_tictactoe_run1,woFaults,tictactoe,test_roc_micro_auc_mode_none,0.6632801294326782,none
PSNN_wSurrGPT_woFaults_tictactoe_run1,woFaults,tictactoe,test_roc_micro_auc_mode_single,0.6792452931404114,single
PSNN_wSurrGPT_woFaults_gunpointoldversusyoung_run1,woFaults,gunpointoldversusyoung,test_acc_mode_none,1.0,
PSNN_wSurrGPT_woFaults_gunpointoldversusyoung_run1,woFaults,gunpointoldversusyoung,test_acc_mode_single,0.9450549483299256,
PSNN_wSurrGPT_woFaults_gunpointoldversusyoung_run1,woFaults,gunpointoldversusyoung,val_loss,0.6177217364311218,
PSNN_wSurrGPT_woFaults_gunpointoldversusyoung_run1,woFaults,gunpointoldversusyoung,val_power,0.002035539597272873,
PSNN_wSurrGPT_woFaults_gunpointoldversusyoung_run1,woFaults,gunpointoldversusyoung,test_roc_micro_auc,1.0,generic
PSNN_wSurrGPT_woFaults_gunpointoldversusyoung_run1,woFaults,gunpointoldversusyoung,test_roc_micro_auc_mode_none,1.0,none
PSNN_wSurrGPT_woFaults_gunpointoldversusyoung_run1,woFaults,gunpointoldversusyoung,test_roc_micro_auc_mode_single,0.9970986247062684,single
PSNN_wSurrGPT_wFaults_gunpointoldversusyoung_run1,wFaults,gunpointoldversusyoung,test_acc_mode_none,1.0,
PSNN_wSurrGPT_wFaults_gunpointoldversusyoung_run1,wFaults,gunpointoldversusyoung,test_acc_mode_single,1.0,
PSNN_wSurrGPT_wFaults_gunpointoldversusyoung_run1,wFaults,gunpointoldversusyoung,val_loss,0.6230623126029968,
PSNN_wSurrGPT_wFaults_gunpointoldversusyoung_run1,wFaults,gunpointoldversusyoung,val_power,0.001281682401895523,
PSNN_wSurrGPT_wFaults_gunpointoldversusyoung_run1,wFaults,gunpointoldversusyoung,test_roc_micro_auc,1.0,generic
PSNN_wSurrGPT_wFaults_gunpointoldversusyoung_run1,wFaults,gunpointoldversusyoung,test_roc_micro_auc_mode_none,1.0,none
PSNN_wSurrGPT_wFaults_gunpointoldversusyoung_run1,wFaults,gunpointoldversusyoung,test_roc_micro_auc_mode_single,1.0,single
PSNN_wSurrGPT_wFaults_selfregulationscp2_run1,wFaults,selfregulationscp2,test_acc_mode_none,0.5263158082962036,
PSNN_wSurrGPT_wFaults_selfregulationscp2_run1,wFaults,selfregulationscp2,test_acc_mode_single,0.5263158082962036,
PSNN_wSurrGPT_wFaults_selfregulationscp2_run1,wFaults,selfregulationscp2,val_loss,0.6932634115219116,
PSNN_wSurrGPT_wFaults_selfregulationscp2_run1,wFaults,selfregulationscp2,val_power,0.0006873641395941377,
PSNN_wSurrGPT_wFaults_selfregulationscp2_run1,wFaults,selfregulationscp2,test_roc_micro_auc,0.5319444537162781,generic
PSNN_wSurrGPT_wFaults_selfregulationscp2_run1,wFaults,selfregulationscp2,test_roc_micro_auc_mode_none,0.5319444537162781,none
PSNN_wSurrGPT_wFaults_selfregulationscp2_run1,wFaults,selfregulationscp2,test_roc_micro_auc_mode_single,0.5534722208976746,single
PSNN_wSurrGPT_woFaults_selfregulationscp2_run1,woFaults,selfregulationscp2,test_acc_mode_none,0.5263158082962036,
PSNN_wSurrGPT_woFaults_selfregulationscp2_run1,woFaults,selfregulationscp2,test_acc_mode_single,0.5263158082962036,
PSNN_wSurrGPT_woFaults_selfregulationscp2_run1,woFaults,selfregulationscp2,val_loss,0.693231999874115,
PSNN_wSurrGPT_woFaults_selfregulationscp2_run1,woFaults,selfregulationscp2,val_power,0.0004856304149143398,
PSNN_wSurrGPT_woFaults_selfregulationscp2_run1,woFaults,selfregulationscp2,test_roc_micro_auc,0.597569465637207,generic
PSNN_wSurrGPT_woFaults_selfregulationscp2_run1,woFaults,selfregulationscp2,test_roc_micro_auc_mode_none,0.597569465637207,none
PSNN_wSurrGPT_woFaults_selfregulationscp2_run1,woFaults,selfregulationscp2,test_roc_micro_auc_mode_single,0.5913194417953491,single
PSNN_wSurrGPT_wFaults_powercons_run2,wFaults,powercons,test_acc_mode_none,0.5,
PSNN_wSurrGPT_wFaults_powercons_run2,wFaults,powercons,test_acc_mode_single,0.5694444179534912,
PSNN_wSurrGPT_wFaults_powercons_run2,wFaults,powercons,val_loss,0.6936044692993164,
PSNN_wSurrGPT_wFaults_powercons_run2,wFaults,powercons,val_power,0.004270436242222786,
PSNN_wSurrGPT_wFaults_powercons_run2,wFaults,powercons,test_roc_micro_auc,0.6393822431564331,generic
PSNN_wSurrGPT_wFaults_powercons_run2,wFaults,powercons,test_roc_micro_auc_mode_none,0.6393822431564331,none
PSNN_wSurrGPT_wFaults_powercons_run2,wFaults,powercons,test_roc_micro_auc_mode_single,0.5420849323272705,single
PSNN_wSurrGPT_wFaults_powercons_run2,wFaults,powercons,test_acc_mode_none,0.4861111044883728,
PSNN_wSurrGPT_wFaults_powercons_run2,wFaults,powercons,test_acc_mode_single,0.4861111044883728,
PSNN_wSurrGPT_wFaults_powercons_run2,wFaults,powercons,val_loss,0.6933961510658264,
PSNN_wSurrGPT_wFaults_powercons_run2,wFaults,powercons,val_power,0.0012890372890979052,
PSNN_wSurrGPT_wFaults_powercons_run2,wFaults,powercons,test_roc_micro_auc,0.4223938286304474,generic
PSNN_wSurrGPT_wFaults_powercons_run2,wFaults,powercons,test_roc_micro_auc_mode_none,0.4223938286304474,none
PSNN_wSurrGPT_wFaults_powercons_run2,wFaults,powercons,test_roc_micro_auc_mode_single,0.29768338799476624,single
PSNN_wSurrGPT_woFaults_seeds_run2,woFaults,seeds,test_acc_mode_none,0.5348837375640869,
PSNN_wSurrGPT_woFaults_seeds_run2,woFaults,seeds,test_acc_mode_single,0.5348837375640869,
PSNN_wSurrGPT_woFaults_seeds_run2,woFaults,seeds,val_loss,1.1093071699142456,
PSNN_wSurrGPT_woFaults_seeds_run2,woFaults,seeds,val_power,0.0014499922981485724,
PSNN_wSurrGPT_woFaults_seeds_run2,woFaults,seeds,test_roc_micro_auc,0.6691454648971558,generic
PSNN_wSurrGPT_woFaults_seeds_run2,woFaults,seeds,test_roc_micro_auc_mode_none,0.6691454648971558,none
PSNN_wSurrGPT_woFaults_seeds_run2,woFaults,seeds,test_roc_micro_auc_mode_single,0.6860465407371521,single
PSNN_wSurrGPT_wFaults_slope_run2,wFaults,slope,test_acc_mode_none,0.5,
PSNN_wSurrGPT_wFaults_slope_run2,wFaults,slope,test_acc_mode_single,0.5,
PSNN_wSurrGPT_wFaults_slope_run2,wFaults,slope,val_loss,0.6789188385009766,
PSNN_wSurrGPT_wFaults_slope_run2,wFaults,slope,val_power,0.00013375747948884964,
PSNN_wSurrGPT_wFaults_slope_run2,wFaults,slope,test_roc_micro_auc,0.8159999847412109,generic
PSNN_wSurrGPT_wFaults_slope_run2,wFaults,slope,test_roc_micro_auc_mode_none,0.8159999847412109,none
PSNN_wSurrGPT_wFaults_slope_run2,wFaults,slope,test_roc_micro_auc_mode_single,0.2287999987602234,single
PSNN_wSurrGPT_woFaults_slope_run2,woFaults,slope,test_acc_mode_none,0.5,
PSNN_wSurrGPT_woFaults_slope_run2,woFaults,slope,test_acc_mode_single,0.5,
PSNN_wSurrGPT_woFaults_slope_run2,woFaults,slope,val_loss,0.6939740180969238,
PSNN_wSurrGPT_woFaults_slope_run2,woFaults,slope,val_power,0.0002530572237446904,
PSNN_wSurrGPT_woFaults_slope_run2,woFaults,slope,test_roc_micro_auc,0.6424000263214111,generic
PSNN_wSurrGPT_woFaults_slope_run2,woFaults,slope,test_roc_micro_auc_mode_none,0.6424000263214111,none
PSNN_wSurrGPT_woFaults_slope_run2,woFaults,slope,test_roc_micro_auc_mode_single,0.962000012397766,single
PSNN_wSurrGPT_wFaults_seeds_run2,wFaults,seeds,test_acc_mode_none,0.25581395626068115,
PSNN_wSurrGPT_wFaults_seeds_run2,wFaults,seeds,test_acc_mode_single,0.25581395626068115,
PSNN_wSurrGPT_wFaults_seeds_run2,wFaults,seeds,val_loss,1.1123569011688232,
PSNN_wSurrGPT_wFaults_seeds_run2,wFaults,seeds,val_power,0.00022364679898601025,
PSNN_wSurrGPT_wFaults_seeds_run2,wFaults,seeds,test_roc_micro_auc,0.5070308446884155,generic
PSNN_wSurrGPT_wFaults_seeds_run2,wFaults,seeds,test_roc_micro_auc_mode_none,0.5070308446884155,none
PSNN_wSurrGPT_wFaults_seeds_run2,wFaults,seeds,test_roc_micro_auc_mode_single,0.4917522966861725,single
PSNN_wSurrGPT_wFaults_gunpointoldversusyoung_run2,wFaults,gunpointoldversusyoung,test_acc_mode_none,0.9450549483299256,
PSNN_wSurrGPT_wFaults_gunpointoldversusyoung_run2,wFaults,gunpointoldversusyoung,test_acc_mode_single,0.9230769276618958,
PSNN_wSurrGPT_wFaults_gunpointoldversusyoung_run2,wFaults,gunpointoldversusyoung,val_loss,0.6371381878852844,
PSNN_wSurrGPT_wFaults_gunpointoldversusyoung_run2,wFaults,gunpointoldversusyoung,val_power,0.0017183335730805993,
PSNN_wSurrGPT_wFaults_gunpointoldversusyoung_run2,wFaults,gunpointoldversusyoung,test_roc_micro_auc,1.0,generic
PSNN_wSurrGPT_wFaults_gunpointoldversusyoung_run2,wFaults,gunpointoldversusyoung,test_roc_micro_auc_mode_none,1.0,none
PSNN_wSurrGPT_wFaults_gunpointoldversusyoung_run2,wFaults,gunpointoldversusyoung,test_roc_micro_auc_mode_single,1.0,single
PSNN_wSurrGPT_woFaults_gunpointoldversusyoung_run2,woFaults,gunpointoldversusyoung,test_acc_mode_none,1.0,
PSNN_wSurrGPT_woFaults_gunpointoldversusyoung_run2,woFaults,gunpointoldversusyoung,test_acc_mode_single,0.692307710647583,
PSNN_wSurrGPT_woFaults_gunpointoldversusyoung_run2,woFaults,gunpointoldversusyoung,val_loss,0.6449307799339294,
PSNN_wSurrGPT_woFaults_gunpointoldversusyoung_run2,woFaults,gunpointoldversusyoung,val_power,0.006981040816754103,
PSNN_wSurrGPT_woFaults_gunpointoldversusyoung_run2,woFaults,gunpointoldversusyoung,test_roc_micro_auc,1.0,generic
PSNN_wSurrGPT_woFaults_gunpointoldversusyoung_run2,woFaults,gunpointoldversusyoung,test_roc_micro_auc_mode_none,1.0,none
PSNN_wSurrGPT_woFaults_gunpointoldversusyoung_run2,woFaults,gunpointoldversusyoung,test_roc_micro_auc_mode_single,0.9535783529281616,single
PSNN_wSurrGPT_woFaults_selfregulationscp2_run2,woFaults,selfregulationscp2,test_acc_mode_none,0.5263158082962036,
PSNN_wSurrGPT_woFaults_selfregulationscp2_run2,woFaults,selfregulationscp2,test_acc_mode_single,0.5263158082962036,
PSNN_wSurrGPT_woFaults_selfregulationscp2_run2,woFaults,selfregulationscp2,val_loss,0.6932253837585449,
PSNN_wSurrGPT_woFaults_selfregulationscp2_run2,woFaults,selfregulationscp2,val_power,0.00019817125576082617,
PSNN_wSurrGPT_woFaults_selfregulationscp2_run2,woFaults,selfregulationscp2,test_roc_micro_auc,0.5777778029441833,generic
PSNN_wSurrGPT_woFaults_selfregulationscp2_run2,woFaults,selfregulationscp2,test_roc_micro_auc_mode_none,0.5777778029441833,none
PSNN_wSurrGPT_woFaults_selfregulationscp2_run2,woFaults,selfregulationscp2,test_roc_micro_auc_mode_single,0.5239583253860474,single
PSNN_wSurrGPT_wFaults_selfregulationscp2_run2,wFaults,selfregulationscp2,test_acc_mode_none,0.5263158082962036,
PSNN_wSurrGPT_wFaults_selfregulationscp2_run2,wFaults,selfregulationscp2,test_acc_mode_single,0.5263158082962036,
PSNN_wSurrGPT_wFaults_selfregulationscp2_run2,wFaults,selfregulationscp2,val_loss,0.6932291984558105,
PSNN_wSurrGPT_wFaults_selfregulationscp2_run2,wFaults,selfregulationscp2,val_power,0.00011586858454393224,
PSNN_wSurrGPT_wFaults_selfregulationscp2_run2,wFaults,selfregulationscp2,test_roc_micro_auc,0.5597222447395325,generic
PSNN_wSurrGPT_wFaults_selfregulationscp2_run2,wFaults,selfregulationscp2,test_roc_micro_auc_mode_none,0.5597222447395325,none
PSNN_wSurrGPT_wFaults_selfregulationscp2_run2,wFaults,selfregulationscp2,test_roc_micro_auc_mode_single,0.5229166746139526,single
PSNN_wSurrGPT_wFaults_powercons_run3,wFaults,powercons,test_acc_mode_none,0.4861111044883728,
PSNN_wSurrGPT_wFaults_powercons_run3,wFaults,powercons,test_acc_mode_single,0.4861111044883728,
PSNN_wSurrGPT_wFaults_powercons_run3,wFaults,powercons,val_loss,0.6943087577819824,
PSNN_wSurrGPT_wFaults_powercons_run3,wFaults,powercons,val_power,0.012684139423072338,
PSNN_wSurrGPT_wFaults_powercons_run3,wFaults,powercons,test_roc_micro_auc,0.49768340587615967,generic
PSNN_wSurrGPT_wFaults_powercons_run3,wFaults,powercons,test_roc_micro_auc_mode_none,0.49768340587615967,none
PSNN_wSurrGPT_wFaults_powercons_run3,wFaults,powercons,test_roc_micro_auc_mode_single,0.4216216206550598,single
PSNN_wSurrGPT_woFaults_powercons_run3,woFaults,powercons,test_acc_mode_none,0.4861111044883728,
PSNN_wSurrGPT_woFaults_powercons_run3,woFaults,powercons,test_acc_mode_single,0.5138888955116272,
PSNN_wSurrGPT_woFaults_powercons_run3,woFaults,powercons,val_loss,0.6932487487792969,
PSNN_wSurrGPT_woFaults_powercons_run3,woFaults,powercons,val_power,0.0006067778449505568,
PSNN_wSurrGPT_woFaults_powercons_run3,woFaults,powercons,test_roc_micro_auc,0.4127413034439087,generic
PSNN_wSurrGPT_woFaults_powercons_run3,woFaults,powercons,test_roc_micro_auc_mode_none,0.4127413034439087,none
PSNN_wSurrGPT_woFaults_powercons_run3,woFaults,powercons,test_roc_micro_auc_mode_single,0.4555984437465668,single
PSNN_wSurrGPT_woFaults_seeds_run3,woFaults,seeds,test_acc_mode_none,0.25581395626068115,
PSNN_wSurrGPT_woFaults_seeds_run3,woFaults,seeds,test_acc_mode_single,0.25581395626068115,
PSNN_wSurrGPT_woFaults_seeds_run3,woFaults,seeds,val_loss,1.1211851835250854,
PSNN_wSurrGPT_woFaults_seeds_run3,woFaults,seeds,val_power,0.0006626496324315667,
PSNN_wSurrGPT_woFaults_seeds_run3,woFaults,seeds,test_roc_micro_auc,0.3715521991252899,generic
PSNN_wSurrGPT_woFaults_seeds_run3,woFaults,seeds,test_roc_micro_auc_mode_none,0.3715521991252899,none
PSNN_wSurrGPT_woFaults_seeds_run3,woFaults,seeds,test_roc_micro_auc_mode_single,0.3697944879531861,single
PSNN_wSurrGPT_wFaults_slope_run3,wFaults,slope,test_acc_mode_none,0.5,
PSNN_wSurrGPT_wFaults_slope_run3,wFaults,slope,test_acc_mode_single,0.5,
PSNN_wSurrGPT_wFaults_slope_run3,wFaults,slope,val_loss,0.6948015093803406,
PSNN_wSurrGPT_wFaults_slope_run3,wFaults,slope,val_power,0.0004319954023230821,
PSNN_wSurrGPT_wFaults_slope_run3,wFaults,slope,test_roc_micro_auc,0.7523999810218811,generic
PSNN_wSurrGPT_wFaults_slope_run3,wFaults,slope,test_roc_micro_auc_mode_none,0.7523999810218811,none
PSNN_wSurrGPT_wFaults_slope_run3,wFaults,slope,test_roc_micro_auc_mode_single,0.3903999924659729,single
PSNN_wSurrGPT_woFaults_slope_run3,woFaults,slope,test_acc_mode_none,0.5,
PSNN_wSurrGPT_woFaults_slope_run3,woFaults,slope,test_acc_mode_single,0.5,
PSNN_wSurrGPT_woFaults_slope_run3,woFaults,slope,val_loss,0.6912277340888977,
PSNN_wSurrGPT_woFaults_slope_run3,woFaults,slope,val_power,0.0006007583579048514,
PSNN_wSurrGPT_woFaults_slope_run3,woFaults,slope,test_roc_micro_auc,0.7675999999046326,generic
PSNN_wSurrGPT_woFaults_slope_run3,woFaults,slope,test_roc_micro_auc_mode_none,0.7675999999046326,none
PSNN_wSurrGPT_woFaults_slope_run3,woFaults,slope,test_roc_micro_auc_mode_single,0.942799985408783,single
PSNN_wSurrGPT_wFaults_seeds_run3,wFaults,seeds,test_acc_mode_none,0.25581395626068115,
PSNN_wSurrGPT_wFaults_seeds_run3,wFaults,seeds,test_acc_mode_single,0.25581395626068115,
PSNN_wSurrGPT_wFaults_seeds_run3,wFaults,seeds,val_loss,1.1226975917816162,
PSNN_wSurrGPT_wFaults_seeds_run3,wFaults,seeds,val_power,0.0008370246505364776,
PSNN_wSurrGPT_wFaults_seeds_run3,wFaults,seeds,test_roc_micro_auc,0.3765549063682556,generic
PSNN_wSurrGPT_wFaults_seeds_run3,wFaults,seeds,test_roc_micro_auc_mode_none,0.3765549063682556,none
PSNN_wSurrGPT_wFaults_seeds_run3,wFaults,seeds,test_roc_micro_auc_mode_single,0.3898052871227264,single
PSNN_wSurrGPT_wFaults_gunpointoldversusyoung_run3,wFaults,gunpointoldversusyoung,test_acc_mode_none,1.0,
PSNN_wSurrGPT_wFaults_gunpointoldversusyoung_run3,wFaults,gunpointoldversusyoung,test_acc_mode_single,0.6813187003135681,
PSNN_wSurrGPT_wFaults_gunpointoldversusyoung_run3,wFaults,gunpointoldversusyoung,val_loss,0.6430400609970093,
PSNN_wSurrGPT_wFaults_gunpointoldversusyoung_run3,wFaults,gunpointoldversusyoung,val_power,0.003562710015103221,
PSNN_wSurrGPT_wFaults_gunpointoldversusyoung_run3,wFaults,gunpointoldversusyoung,test_roc_micro_auc,1.0,generic
PSNN_wSurrGPT_wFaults_gunpointoldversusyoung_run3,wFaults,gunpointoldversusyoung,test_roc_micro_auc_mode_none,1.0,none
PSNN_wSurrGPT_wFaults_gunpointoldversusyoung_run3,wFaults,gunpointoldversusyoung,test_roc_micro_auc_mode_single,0.959864616394043,single
PSNN_wSurrGPT_woFaults_selfregulationscp2_run3,woFaults,selfregulationscp2,test_acc_mode_none,0.5263158082962036,
PSNN_wSurrGPT_woFaults_selfregulationscp2_run3,woFaults,selfregulationscp2,test_acc_mode_single,0.5263158082962036,
PSNN_wSurrGPT_woFaults_selfregulationscp2_run3,woFaults,selfregulationscp2,val_loss,0.6932384967803955,
PSNN_wSurrGPT_woFaults_selfregulationscp2_run3,woFaults,selfregulationscp2,val_power,0.0004961465601809323,
PSNN_wSurrGPT_woFaults_selfregulationscp2_run3,woFaults,selfregulationscp2,test_roc_micro_auc,0.42222222685813904,generic
PSNN_wSurrGPT_woFaults_selfregulationscp2_run3,woFaults,selfregulationscp2,test_roc_micro_auc_mode_none,0.42222222685813904,none
PSNN_wSurrGPT_woFaults_selfregulationscp2_run3,woFaults,selfregulationscp2,test_roc_micro_auc_mode_single,0.42569443583488464,single
PSNN_wSurrGPT_woFaults_gunpointoldversusyoung_run3,woFaults,gunpointoldversusyoung,test_acc_mode_none,0.5164835453033447,
PSNN_wSurrGPT_woFaults_gunpointoldversusyoung_run3,woFaults,gunpointoldversusyoung,test_acc_mode_single,0.5164835453033447,
PSNN_wSurrGPT_woFaults_gunpointoldversusyoung_run3,woFaults,gunpointoldversusyoung,val_loss,0.6825236678123474,
PSNN_wSurrGPT_woFaults_gunpointoldversusyoung_run3,woFaults,gunpointoldversusyoung,val_power,0.0024627649690955877,
PSNN_wSurrGPT_woFaults_gunpointoldversusyoung_run3,woFaults,gunpointoldversusyoung,test_roc_micro_auc,1.0,generic
PSNN_wSurrGPT_woFaults_gunpointoldversusyoung_run3,woFaults,gunpointoldversusyoung,test_roc_micro_auc_mode_none,1.0,none
PSNN_wSurrGPT_woFaults_gunpointoldversusyoung_run3,woFaults,gunpointoldversusyoung,test_roc_micro_auc_mode_single,0.7466151118278503,single
PSNN_wSurrGPT_wFaults_selfregulationscp2_run3,wFaults,selfregulationscp2,test_acc_mode_none,0.5263158082962036,
PSNN_wSurrGPT_wFaults_selfregulationscp2_run3,wFaults,selfregulationscp2,test_acc_mode_single,0.5263158082962036,
PSNN_wSurrGPT_wFaults_selfregulationscp2_run3,wFaults,selfregulationscp2,val_loss,0.6933069229125977,
PSNN_wSurrGPT_wFaults_selfregulationscp2_run3,wFaults,selfregulationscp2,val_power,0.0010272677754983306,
PSNN_wSurrGPT_wFaults_selfregulationscp2_run3,wFaults,selfregulationscp2,test_roc_micro_auc,0.45972222089767456,generic
PSNN_wSurrGPT_wFaults_selfregulationscp2_run3,wFaults,selfregulationscp2,test_roc_micro_auc_mode_none,0.45972222089767456,none
PSNN_wSurrGPT_wFaults_selfregulationscp2_run3,wFaults,selfregulationscp2,test_roc_micro_auc_mode_single,0.47256943583488464,single
PSNN_wSurrGPT_wFaults_powercons_run4,wFaults,powercons,test_acc_mode_none,0.5972222089767456,
PSNN_wSurrGPT_wFaults_powercons_run4,wFaults,powercons,test_acc_mode_single,0.5833333134651184,
PSNN_wSurrGPT_wFaults_powercons_run4,wFaults,powercons,val_loss,0.6928110122680664,
PSNN_wSurrGPT_wFaults_powercons_run4,wFaults,powercons,val_power,0.0015141789335757494,
PSNN_wSurrGPT_wFaults_powercons_run4,wFaults,powercons,test_roc_micro_auc,0.7220077514648438,generic
PSNN_wSurrGPT_wFaults_powercons_run4,wFaults,powercons,test_roc_micro_auc_mode_none,0.7220077514648438,none
PSNN_wSurrGPT_wFaults_powercons_run4,wFaults,powercons,test_roc_micro_auc_mode_single,0.676447868347168,single
PSNN_wSurrGPT_woFaults_powercons_run4,woFaults,powercons,test_acc_mode_none,0.4861111044883728,
PSNN_wSurrGPT_woFaults_powercons_run4,woFaults,powercons,test_acc_mode_single,0.4861111044883728,
PSNN_wSurrGPT_woFaults_powercons_run4,woFaults,powercons,val_loss,0.6932023763656616,
PSNN_wSurrGPT_woFaults_powercons_run4,woFaults,powercons,val_power,0.0003097227308899164,
PSNN_wSurrGPT_woFaults_powercons_run4,woFaults,powercons,test_roc_micro_auc,0.48262548446655273,generic
PSNN_wSurrGPT_woFaults_powercons_run4,woFaults,powercons,test_roc_micro_auc_mode_none,0.48262548446655273,none
PSNN_wSurrGPT_woFaults_powercons_run4,woFaults,powercons,test_roc_micro_auc_mode_single,0.41389960050582886,single
PSNN_wSurrGPT_woFaults_seeds_run4,woFaults,seeds,test_acc_mode_none,0.20930232107639313,
PSNN_wSurrGPT_woFaults_seeds_run4,woFaults,seeds,test_acc_mode_single,0.20930232107639313,
PSNN_wSurrGPT_woFaults_seeds_run4,woFaults,seeds,val_loss,1.1146697998046875,
PSNN_wSurrGPT_woFaults_seeds_run4,woFaults,seeds,val_power,0.0010569777805358171,
PSNN_wSurrGPT_woFaults_seeds_run4,woFaults,seeds,test_roc_micro_auc,0.4649810791015625,generic
PSNN_wSurrGPT_woFaults_seeds_run4,woFaults,seeds,test_roc_micro_auc_mode_none,0.4649810791015625,none
PSNN_wSurrGPT_woFaults_seeds_run4,woFaults,seeds,test_roc_micro_auc_mode_single,0.4426717162132263,single
PSNN_wSurrGPT_woFaults_tictactoe_run2,woFaults,tictactoe,test_acc_mode_none,0.8227847814559937,
PSNN_wSurrGPT_woFaults_tictactoe_run2,woFaults,tictactoe,test_acc_mode_single,0.7848101258277893,
PSNN_wSurrGPT_woFaults_tictactoe_run2,woFaults,tictactoe,val_loss,0.5176217555999756,
PSNN_wSurrGPT_woFaults_tictactoe_run2,woFaults,tictactoe,val_power,0.002226276556029916,
PSNN_wSurrGPT_woFaults_tictactoe_run2,woFaults,tictactoe,test_roc_micro_auc,0.9985486268997192,generic
PSNN_wSurrGPT_woFaults_tictactoe_run2,woFaults,tictactoe,test_roc_micro_auc_mode_none,0.9985486268997192,none
PSNN_wSurrGPT_woFaults_tictactoe_run2,woFaults,tictactoe,test_roc_micro_auc_mode_single,0.9970972537994384,single
PSNN_wSurrGPT_wFaults_slope_run4,wFaults,slope,test_acc_mode_none,0.5,
PSNN_wSurrGPT_wFaults_slope_run4,wFaults,slope,test_acc_mode_single,0.5,
PSNN_wSurrGPT_wFaults_slope_run4,wFaults,slope,val_loss,0.6939756870269775,
PSNN_wSurrGPT_wFaults_slope_run4,wFaults,slope,val_power,0.00010677640239009634,
PSNN_wSurrGPT_wFaults_slope_run4,wFaults,slope,test_roc_micro_auc,0.6485999822616577,generic
PSNN_wSurrGPT_wFaults_slope_run4,wFaults,slope,test_roc_micro_auc_mode_none,0.6485999822616577,none
PSNN_wSurrGPT_wFaults_slope_run4,wFaults,slope,test_roc_micro_auc_mode_single,0.91839998960495,single
PSNN_wSurrGPT_woFaults_energyy1_run2,woFaults,energyy1,test_acc_mode_none,0.8481012582778931,
PSNN_wSurrGPT_woFaults_energyy1_run2,woFaults,energyy1,test_acc_mode_single,0.8481012582778931,
PSNN_wSurrGPT_woFaults_energyy1_run2,woFaults,energyy1,val_loss,0.9948068261146544,
PSNN_wSurrGPT_woFaults_energyy1_run2,woFaults,energyy1,val_power,0.0036095562390983105,
PSNN_wSurrGPT_woFaults_energyy1_run2,woFaults,energyy1,test_roc_micro_auc,0.8822704553604126,generic
PSNN_wSurrGPT_woFaults_energyy1_run2,woFaults,energyy1,test_roc_micro_auc_mode_none,0.8822704553604126,none
PSNN_wSurrGPT_woFaults_energyy1_run2,woFaults,energyy1,test_roc_micro_auc_mode_single,0.8814292550086975,single
PSNN_wSurrGPT_wFaults_slope_run4,wFaults,slope,test_acc_mode_none,0.5,
PSNN_wSurrGPT_wFaults_slope_run4,wFaults,slope,test_acc_mode_single,0.5,
PSNN_wSurrGPT_wFaults_slope_run4,wFaults,slope,val_loss,0.7756059169769287,
PSNN_wSurrGPT_wFaults_slope_run4,wFaults,slope,val_power,0.00026986165903508663,
PSNN_wSurrGPT_wFaults_slope_run4,wFaults,slope,test_roc_micro_auc,0.6984000205993652,generic
PSNN_wSurrGPT_wFaults_slope_run4,wFaults,slope,test_roc_micro_auc_mode_none,0.6984000205993652,none
PSNN_wSurrGPT_wFaults_slope_run4,wFaults,slope,test_roc_micro_auc_mode_single,0.9319999814033508,single
PSNN_wSurrGPT_wFaults_seeds_run4,wFaults,seeds,test_acc_mode_none,0.20930232107639313,
PSNN_wSurrGPT_wFaults_seeds_run4,wFaults,seeds,test_acc_mode_single,0.20930232107639313,
PSNN_wSurrGPT_wFaults_seeds_run4,wFaults,seeds,val_loss,1.1147412061691284,
PSNN_wSurrGPT_wFaults_seeds_run4,wFaults,seeds,val_power,0.0015777392545714974,
PSNN_wSurrGPT_wFaults_seeds_run4,wFaults,seeds,test_roc_micro_auc,0.4060302972793579,generic
PSNN_wSurrGPT_wFaults_seeds_run4,wFaults,seeds,test_roc_micro_auc_mode_none,0.4060302972793579,none
PSNN_wSurrGPT_wFaults_seeds_run4,wFaults,seeds,test_roc_micro_auc_mode_single,0.4346944391727447,single
PSNN_wSurrGPT_woFaults_selfregulationscp2_run4,woFaults,selfregulationscp2,test_acc_mode_none,0.4736842215061188,
PSNN_wSurrGPT_woFaults_selfregulationscp2_run4,woFaults,selfregulationscp2,test_acc_mode_single,0.5,
PSNN_wSurrGPT_woFaults_selfregulationscp2_run4,woFaults,selfregulationscp2,val_loss,0.6937825679779053,
PSNN_wSurrGPT_woFaults_selfregulationscp2_run4,woFaults,selfregulationscp2,val_power,0.006052544806152582,
PSNN_wSurrGPT_woFaults_selfregulationscp2_run4,woFaults,selfregulationscp2,test_roc_micro_auc,0.574999988079071,generic
PSNN_wSurrGPT_woFaults_selfregulationscp2_run4,woFaults,selfregulationscp2,test_roc_micro_auc_mode_none,0.574999988079071,none
PSNN_wSurrGPT_woFaults_selfregulationscp2_run4,woFaults,selfregulationscp2,test_roc_micro_auc_mode_single,0.5354166626930237,single
PSNN_wSurrGPT_wFaults_powercons_run5,wFaults,powercons,test_acc_mode_none,0.4861111044883728,
PSNN_wSurrGPT_wFaults_powercons_run5,wFaults,powercons,test_acc_mode_single,0.4861111044883728,
PSNN_wSurrGPT_wFaults_powercons_run5,wFaults,powercons,val_loss,0.693989098072052,
PSNN_wSurrGPT_wFaults_powercons_run5,wFaults,powercons,val_power,0.001261996920220554,
PSNN_wSurrGPT_wFaults_powercons_run5,wFaults,powercons,test_roc_micro_auc,0.8119691014289856,generic
PSNN_wSurrGPT_wFaults_powercons_run5,wFaults,powercons,test_roc_micro_auc_mode_none,0.8119691014289856,none
PSNN_wSurrGPT_wFaults_powercons_run5,wFaults,powercons,test_roc_micro_auc_mode_single,0.5984556078910828,single
PSNN_wSurrGPT_woFaults_gunpointoldversusyoung_run4,woFaults,gunpointoldversusyoung,test_acc_mode_none,1.0,
PSNN_wSurrGPT_woFaults_gunpointoldversusyoung_run4,woFaults,gunpointoldversusyoung,test_acc_mode_single,1.0,
PSNN_wSurrGPT_woFaults_gunpointoldversusyoung_run4,woFaults,gunpointoldversusyoung,val_loss,0.6136196255683899,
PSNN_wSurrGPT_woFaults_gunpointoldversusyoung_run4,woFaults,gunpointoldversusyoung,val_power,0.0011012733448296783,
PSNN_wSurrGPT_woFaults_gunpointoldversusyoung_run4,woFaults,gunpointoldversusyoung,test_roc_micro_auc,1.0,generic
PSNN_wSurrGPT_woFaults_gunpointoldversusyoung_run4,woFaults,gunpointoldversusyoung,test_roc_micro_auc_mode_none,1.0,none
PSNN_wSurrGPT_woFaults_gunpointoldversusyoung_run4,woFaults,gunpointoldversusyoung,test_roc_micro_auc_mode_single,1.0,single
PSNN_wSurrGPT_wFaults_selfregulationscp2_run4,wFaults,selfregulationscp2,test_acc_mode_none,0.5263158082962036,
PSNN_wSurrGPT_wFaults_selfregulationscp2_run4,wFaults,selfregulationscp2,test_acc_mode_single,0.5263158082962036,
PSNN_wSurrGPT_wFaults_selfregulationscp2_run4,wFaults,selfregulationscp2,val_loss,0.7026371359825134,
PSNN_wSurrGPT_wFaults_selfregulationscp2_run4,wFaults,selfregulationscp2,val_power,0.000520659436006099,
PSNN_wSurrGPT_wFaults_selfregulationscp2_run4,wFaults,selfregulationscp2,test_roc_micro_auc,0.4350694417953491,generic
PSNN_wSurrGPT_wFaults_selfregulationscp2_run4,wFaults,selfregulationscp2,test_roc_micro_auc_mode_none,0.4350694417953491,none
PSNN_wSurrGPT_wFaults_selfregulationscp2_run4,wFaults,selfregulationscp2,test_roc_micro_auc_mode_single,0.4697916805744171,single
PSNN_wSurrGPT_woFaults_powercons_run5,woFaults,powercons,test_acc_mode_none,0.4861111044883728,
PSNN_wSurrGPT_woFaults_powercons_run5,woFaults,powercons,test_acc_mode_single,0.5138888955116272,
PSNN_wSurrGPT_woFaults_powercons_run5,woFaults,powercons,val_loss,0.693336546421051,
PSNN_wSurrGPT_woFaults_powercons_run5,woFaults,powercons,val_power,0.0002359986392548308,
PSNN_wSurrGPT_woFaults_powercons_run5,woFaults,powercons,test_roc_micro_auc,0.4374517500400543,generic
PSNN_wSurrGPT_woFaults_powercons_run5,woFaults,powercons,test_roc_micro_auc_mode_none,0.4374517500400543,none
PSNN_wSurrGPT_woFaults_powercons_run5,woFaults,powercons,test_roc_micro_auc_mode_single,0.4486486613750458,single
PSNN_wSurrGPT_wFaults_gunpointoldversusyoung_run4,wFaults,gunpointoldversusyoung,test_acc_mode_none,0.8461538553237915,
PSNN_wSurrGPT_wFaults_gunpointoldversusyoung_run4,wFaults,gunpointoldversusyoung,test_acc_mode_single,0.8461538553237915,
PSNN_wSurrGPT_wFaults_gunpointoldversusyoung_run4,wFaults,gunpointoldversusyoung,val_loss,0.6222320795059204,
PSNN_wSurrGPT_wFaults_gunpointoldversusyoung_run4,wFaults,gunpointoldversusyoung,val_power,0.008743291720747948,
PSNN_wSurrGPT_wFaults_gunpointoldversusyoung_run4,wFaults,gunpointoldversusyoung,test_roc_micro_auc,0.9961315393447876,generic
PSNN_wSurrGPT_wFaults_gunpointoldversusyoung_run4,wFaults,gunpointoldversusyoung,test_roc_micro_auc_mode_none,0.9961315393447876,none
PSNN_wSurrGPT_wFaults_gunpointoldversusyoung_run4,wFaults,gunpointoldversusyoung,test_roc_micro_auc_mode_single,0.9946808218955994,single
PSNN_wSurrGPT_woFaults_seeds_run5,woFaults,seeds,test_acc_mode_none,0.25581395626068115,
PSNN_wSurrGPT_woFaults_seeds_run5,woFaults,seeds,test_acc_mode_single,0.25581395626068115,
PSNN_wSurrGPT_woFaults_seeds_run5,woFaults,seeds,val_loss,1.101997971534729,
PSNN_wSurrGPT_woFaults_seeds_run5,woFaults,seeds,val_power,0.005220965016633272,
PSNN_wSurrGPT_woFaults_seeds_run5,woFaults,seeds,test_roc_micro_auc,0.4799891710281372,generic
PSNN_wSurrGPT_woFaults_seeds_run5,woFaults,seeds,test_roc_micro_auc_mode_none,0.4799891710281372,none
PSNN_wSurrGPT_woFaults_seeds_run5,woFaults,seeds,test_roc_micro_auc_mode_single,0.4797187745571137,single
PSNN_wSurrGPT_woFaults_slope_run5,woFaults,slope,test_acc_mode_none,0.5,
PSNN_wSurrGPT_woFaults_slope_run5,woFaults,slope,test_acc_mode_single,0.5,
PSNN_wSurrGPT_woFaults_slope_run5,woFaults,slope,val_loss,0.6937710046768188,
PSNN_wSurrGPT_woFaults_slope_run5,woFaults,slope,val_power,0.0012849514605477452,
PSNN_wSurrGPT_woFaults_slope_run5,woFaults,slope,test_roc_micro_auc,0.5299999713897705,generic
PSNN_wSurrGPT_woFaults_slope_run5,woFaults,slope,test_roc_micro_auc_mode_none,0.5299999713897705,none
PSNN_wSurrGPT_woFaults_slope_run5,woFaults,slope,test_roc_micro_auc_mode_single,0.819599986076355,single
PSNN_wSurrGPT_wFaults_slope_run5,wFaults,slope,test_acc_mode_none,0.5,
PSNN_wSurrGPT_wFaults_slope_run5,wFaults,slope,test_acc_mode_single,0.5,
PSNN_wSurrGPT_wFaults_slope_run5,wFaults,slope,val_loss,0.6937780976295471,
PSNN_wSurrGPT_wFaults_slope_run5,wFaults,slope,val_power,0.0004397080047056079,
PSNN_wSurrGPT_wFaults_slope_run5,wFaults,slope,test_roc_micro_auc,0.9336000084877014,generic
PSNN_wSurrGPT_wFaults_slope_run5,wFaults,slope,test_roc_micro_auc_mode_none,0.9336000084877014,none
PSNN_wSurrGPT_wFaults_slope_run5,wFaults,slope,test_roc_micro_auc_mode_single,0.9678000211715698,single
PSNN_wSurrGPT_wFaults_powercons_run6,wFaults,powercons,test_acc_mode_none,0.5416666865348816,
PSNN_wSurrGPT_wFaults_powercons_run6,wFaults,powercons,test_acc_mode_single,0.5555555820465088,
PSNN_wSurrGPT_wFaults_powercons_run6,wFaults,powercons,val_loss,0.6949472427368164,
PSNN_wSurrGPT_wFaults_powercons_run6,wFaults,powercons,val_power,0.0035408304538577795,
PSNN_wSurrGPT_wFaults_powercons_run6,wFaults,powercons,test_roc_micro_auc,0.7559845447540283,generic
PSNN_wSurrGPT_wFaults_powercons_run6,wFaults,powercons,test_roc_micro_auc_mode_none,0.7559845447540283,none
PSNN_wSurrGPT_wFaults_powercons_run6,wFaults,powercons,test_roc_micro_auc_mode_single,0.6424710154533386,single
PSNN_wSurrGPT_wFaults_seeds_run5,wFaults,seeds,test_acc_mode_none,0.25581395626068115,
PSNN_wSurrGPT_wFaults_seeds_run5,wFaults,seeds,test_acc_mode_single,0.25581395626068115,
PSNN_wSurrGPT_wFaults_seeds_run5,wFaults,seeds,val_loss,1.1233288049697876,
PSNN_wSurrGPT_wFaults_seeds_run5,wFaults,seeds,val_power,0.0014294341672211883,
PSNN_wSurrGPT_wFaults_seeds_run5,wFaults,seeds,test_roc_micro_auc,0.48188209533691406,generic
PSNN_wSurrGPT_wFaults_seeds_run5,wFaults,seeds,test_roc_micro_auc_mode_none,0.48188209533691406,none
PSNN_wSurrGPT_wFaults_seeds_run5,wFaults,seeds,test_roc_micro_auc_mode_single,0.4810708463191986,single
PSNN_wSurrGPT_woFaults_powercons_run6,woFaults,powercons,test_acc_mode_none,0.4861111044883728,
PSNN_wSurrGPT_woFaults_powercons_run6,woFaults,powercons,test_acc_mode_single,0.4861111044883728,
PSNN_wSurrGPT_woFaults_powercons_run6,woFaults,powercons,val_loss,0.6932418942451477,
PSNN_wSurrGPT_woFaults_powercons_run6,woFaults,powercons,val_power,0.000825115421321243,
PSNN_wSurrGPT_woFaults_powercons_run6,woFaults,powercons,test_roc_micro_auc,0.4664092659950256,generic
PSNN_wSurrGPT_woFaults_powercons_run6,woFaults,powercons,test_roc_micro_auc_mode_none,0.4664092659950256,none
PSNN_wSurrGPT_woFaults_powercons_run6,woFaults,powercons,test_roc_micro_auc_mode_single,0.4486486613750458,single
PSNN_wSurrGPT_woFaults_selfregulationscp2_run5,woFaults,selfregulationscp2,test_acc_mode_none,0.5263158082962036,
PSNN_wSurrGPT_woFaults_selfregulationscp2_run5,woFaults,selfregulationscp2,test_acc_mode_single,0.5,
PSNN_wSurrGPT_woFaults_selfregulationscp2_run5,woFaults,selfregulationscp2,val_loss,0.6932328343391418,
PSNN_wSurrGPT_woFaults_selfregulationscp2_run5,woFaults,selfregulationscp2,val_power,0.0005419707158580422,
PSNN_wSurrGPT_woFaults_selfregulationscp2_run5,woFaults,selfregulationscp2,test_roc_micro_auc,0.5874999761581421,generic
PSNN_wSurrGPT_woFaults_selfregulationscp2_run5,woFaults,selfregulationscp2,test_roc_micro_auc_mode_none,0.5874999761581421,none
PSNN_wSurrGPT_woFaults_selfregulationscp2_run5,woFaults,selfregulationscp2,test_roc_micro_auc_mode_single,0.5944444537162781,single
PSNN_wSurrGPT_woFaults_gunpointoldversusyoung_run5,woFaults,gunpointoldversusyoung,test_acc_mode_none,1.0,
PSNN_wSurrGPT_woFaults_gunpointoldversusyoung_run5,woFaults,gunpointoldversusyoung,test_acc_mode_single,0.9670329689979552,
PSNN_wSurrGPT_woFaults_gunpointoldversusyoung_run5,woFaults,gunpointoldversusyoung,val_loss,0.6443975567817688,
PSNN_wSurrGPT_woFaults_gunpointoldversusyoung_run5,woFaults,gunpointoldversusyoung,val_power,0.0011579382698982954,
PSNN_wSurrGPT_woFaults_gunpointoldversusyoung_run5,woFaults,gunpointoldversusyoung,test_roc_micro_auc,1.0,generic
PSNN_wSurrGPT_woFaults_gunpointoldversusyoung_run5,woFaults,gunpointoldversusyoung,test_roc_micro_auc_mode_none,1.0,none
PSNN_wSurrGPT_woFaults_gunpointoldversusyoung_run5,woFaults,gunpointoldversusyoung,test_roc_micro_auc_mode_single,0.9966151118278505,single
PSNN_wSurrGPT_wFaults_selfregulationscp2_run5,wFaults,selfregulationscp2,test_acc_mode_none,0.5263158082962036,
PSNN_wSurrGPT_wFaults_selfregulationscp2_run5,wFaults,selfregulationscp2,test_acc_mode_single,0.5263158082962036,
PSNN_wSurrGPT_wFaults_selfregulationscp2_run5,wFaults,selfregulationscp2,val_loss,0.6932840943336487,
PSNN_wSurrGPT_wFaults_selfregulationscp2_run5,wFaults,selfregulationscp2,val_power,0.0008995785028673708,
PSNN_wSurrGPT_wFaults_selfregulationscp2_run5,wFaults,selfregulationscp2,test_roc_micro_auc,0.41284722089767456,generic
PSNN_wSurrGPT_wFaults_selfregulationscp2_run5,wFaults,selfregulationscp2,test_roc_micro_auc_mode_none,0.41284722089767456,none
PSNN_wSurrGPT_wFaults_selfregulationscp2_run5,wFaults,selfregulationscp2,test_roc_micro_auc_mode_single,0.45868057012557983,single
PSNN_wSurrGPT_woFaults_seeds_run6,woFaults,seeds,test_acc_mode_none,0.25581395626068115,
PSNN_wSurrGPT_woFaults_seeds_run6,woFaults,seeds,test_acc_mode_single,0.25581395626068115,
PSNN_wSurrGPT_woFaults_seeds_run6,woFaults,seeds,val_loss,1.119677186012268,
PSNN_wSurrGPT_woFaults_seeds_run6,woFaults,seeds,val_power,0.000691962253767997,
PSNN_wSurrGPT_woFaults_seeds_run6,woFaults,seeds,test_roc_micro_auc,0.34640344977378845,generic
PSNN_wSurrGPT_woFaults_seeds_run6,woFaults,seeds,test_roc_micro_auc_mode_none,0.34640344977378845,none
PSNN_wSurrGPT_woFaults_seeds_run6,woFaults,seeds,test_roc_micro_auc_mode_single,0.3635748922824859,single
PSNN_wSurrGPT_wFaults_gunpointoldversusyoung_run5,wFaults,gunpointoldversusyoung,test_acc_mode_none,1.0,
PSNN_wSurrGPT_wFaults_gunpointoldversusyoung_run5,wFaults,gunpointoldversusyoung,test_acc_mode_single,1.0,
PSNN_wSurrGPT_wFaults_gunpointoldversusyoung_run5,wFaults,gunpointoldversusyoung,val_loss,0.6424605250358582,
PSNN_wSurrGPT_wFaults_gunpointoldversusyoung_run5,wFaults,gunpointoldversusyoung,val_power,0.0005654725828208029,
PSNN_wSurrGPT_wFaults_gunpointoldversusyoung_run5,wFaults,gunpointoldversusyoung,test_roc_micro_auc,1.0,generic
PSNN_wSurrGPT_wFaults_gunpointoldversusyoung_run5,wFaults,gunpointoldversusyoung,test_roc_micro_auc_mode_none,1.0,none
PSNN_wSurrGPT_wFaults_gunpointoldversusyoung_run5,wFaults,gunpointoldversusyoung,test_roc_micro_auc_mode_single,1.0,single
PSNN_wSurrGPT_woFaults_slope_run6,woFaults,slope,test_acc_mode_none,0.5,
PSNN_wSurrGPT_woFaults_slope_run6,woFaults,slope,test_acc_mode_single,0.5,
PSNN_wSurrGPT_woFaults_slope_run6,woFaults,slope,val_loss,0.6937246918678284,
PSNN_wSurrGPT_woFaults_slope_run6,woFaults,slope,val_power,0.0010070838034152985,
PSNN_wSurrGPT_woFaults_slope_run6,woFaults,slope,test_roc_micro_auc,0.770799994468689,generic
PSNN_wSurrGPT_woFaults_slope_run6,woFaults,slope,test_roc_micro_auc_mode_none,0.770799994468689,none
PSNN_wSurrGPT_woFaults_slope_run6,woFaults,slope,test_roc_micro_auc_mode_single,0.2321999967098236,single
PSNN_wSurrGPT_woFaults_proximalphalanxoutlinecorrect_run1,woFaults,proximalphalanxoutlinecorrect,test_acc_mode_none,0.6600000262260437,
PSNN_wSurrGPT_woFaults_proximalphalanxoutlinecorrect_run1,woFaults,proximalphalanxoutlinecorrect,test_acc_mode_single,0.6600000262260437,
PSNN_wSurrGPT_woFaults_proximalphalanxoutlinecorrect_run1,woFaults,proximalphalanxoutlinecorrect,val_loss,0.6672910451889038,
PSNN_wSurrGPT_woFaults_proximalphalanxoutlinecorrect_run1,woFaults,proximalphalanxoutlinecorrect,val_power,0.0012768906308338046,
PSNN_wSurrGPT_woFaults_proximalphalanxoutlinecorrect_run1,woFaults,proximalphalanxoutlinecorrect,test_roc_micro_auc,0.3393493890762329,generic
PSNN_wSurrGPT_woFaults_proximalphalanxoutlinecorrect_run1,woFaults,proximalphalanxoutlinecorrect,test_roc_micro_auc_mode_none,0.3393493890762329,none
PSNN_wSurrGPT_woFaults_proximalphalanxoutlinecorrect_run1,woFaults,proximalphalanxoutlinecorrect,test_roc_micro_auc_mode_single,0.36185383796691895,single
PSNN_wSurrGPT_wFaults_proximalphalanxoutlinecorrect_run1,wFaults,proximalphalanxoutlinecorrect,test_acc_mode_none,0.6600000262260437,
PSNN_wSurrGPT_wFaults_proximalphalanxoutlinecorrect_run1,wFaults,proximalphalanxoutlinecorrect,test_acc_mode_single,0.6600000262260437,
PSNN_wSurrGPT_wFaults_proximalphalanxoutlinecorrect_run1,wFaults,proximalphalanxoutlinecorrect,val_loss,0.6743583679199219,
PSNN_wSurrGPT_wFaults_proximalphalanxoutlinecorrect_run1,wFaults,proximalphalanxoutlinecorrect,val_power,0.0015214243903756142,
PSNN_wSurrGPT_wFaults_proximalphalanxoutlinecorrect_run1,wFaults,proximalphalanxoutlinecorrect,test_roc_micro_auc,0.37834224104881287,generic
PSNN_wSurrGPT_wFaults_proximalphalanxoutlinecorrect_run1,wFaults,proximalphalanxoutlinecorrect,test_roc_micro_auc_mode_none,0.37834224104881287,none
PSNN_wSurrGPT_wFaults_proximalphalanxoutlinecorrect_run1,wFaults,proximalphalanxoutlinecorrect,test_roc_micro_auc_mode_single,0.528743326663971,single
PSNN_wSurrGPT_woFaults_energyy1_run1,woFaults,energyy1,test_acc_mode_none,0.8481012582778931,
PSNN_wSurrGPT_woFaults_energyy1_run1,woFaults,energyy1,test_acc_mode_single,0.8481012582778931,
PSNN_wSurrGPT_woFaults_energyy1_run1,woFaults,energyy1,val_loss,0.9948068261146544,
PSNN_wSurrGPT_woFaults_energyy1_run1,woFaults,energyy1,val_power,0.0036095562390983105,
PSNN_wSurrGPT_woFaults_energyy1_run1,woFaults,energyy1,test_roc_micro_auc,0.8822704553604126,generic
PSNN_wSurrGPT_woFaults_energyy1_run1,woFaults,energyy1,test_roc_micro_auc_mode_none,0.8822704553604126,none
PSNN_wSurrGPT_woFaults_energyy1_run1,woFaults,energyy1,test_roc_micro_auc_mode_single,0.8814292550086975,single
PSNN_wSurrGPT_wFaults_energyy1_run1,wFaults,energyy1,test_acc_mode_none,0.8481012582778931,
PSNN_wSurrGPT_wFaults_energyy1_run1,wFaults,energyy1,test_acc_mode_single,0.8481012582778931,
PSNN_wSurrGPT_wFaults_energyy1_run1,wFaults,energyy1,val_loss,0.9794235825538636,
PSNN_wSurrGPT_wFaults_energyy1_run1,wFaults,energyy1,val_power,0.0010682131396606565,
PSNN_wSurrGPT_wFaults_energyy1_run1,wFaults,energyy1,test_roc_micro_auc,0.8818298578262329,generic
PSNN_wSurrGPT_wFaults_energyy1_run1,wFaults,energyy1,test_roc_micro_auc_mode_none,0.8818298578262329,none
PSNN_wSurrGPT_wFaults_energyy1_run1,wFaults,energyy1,test_roc_micro_auc_mode_single,0.8879586458206177,single
PSNN_wSurrGPT_wFaults_freezersmalltrain_run1,wFaults,freezersmalltrain,test_acc_mode_none,0.4600000083446502,
PSNN_wSurrGPT_wFaults_freezersmalltrain_run1,wFaults,freezersmalltrain,test_acc_mode_single,0.4600000083446502,
PSNN_wSurrGPT_wFaults_freezersmalltrain_run1,wFaults,freezersmalltrain,val_loss,0.6949809193611145,
PSNN_wSurrGPT_wFaults_freezersmalltrain_run1,wFaults,freezersmalltrain,val_power,0.0017265203641727569,
PSNN_wSurrGPT_wFaults_freezersmalltrain_run1,wFaults,freezersmalltrain,test_roc_micro_auc,0.8438003063201904,generic
PSNN_wSurrGPT_wFaults_freezersmalltrain_run1,wFaults,freezersmalltrain,test_roc_micro_auc_mode_none,0.8438003063201904,none
PSNN_wSurrGPT_wFaults_freezersmalltrain_run1,wFaults,freezersmalltrain,test_roc_micro_auc_mode_single,0.7137681245803833,single
PSNN_wSurrGPT_wFaults_vertebralcolumn2clases_run1,wFaults,vertebralcolumn2clases,test_acc_mode_none,0.6349206566810608,
PSNN_wSurrGPT_wFaults_vertebralcolumn2clases_run1,wFaults,vertebralcolumn2clases,test_acc_mode_single,0.6349206566810608,
PSNN_wSurrGPT_wFaults_vertebralcolumn2clases_run1,wFaults,vertebralcolumn2clases,val_loss,0.6349397897720337,
PSNN_wSurrGPT_wFaults_vertebralcolumn2clases_run1,wFaults,vertebralcolumn2clases,val_power,0.0009420316200703382,
PSNN_wSurrGPT_wFaults_vertebralcolumn2clases_run1,wFaults,vertebralcolumn2clases,test_roc_micro_auc,0.2114130407571793,generic
PSNN_wSurrGPT_wFaults_vertebralcolumn2clases_run1,wFaults,vertebralcolumn2clases,test_roc_micro_auc_mode_none,0.2114130407571793,none
PSNN_wSurrGPT_wFaults_vertebralcolumn2clases_run1,wFaults,vertebralcolumn2clases,test_roc_micro_auc_mode_single,0.29945650696754456,single
PSNN_wSurrGPT_woFaults_tictactoe_run1,woFaults,tictactoe,test_acc_mode_none,0.8227847814559937,
PSNN_wSurrGPT_woFaults_tictactoe_run1,woFaults,tictactoe,test_acc_mode_single,0.7848101258277893,
PSNN_wSurrGPT_woFaults_tictactoe_run1,woFaults,tictactoe,val_loss,0.5176217555999756,
PSNN_wSurrGPT_woFaults_tictactoe_run1,woFaults,tictactoe,val_power,0.002226276556029916,
PSNN_wSurrGPT_woFaults_tictactoe_run1,woFaults,tictactoe,test_roc_micro_auc,0.9985486268997192,generic
PSNN_wSurrGPT_woFaults_tictactoe_run1,woFaults,tictactoe,test_roc_micro_auc_mode_none,0.9985486268997192,none
PSNN_wSurrGPT_woFaults_tictactoe_run1,woFaults,tictactoe,test_roc_micro_auc_mode_single,0.9970972537994384,single
PSNN_wSurrGPT_woFaults_vertebralcolumn2clases_run1,woFaults,vertebralcolumn2clases,test_acc_mode_none,0.6349206566810608,
PSNN_wSurrGPT_woFaults_vertebralcolumn2clases_run1,woFaults,vertebralcolumn2clases,test_acc_mode_single,0.6349206566810608,
PSNN_wSurrGPT_woFaults_vertebralcolumn2clases_run1,woFaults,vertebralcolumn2clases,val_loss,0.6343816518783569,
PSNN_wSurrGPT_woFaults_vertebralcolumn2clases_run1,woFaults,vertebralcolumn2clases,val_power,0.0010412615956738591,
PSNN_wSurrGPT_woFaults_vertebralcolumn2clases_run1,woFaults,vertebralcolumn2clases,test_roc_micro_auc,0.12065217643976212,generic
PSNN_wSurrGPT_woFaults_vertebralcolumn2clases_run1,woFaults,vertebralcolumn2clases,test_roc_micro_auc_mode_none,0.12065217643976212,none
PSNN_wSurrGPT_woFaults_vertebralcolumn2clases_run1,woFaults,vertebralcolumn2clases,test_roc_micro_auc_mode_single,0.761413037776947,single
PSNN_wSurrGPT_woFaults_freezersmalltrain_run1,woFaults,freezersmalltrain,test_acc_mode_none,0.4600000083446502,
PSNN_wSurrGPT_woFaults_freezersmalltrain_run1,woFaults,freezersmalltrain,test_acc_mode_single,0.5199999809265137,
PSNN_wSurrGPT_woFaults_freezersmalltrain_run1,woFaults,freezersmalltrain,val_loss,0.6941196918487549,
PSNN_wSurrGPT_woFaults_freezersmalltrain_run1,woFaults,freezersmalltrain,val_power,0.0013685411540791392,
PSNN_wSurrGPT_woFaults_freezersmalltrain_run1,woFaults,freezersmalltrain,test_roc_micro_auc,0.36272141337394714,generic
PSNN_wSurrGPT_woFaults_freezersmalltrain_run1,woFaults,freezersmalltrain,test_roc_micro_auc_mode_none,0.36272141337394714,none
PSNN_wSurrGPT_woFaults_freezersmalltrain_run1,woFaults,freezersmalltrain,test_roc_micro_auc_mode_single,0.5378422141075134,single
PSNN_wSurrGPT_wFaults_tictactoe_run1,wFaults,tictactoe,test_acc_mode_none,0.746835470199585,
PSNN_wSurrGPT_wFaults_tictactoe_run1,wFaults,tictactoe,test_acc_mode_single,0.746835470199585,
PSNN_wSurrGPT_wFaults_tictactoe_run1,wFaults,tictactoe,val_loss,0.5470700860023499,
PSNN_wSurrGPT_wFaults_tictactoe_run1,wFaults,tictactoe,val_power,0.0013802346074953675,
PSNN_wSurrGPT_wFaults_tictactoe_run1,wFaults,tictactoe,test_roc_micro_auc,0.7409288883209229,generic
PSNN_wSurrGPT_wFaults_tictactoe_run1,wFaults,tictactoe,test_roc_micro_auc_mode_none,0.7409288883209229,none
PSNN_wSurrGPT_wFaults_tictactoe_run1,wFaults,tictactoe,test_roc_micro_auc_mode_single,0.7460086941719055,single
PSNN_wSurrGPT_woFaults_gunpointmaleversusfemale_run1,woFaults,gunpointmaleversusfemale,test_acc_mode_none,0.7802197933197021,
PSNN_wSurrGPT_woFaults_gunpointmaleversusfemale_run1,woFaults,gunpointmaleversusfemale,test_acc_mode_single,0.6593406796455383,
PSNN_wSurrGPT_woFaults_gunpointmaleversusfemale_run1,woFaults,gunpointmaleversusfemale,val_loss,0.6505104303359985,
PSNN_wSurrGPT_woFaults_gunpointmaleversusfemale_run1,woFaults,gunpointmaleversusfemale,val_power,0.005640149582177401,
PSNN_wSurrGPT_woFaults_gunpointmaleversusfemale_run1,woFaults,gunpointmaleversusfemale,test_roc_micro_auc,0.8960155248641968,generic
PSNN_wSurrGPT_woFaults_gunpointmaleversusfemale_run1,woFaults,gunpointmaleversusfemale,test_roc_micro_auc_mode_none,0.8960155248641968,none
PSNN_wSurrGPT_woFaults_gunpointmaleversusfemale_run1,woFaults,gunpointmaleversusfemale,test_roc_micro_auc_mode_single,0.9018464684486388,single
PSNN_wSurrGPT_wFaults_gunpointmaleversusfemale_run1,wFaults,gunpointmaleversusfemale,test_acc_mode_none,0.7692307829856873,
PSNN_wSurrGPT_wFaults_gunpointmaleversusfemale_run1,wFaults,gunpointmaleversusfemale,test_acc_mode_single,0.7142857313156128,
PSNN_wSurrGPT_wFaults_gunpointmaleversusfemale_run1,wFaults,gunpointmaleversusfemale,val_loss,0.6600099205970764,
PSNN_wSurrGPT_wFaults_gunpointmaleversusfemale_run1,wFaults,gunpointmaleversusfemale,val_power,0.003016049973666668,
PSNN_wSurrGPT_wFaults_gunpointmaleversusfemale_run1,wFaults,gunpointmaleversusfemale,test_roc_micro_auc,0.8318756222724915,generic
PSNN_wSurrGPT_wFaults_gunpointmaleversusfemale_run1,wFaults,gunpointmaleversusfemale,test_roc_micro_auc_mode_none,0.8318756222724915,none
PSNN_wSurrGPT_wFaults_gunpointmaleversusfemale_run1,wFaults,gunpointmaleversusfemale,test_roc_micro_auc_mode_single,0.8002915382385254,single
PSNN_wSurrGPT_woFaults_energyy2_run1,woFaults,energyy2,test_acc_mode_none,0.5189873576164246,
PSNN_wSurrGPT_woFaults_energyy2_run1,woFaults,energyy2,test_acc_mode_single,0.5189873576164246,
PSNN_wSurrGPT_woFaults_energyy2_run1,woFaults,energyy2,val_loss,0.8734652400016785,
PSNN_wSurrGPT_woFaults_energyy2_run1,woFaults,energyy2,val_power,0.005175161641091108,
PSNN_wSurrGPT_woFaults_energyy2_run1,woFaults,energyy2,test_roc_micro_auc,0.8230652213096619,generic
PSNN_wSurrGPT_woFaults_energyy2_run1,woFaults,energyy2,test_roc_micro_auc_mode_none,0.8230652213096619,none
PSNN_wSurrGPT_woFaults_energyy2_run1,woFaults,energyy2,test_roc_micro_auc_mode_single,0.8217433094978333,single
PSNN_wSurrGPT_wFaults_energyy2_run1,wFaults,energyy2,test_acc_mode_none,0.7215189933776855,
PSNN_wSurrGPT_wFaults_energyy2_run1,wFaults,energyy2,test_acc_mode_single,0.7215189933776855,
PSNN_wSurrGPT_wFaults_energyy2_run1,wFaults,energyy2,val_loss,0.8422819375991821,
PSNN_wSurrGPT_wFaults_energyy2_run1,wFaults,energyy2,val_power,0.0031946757808327675,
PSNN_wSurrGPT_wFaults_energyy2_run1,wFaults,energyy2,test_roc_micro_auc,0.9512097239494324,generic
PSNN_wSurrGPT_wFaults_energyy2_run1,wFaults,energyy2,test_roc_micro_auc_mode_none,0.9512097239494324,none
PSNN_wSurrGPT_wFaults_energyy2_run1,wFaults,energyy2,test_roc_micro_auc_mode_single,0.9481653571128844,single
PSNN_wSurrGPT_wFaults_iris_run1,wFaults,iris,test_acc_mode_none,0.32258063554763794,
PSNN_wSurrGPT_wFaults_iris_run1,wFaults,iris,test_acc_mode_single,0.32258063554763794,
PSNN_wSurrGPT_wFaults_iris_run1,wFaults,iris,val_loss,1.0829147100448608,
PSNN_wSurrGPT_wFaults_iris_run1,wFaults,iris,val_power,0.0008772516157478094,
PSNN_wSurrGPT_wFaults_iris_run1,wFaults,iris,test_roc_micro_auc,0.5936524271965027,generic
PSNN_wSurrGPT_wFaults_iris_run1,wFaults,iris,test_roc_micro_auc_mode_none,0.5936524271965027,none
PSNN_wSurrGPT_wFaults_iris_run1,wFaults,iris,test_roc_micro_auc_mode_single,0.5952132940292358,single
PSNN_wSurrGPT_woFaults_iris_run1,woFaults,iris,test_acc_mode_none,0.32258063554763794,
PSNN_wSurrGPT_woFaults_iris_run1,woFaults,iris,test_acc_mode_single,0.32258063554763794,
PSNN_wSurrGPT_woFaults_iris_run1,woFaults,iris,val_loss,1.0976145267486572,
PSNN_wSurrGPT_woFaults_iris_run1,woFaults,iris,val_power,0.0021852049976587296,
PSNN_wSurrGPT_woFaults_iris_run1,woFaults,iris,test_roc_micro_auc,0.642559826374054,generic
PSNN_wSurrGPT_woFaults_iris_run1,woFaults,iris,test_roc_micro_auc_mode_none,0.642559826374054,none
PSNN_wSurrGPT_woFaults_iris_run1,woFaults,iris,test_roc_micro_auc_mode_single,0.6378772258758545,single
PSNN_wSurrGPT_woFaults_iris_run2,woFaults,iris,test_acc_mode_none,0.32258063554763794,
PSNN_wSurrGPT_woFaults_iris_run2,woFaults,iris,test_acc_mode_single,0.35483869910240173,
PSNN_wSurrGPT_woFaults_iris_run2,woFaults,iris,val_loss,1.117640256881714,
PSNN_wSurrGPT_woFaults_iris_run2,woFaults,iris,val_power,0.153069406747818,
PSNN_wSurrGPT_woFaults_iris_run2,woFaults,iris,test_roc_micro_auc,0.507544219493866,generic
PSNN_wSurrGPT_woFaults_iris_run2,woFaults,iris,test_roc_micro_auc_mode_none,0.507544219493866,none
PSNN_wSurrGPT_woFaults_iris_run2,woFaults,iris,test_roc_micro_auc_mode_single,0.5135275721549988,single
PSNN_wSurrGPT_wFaults_iris_run2,wFaults,iris,test_acc_mode_none,0.32258063554763794,
PSNN_wSurrGPT_wFaults_iris_run2,wFaults,iris,test_acc_mode_single,0.32258063554763794,
PSNN_wSurrGPT_wFaults_iris_run2,wFaults,iris,val_loss,1.104321002960205,
PSNN_wSurrGPT_wFaults_iris_run2,wFaults,iris,val_power,0.0009393332875333726,
PSNN_wSurrGPT_wFaults_iris_run2,wFaults,iris,test_roc_micro_auc,0.5093652606010437,generic
PSNN_wSurrGPT_wFaults_iris_run2,wFaults,iris,test_roc_micro_auc_mode_none,0.5093652606010437,none
PSNN_wSurrGPT_wFaults_iris_run2,wFaults,iris,test_roc_micro_auc_mode_single,0.47892820835113525,single
PSNN_wSurrGPT_wFaults_proximalphalanxoutlinecorrect_run2,wFaults,proximalphalanxoutlinecorrect,test_acc_mode_none,0.6600000262260437,
PSNN_wSurrGPT_wFaults_proximalphalanxoutlinecorrect_run2,wFaults,proximalphalanxoutlinecorrect,test_acc_mode_single,0.6600000262260437,
PSNN_wSurrGPT_wFaults_proximalphalanxoutlinecorrect_run2,wFaults,proximalphalanxoutlinecorrect,val_loss,0.6677281856536865,
PSNN_wSurrGPT_wFaults_proximalphalanxoutlinecorrect_run2,wFaults,proximalphalanxoutlinecorrect,val_power,0.0007786500500515103,
PSNN_wSurrGPT_wFaults_proximalphalanxoutlinecorrect_run2,wFaults,proximalphalanxoutlinecorrect,test_roc_micro_auc,0.7878788113594055,generic
PSNN_wSurrGPT_wFaults_proximalphalanxoutlinecorrect_run2,wFaults,proximalphalanxoutlinecorrect,test_roc_micro_auc_mode_none,0.7878788113594055,none
PSNN_wSurrGPT_wFaults_proximalphalanxoutlinecorrect_run2,wFaults,proximalphalanxoutlinecorrect,test_roc_micro_auc_mode_single,0.5503565073013306,single
PSNN_wSurrGPT_woFaults_gunpointmaleversusfemale_run2,woFaults,gunpointmaleversusfemale,test_acc_mode_none,0.6263736486434937,
PSNN_wSurrGPT_woFaults_gunpointmaleversusfemale_run2,woFaults,gunpointmaleversusfemale,test_acc_mode_single,0.6593406796455383,
PSNN_wSurrGPT_woFaults_gunpointmaleversusfemale_run2,woFaults,gunpointmaleversusfemale,val_loss,0.6615248918533325,
PSNN_wSurrGPT_woFaults_gunpointmaleversusfemale_run2,woFaults,gunpointmaleversusfemale,val_power,0.0017668012296780944,
PSNN_wSurrGPT_woFaults_gunpointmaleversusfemale_run2,woFaults,gunpointmaleversusfemale,test_roc_micro_auc,0.7361515760421753,generic
PSNN_wSurrGPT_woFaults_gunpointmaleversusfemale_run2,woFaults,gunpointmaleversusfemale,test_roc_micro_auc_mode_none,0.7361515760421753,none
PSNN_wSurrGPT_woFaults_gunpointmaleversusfemale_run2,woFaults,gunpointmaleversusfemale,test_roc_micro_auc_mode_single,0.705539345741272,single
PSNN_wSurrGPT_wFaults_freezersmalltrain_run2,wFaults,freezersmalltrain,test_acc_mode_none,0.4600000083446502,
PSNN_wSurrGPT_wFaults_freezersmalltrain_run2,wFaults,freezersmalltrain,test_acc_mode_single,0.5199999809265137,
PSNN_wSurrGPT_wFaults_freezersmalltrain_run2,wFaults,freezersmalltrain,val_loss,0.6942151784896851,
PSNN_wSurrGPT_wFaults_freezersmalltrain_run2,wFaults,freezersmalltrain,val_power,0.0007985337288118899,
PSNN_wSurrGPT_wFaults_freezersmalltrain_run2,wFaults,freezersmalltrain,test_roc_micro_auc,0.7989130616188049,generic
PSNN_wSurrGPT_wFaults_freezersmalltrain_run2,wFaults,freezersmalltrain,test_roc_micro_auc_mode_none,0.7989130616188049,none
PSNN_wSurrGPT_wFaults_freezersmalltrain_run2,wFaults,freezersmalltrain,test_roc_micro_auc_mode_single,0.748792290687561,single
PSNN_wSurrGPT_woFaults_freezersmalltrain_run2,woFaults,freezersmalltrain,test_acc_mode_none,0.4600000083446502,
PSNN_wSurrGPT_woFaults_freezersmalltrain_run2,woFaults,freezersmalltrain,test_acc_mode_single,0.4600000083446502,
PSNN_wSurrGPT_woFaults_freezersmalltrain_run2,woFaults,freezersmalltrain,val_loss,0.6940170526504517,
PSNN_wSurrGPT_woFaults_freezersmalltrain_run2,woFaults,freezersmalltrain,val_power,0.0005784962559118867,
PSNN_wSurrGPT_woFaults_freezersmalltrain_run2,woFaults,freezersmalltrain,test_roc_micro_auc,0.7033011317253113,generic
PSNN_wSurrGPT_woFaults_freezersmalltrain_run2,woFaults,freezersmalltrain,test_roc_micro_auc_mode_none,0.7033011317253113,none
PSNN_wSurrGPT_woFaults_freezersmalltrain_run2,woFaults,freezersmalltrain,test_roc_micro_auc_mode_single,0.5817230343818665,single
PSNN_wSurrGPT_wFaults_gunpointmaleversusfemale_run2,wFaults,gunpointmaleversusfemale,test_acc_mode_none,0.6483516693115234,
PSNN_wSurrGPT_wFaults_gunpointmaleversusfemale_run2,wFaults,gunpointmaleversusfemale,test_acc_mode_single,0.5384615659713745,
PSNN_wSurrGPT_wFaults_gunpointmaleversusfemale_run2,wFaults,gunpointmaleversusfemale,val_loss,0.6611519455909729,
PSNN_wSurrGPT_wFaults_gunpointmaleversusfemale_run2,wFaults,gunpointmaleversusfemale,val_power,0.0026318456511944532,
PSNN_wSurrGPT_wFaults_gunpointmaleversusfemale_run2,wFaults,gunpointmaleversusfemale,test_roc_micro_auc,0.8396501541137695,generic
PSNN_wSurrGPT_wFaults_gunpointmaleversusfemale_run2,wFaults,gunpointmaleversusfemale,test_roc_micro_auc_mode_none,0.8396501541137695,none
PSNN_wSurrGPT_wFaults_gunpointmaleversusfemale_run2,wFaults,gunpointmaleversusfemale,test_roc_micro_auc_mode_single,0.7730806469917297,single
PSNN_wSurrGPT_woFaults_proximalphalanxoutlinecorrect_run2,woFaults,proximalphalanxoutlinecorrect,test_acc_mode_none,0.6600000262260437,
PSNN_wSurrGPT_woFaults_proximalphalanxoutlinecorrect_run2,woFaults,proximalphalanxoutlinecorrect,test_acc_mode_single,0.6600000262260437,
PSNN_wSurrGPT_woFaults_proximalphalanxoutlinecorrect_run2,woFaults,proximalphalanxoutlinecorrect,val_loss,0.6675276756286621,
PSNN_wSurrGPT_woFaults_proximalphalanxoutlinecorrect_run2,woFaults,proximalphalanxoutlinecorrect,val_power,0.0028251572512090206,
PSNN_wSurrGPT_woFaults_proximalphalanxoutlinecorrect_run2,woFaults,proximalphalanxoutlinecorrect,test_roc_micro_auc,0.3533868193626404,generic
PSNN_wSurrGPT_woFaults_proximalphalanxoutlinecorrect_run2,woFaults,proximalphalanxoutlinecorrect,test_roc_micro_auc_mode_none,0.3533868193626404,none
PSNN_wSurrGPT_woFaults_proximalphalanxoutlinecorrect_run2,woFaults,proximalphalanxoutlinecorrect,test_roc_micro_auc_mode_single,0.5387700796127319,single
PSNN_wSurrGPT_wFaults_vertebralcolumn2clases_run2,wFaults,vertebralcolumn2clases,test_acc_mode_none,0.6349206566810608,
PSNN_wSurrGPT_wFaults_vertebralcolumn2clases_run2,wFaults,vertebralcolumn2clases,test_acc_mode_single,0.6349206566810608,
PSNN_wSurrGPT_wFaults_vertebralcolumn2clases_run2,wFaults,vertebralcolumn2clases,val_loss,0.6532110571861267,
PSNN_wSurrGPT_wFaults_vertebralcolumn2clases_run2,wFaults,vertebralcolumn2clases,val_power,0.0012715081684291365,
PSNN_wSurrGPT_wFaults_vertebralcolumn2clases_run2,wFaults,vertebralcolumn2clases,test_roc_micro_auc,0.8054347634315491,generic
PSNN_wSurrGPT_wFaults_vertebralcolumn2clases_run2,wFaults,vertebralcolumn2clases,test_roc_micro_auc_mode_none,0.8054347634315491,none
PSNN_wSurrGPT_wFaults_vertebralcolumn2clases_run2,wFaults,vertebralcolumn2clases,test_roc_micro_auc_mode_single,0.8054347634315491,single
PSNN_wSurrGPT_woFaults_vertebralcolumn2clases_run2,woFaults,vertebralcolumn2clases,test_acc_mode_none,0.6349206566810608,
PSNN_wSurrGPT_woFaults_vertebralcolumn2clases_run2,woFaults,vertebralcolumn2clases,test_acc_mode_single,0.6349206566810608,
PSNN_wSurrGPT_woFaults_vertebralcolumn2clases_run2,woFaults,vertebralcolumn2clases,val_loss,0.6365849375724792,
PSNN_wSurrGPT_woFaults_vertebralcolumn2clases_run2,woFaults,vertebralcolumn2clases,val_power,0.00219499203376472,
PSNN_wSurrGPT_woFaults_vertebralcolumn2clases_run2,woFaults,vertebralcolumn2clases,test_roc_micro_auc,0.810869574546814,generic
PSNN_wSurrGPT_woFaults_vertebralcolumn2clases_run2,woFaults,vertebralcolumn2clases,test_roc_micro_auc_mode_none,0.810869574546814,none
PSNN_wSurrGPT_woFaults_vertebralcolumn2clases_run2,woFaults,vertebralcolumn2clases,test_roc_micro_auc_mode_single,0.8081521987915039,single
PSNN_wSurrGPT_woFaults_iris_run3,woFaults,iris,test_acc_mode_none,0.35483869910240173,
PSNN_wSurrGPT_woFaults_iris_run3,woFaults,iris,test_acc_mode_single,0.32258063554763794,
PSNN_wSurrGPT_woFaults_iris_run3,woFaults,iris,val_loss,1.102934718132019,
PSNN_wSurrGPT_woFaults_iris_run3,woFaults,iris,val_power,0.0014176354743540287,
PSNN_wSurrGPT_woFaults_iris_run3,woFaults,iris,test_roc_micro_auc,0.5192508101463318,generic
PSNN_wSurrGPT_woFaults_iris_run3,woFaults,iris,test_roc_micro_auc_mode_none,0.5192508101463318,none
PSNN_wSurrGPT_woFaults_iris_run3,woFaults,iris,test_roc_micro_auc_mode_single,0.4138917922973633,single
PSNN_wSurrGPT_wFaults_iris_run3,wFaults,iris,test_acc_mode_none,0.32258063554763794,
PSNN_wSurrGPT_wFaults_iris_run3,wFaults,iris,test_acc_mode_single,0.32258063554763794,
PSNN_wSurrGPT_wFaults_iris_run3,wFaults,iris,val_loss,1.1018372774124146,
PSNN_wSurrGPT_wFaults_iris_run3,wFaults,iris,val_power,0.0016124204266816378,
PSNN_wSurrGPT_wFaults_iris_run3,wFaults,iris,test_roc_micro_auc,0.5931321382522583,generic
PSNN_wSurrGPT_wFaults_iris_run3,wFaults,iris,test_roc_micro_auc_mode_none,0.5931321382522583,none
PSNN_wSurrGPT_wFaults_iris_run3,wFaults,iris,test_roc_micro_auc_mode_single,0.6186264157295227,single
PSNN_wSurrGPT_wFaults_proximalphalanxoutlinecorrect_run3,wFaults,proximalphalanxoutlinecorrect,test_acc_mode_none,0.6600000262260437,
PSNN_wSurrGPT_wFaults_proximalphalanxoutlinecorrect_run3,wFaults,proximalphalanxoutlinecorrect,test_acc_mode_single,0.6600000262260437,
PSNN_wSurrGPT_wFaults_proximalphalanxoutlinecorrect_run3,wFaults,proximalphalanxoutlinecorrect,val_loss,0.702879011631012,
PSNN_wSurrGPT_wFaults_proximalphalanxoutlinecorrect_run3,wFaults,proximalphalanxoutlinecorrect,val_power,0.00023886699636932465,
PSNN_wSurrGPT_wFaults_proximalphalanxoutlinecorrect_run3,wFaults,proximalphalanxoutlinecorrect,test_roc_micro_auc,0.7887700796127319,generic
PSNN_wSurrGPT_wFaults_proximalphalanxoutlinecorrect_run3,wFaults,proximalphalanxoutlinecorrect,test_roc_micro_auc_mode_none,0.7887700796127319,none
PSNN_wSurrGPT_wFaults_proximalphalanxoutlinecorrect_run3,wFaults,proximalphalanxoutlinecorrect,test_roc_micro_auc_mode_single,0.7223707437515259,single
PSNN_wSurrGPT_woFaults_gunpointmaleversusfemale_run3,woFaults,gunpointmaleversusfemale,test_acc_mode_none,0.6813187003135681,
PSNN_wSurrGPT_woFaults_gunpointmaleversusfemale_run3,woFaults,gunpointmaleversusfemale,test_acc_mode_single,0.7472527623176575,
PSNN_wSurrGPT_woFaults_gunpointmaleversusfemale_run3,woFaults,gunpointmaleversusfemale,val_loss,0.6604763865470886,
PSNN_wSurrGPT_woFaults_gunpointmaleversusfemale_run3,woFaults,gunpointmaleversusfemale,val_power,0.050232283771038055,
PSNN_wSurrGPT_woFaults_gunpointmaleversusfemale_run3,woFaults,gunpointmaleversusfemale,test_roc_micro_auc,0.853255569934845,generic
PSNN_wSurrGPT_woFaults_gunpointmaleversusfemale_run3,woFaults,gunpointmaleversusfemale,test_roc_micro_auc_mode_none,0.853255569934845,none
PSNN_wSurrGPT_woFaults_gunpointmaleversusfemale_run3,woFaults,gunpointmaleversusfemale,test_roc_micro_auc_mode_single,0.7745383977890015,single
PSNN_wSurrGPT_wFaults_gunpointmaleversusfemale_run3,wFaults,gunpointmaleversusfemale,test_acc_mode_none,0.6263736486434937,
PSNN_wSurrGPT_wFaults_gunpointmaleversusfemale_run3,wFaults,gunpointmaleversusfemale,test_acc_mode_single,0.6263736486434937,
PSNN_wSurrGPT_wFaults_gunpointmaleversusfemale_run3,wFaults,gunpointmaleversusfemale,val_loss,0.6665241718292236,
PSNN_wSurrGPT_wFaults_gunpointmaleversusfemale_run3,wFaults,gunpointmaleversusfemale,val_power,0.004350551404058933,
PSNN_wSurrGPT_wFaults_gunpointmaleversusfemale_run3,wFaults,gunpointmaleversusfemale,test_roc_micro_auc,0.72934889793396,generic
PSNN_wSurrGPT_wFaults_gunpointmaleversusfemale_run3,wFaults,gunpointmaleversusfemale,test_roc_micro_auc_mode_none,0.72934889793396,none
PSNN_wSurrGPT_wFaults_gunpointmaleversusfemale_run3,wFaults,gunpointmaleversusfemale,test_roc_micro_auc_mode_single,0.7274052500724792,single
PSNN_wSurrGPT_wFaults_freezersmalltrain_run3,wFaults,freezersmalltrain,test_acc_mode_none,0.5400000214576721,
PSNN_wSurrGPT_wFaults_freezersmalltrain_run3,wFaults,freezersmalltrain,test_acc_mode_single,0.47999998927116394,
PSNN_wSurrGPT_wFaults_freezersmalltrain_run3,wFaults,freezersmalltrain,val_loss,0.7415731549263,
PSNN_wSurrGPT_wFaults_freezersmalltrain_run3,wFaults,freezersmalltrain,val_power,0.004113593604415655,
PSNN_wSurrGPT_wFaults_freezersmalltrain_run3,wFaults,freezersmalltrain,test_roc_micro_auc,0.4082125723361969,generic
PSNN_wSurrGPT_wFaults_freezersmalltrain_run3,wFaults,freezersmalltrain,test_roc_micro_auc_mode_none,0.4082125723361969,none
PSNN_wSurrGPT_wFaults_freezersmalltrain_run3,wFaults,freezersmalltrain,test_roc_micro_auc_mode_single,0.3864734172821045,single
PSNN_wSurrGPT_woFaults_freezersmalltrain_run3,woFaults,freezersmalltrain,test_acc_mode_none,0.5400000214576721,
PSNN_wSurrGPT_woFaults_freezersmalltrain_run3,woFaults,freezersmalltrain,test_acc_mode_single,0.47999998927116394,
PSNN_wSurrGPT_woFaults_freezersmalltrain_run3,woFaults,freezersmalltrain,val_loss,0.6931921243667603,
PSNN_wSurrGPT_woFaults_freezersmalltrain_run3,woFaults,freezersmalltrain,val_power,0.005650313105434179,
PSNN_wSurrGPT_woFaults_freezersmalltrain_run3,woFaults,freezersmalltrain,test_roc_micro_auc,0.3552737534046173,generic
PSNN_wSurrGPT_woFaults_freezersmalltrain_run3,woFaults,freezersmalltrain,test_roc_micro_auc_mode_none,0.3552737534046173,none
PSNN_wSurrGPT_woFaults_freezersmalltrain_run3,woFaults,freezersmalltrain,test_roc_micro_auc_mode_single,0.4639694094657898,single
PSNN_wSurrGPT_woFaults_proximalphalanxoutlinecorrect_run3,woFaults,proximalphalanxoutlinecorrect,test_acc_mode_none,0.6600000262260437,
PSNN_wSurrGPT_woFaults_proximalphalanxoutlinecorrect_run3,woFaults,proximalphalanxoutlinecorrect,test_acc_mode_single,0.6600000262260437,
PSNN_wSurrGPT_woFaults_proximalphalanxoutlinecorrect_run3,woFaults,proximalphalanxoutlinecorrect,val_loss,0.666201651096344,
PSNN_wSurrGPT_woFaults_proximalphalanxoutlinecorrect_run3,woFaults,proximalphalanxoutlinecorrect,val_power,0.0006011544028297067,
PSNN_wSurrGPT_woFaults_proximalphalanxoutlinecorrect_run3,woFaults,proximalphalanxoutlinecorrect,test_roc_micro_auc,0.8333333134651184,generic
PSNN_wSurrGPT_woFaults_proximalphalanxoutlinecorrect_run3,woFaults,proximalphalanxoutlinecorrect,test_roc_micro_auc_mode_none,0.8333333134651184,none
PSNN_wSurrGPT_woFaults_proximalphalanxoutlinecorrect_run3,woFaults,proximalphalanxoutlinecorrect,test_roc_micro_auc_mode_single,0.7439839839935303,single
PSNN_wSurrGPT_wFaults_vertebralcolumn2clases_run3,wFaults,vertebralcolumn2clases,test_acc_mode_none,0.6349206566810608,
PSNN_wSurrGPT_wFaults_vertebralcolumn2clases_run3,wFaults,vertebralcolumn2clases,test_acc_mode_single,0.6349206566810608,
PSNN_wSurrGPT_wFaults_vertebralcolumn2clases_run3,wFaults,vertebralcolumn2clases,val_loss,0.6433888077735901,
PSNN_wSurrGPT_wFaults_vertebralcolumn2clases_run3,wFaults,vertebralcolumn2clases,val_power,0.001678006025031209,
PSNN_wSurrGPT_wFaults_vertebralcolumn2clases_run3,wFaults,vertebralcolumn2clases,test_roc_micro_auc,0.8282608985900879,generic
PSNN_wSurrGPT_wFaults_vertebralcolumn2clases_run3,wFaults,vertebralcolumn2clases,test_roc_micro_auc_mode_none,0.8282608985900879,none
PSNN_wSurrGPT_wFaults_vertebralcolumn2clases_run3,wFaults,vertebralcolumn2clases,test_roc_micro_auc_mode_single,0.8266304135322571,single
PSNN_wSurrGPT_woFaults_vertebralcolumn2clases_run3,woFaults,vertebralcolumn2clases,test_acc_mode_none,0.6349206566810608,
PSNN_wSurrGPT_woFaults_vertebralcolumn2clases_run3,woFaults,vertebralcolumn2clases,test_acc_mode_single,0.6349206566810608,
PSNN_wSurrGPT_woFaults_vertebralcolumn2clases_run3,woFaults,vertebralcolumn2clases,val_loss,0.6343843936920166,
PSNN_wSurrGPT_woFaults_vertebralcolumn2clases_run3,woFaults,vertebralcolumn2clases,val_power,0.0022806753404438496,
PSNN_wSurrGPT_woFaults_vertebralcolumn2clases_run3,woFaults,vertebralcolumn2clases,test_roc_micro_auc,0.6815217137336731,generic
PSNN_wSurrGPT_woFaults_vertebralcolumn2clases_run3,woFaults,vertebralcolumn2clases,test_roc_micro_auc_mode_none,0.6815217137336731,none
PSNN_wSurrGPT_woFaults_vertebralcolumn2clases_run3,woFaults,vertebralcolumn2clases,test_roc_micro_auc_mode_single,0.7217391133308411,single
PSNN_wSurrGPT_woFaults_iris_run4,woFaults,iris,test_acc_mode_none,0.32258063554763794,
PSNN_wSurrGPT_woFaults_iris_run4,woFaults,iris,test_acc_mode_single,0.35483869910240173,
PSNN_wSurrGPT_woFaults_iris_run4,woFaults,iris,val_loss,1.1024378538131714,
PSNN_wSurrGPT_woFaults_iris_run4,woFaults,iris,val_power,0.0018384798895567656,
PSNN_wSurrGPT_woFaults_iris_run4,woFaults,iris,test_roc_micro_auc,0.5972945094108582,generic
PSNN_wSurrGPT_woFaults_iris_run4,woFaults,iris,test_roc_micro_auc_mode_none,0.5972945094108582,none
PSNN_wSurrGPT_woFaults_iris_run4,woFaults,iris,test_roc_micro_auc_mode_single,0.6295525431632996,single
PSNN_wSurrGPT_wFaults_iris_run4,wFaults,iris,test_acc_mode_none,0.35483869910240173,
PSNN_wSurrGPT_wFaults_iris_run4,wFaults,iris,test_acc_mode_single,0.35483869910240173,
PSNN_wSurrGPT_wFaults_iris_run4,wFaults,iris,val_loss,1.101728916168213,
PSNN_wSurrGPT_wFaults_iris_run4,wFaults,iris,val_power,0.0003778252576012165,
PSNN_wSurrGPT_wFaults_iris_run4,wFaults,iris,test_roc_micro_auc,0.5215920805931091,generic
PSNN_wSurrGPT_wFaults_iris_run4,wFaults,iris,test_roc_micro_auc_mode_none,0.5215920805931091,none
PSNN_wSurrGPT_wFaults_iris_run4,wFaults,iris,test_roc_micro_auc_mode_single,0.5286160111427307,single
PSNN_wSurrGPT_woFaults_tictactoe_run2,woFaults,tictactoe,test_acc_mode_none,0.7341772317886353,
PSNN_wSurrGPT_woFaults_tictactoe_run2,woFaults,tictactoe,test_acc_mode_single,0.7341772317886353,
PSNN_wSurrGPT_woFaults_tictactoe_run2,woFaults,tictactoe,val_loss,0.5332632064819336,
PSNN_wSurrGPT_woFaults_tictactoe_run2,woFaults,tictactoe,val_power,0.0039808847941458225,
PSNN_wSurrGPT_woFaults_tictactoe_run2,woFaults,tictactoe,test_roc_micro_auc,0.7764876484870911,generic
PSNN_wSurrGPT_woFaults_tictactoe_run2,woFaults,tictactoe,test_roc_micro_auc_mode_none,0.7764876484870911,none
PSNN_wSurrGPT_woFaults_tictactoe_run2,woFaults,tictactoe,test_roc_micro_auc_mode_single,0.7750362753868103,single
PSNN_wSurrGPT_wFaults_tictactoe_run2,wFaults,tictactoe,test_acc_mode_none,0.6708860993385315,
PSNN_wSurrGPT_wFaults_tictactoe_run2,wFaults,tictactoe,test_acc_mode_single,0.6708860993385315,
PSNN_wSurrGPT_wFaults_tictactoe_run2,wFaults,tictactoe,val_loss,0.6216279864311218,
PSNN_wSurrGPT_wFaults_tictactoe_run2,wFaults,tictactoe,val_power,0.006138787139207125,
PSNN_wSurrGPT_wFaults_tictactoe_run2,wFaults,tictactoe,test_roc_micro_auc,0.6763425469398499,generic
PSNN_wSurrGPT_wFaults_tictactoe_run2,wFaults,tictactoe,test_roc_micro_auc_mode_none,0.6763425469398499,none
PSNN_wSurrGPT_wFaults_tictactoe_run2,wFaults,tictactoe,test_roc_micro_auc_mode_single,0.5856313705444336,single
PSNN_wSurrGPT_wFaults_proximalphalanxoutlinecorrect_run4,wFaults,proximalphalanxoutlinecorrect,test_acc_mode_none,0.6600000262260437,
PSNN_wSurrGPT_wFaults_proximalphalanxoutlinecorrect_run4,wFaults,proximalphalanxoutlinecorrect,test_acc_mode_single,0.6600000262260437,
PSNN_wSurrGPT_wFaults_proximalphalanxoutlinecorrect_run4,wFaults,proximalphalanxoutlinecorrect,val_loss,0.6714199781417847,
PSNN_wSurrGPT_wFaults_proximalphalanxoutlinecorrect_run4,wFaults,proximalphalanxoutlinecorrect,val_power,0.03436961770057678,
PSNN_wSurrGPT_wFaults_proximalphalanxoutlinecorrect_run4,wFaults,proximalphalanxoutlinecorrect,test_roc_micro_auc,0.24799464643001556,generic
PSNN_wSurrGPT_wFaults_proximalphalanxoutlinecorrect_run4,wFaults,proximalphalanxoutlinecorrect,test_roc_micro_auc_mode_none,0.24799464643001556,none
PSNN_wSurrGPT_wFaults_proximalphalanxoutlinecorrect_run4,wFaults,proximalphalanxoutlinecorrect,test_roc_micro_auc_mode_single,0.4817290604114533,single
PSNN_wSurrGPT_woFaults_energyy2_run2,woFaults,energyy2,test_acc_mode_none,0.5189873576164246,
PSNN_wSurrGPT_woFaults_energyy2_run2,woFaults,energyy2,test_acc_mode_single,0.7594936490058899,
PSNN_wSurrGPT_woFaults_energyy2_run2,woFaults,energyy2,val_loss,0.8706529140472412,
PSNN_wSurrGPT_woFaults_energyy2_run2,woFaults,energyy2,val_power,0.0011458629742264748,
PSNN_wSurrGPT_woFaults_energyy2_run2,woFaults,energyy2,test_roc_micro_auc,0.8177375197410583,generic
PSNN_wSurrGPT_woFaults_energyy2_run2,woFaults,energyy2,test_roc_micro_auc_mode_none,0.8177375197410583,none
PSNN_wSurrGPT_woFaults_energyy2_run2,woFaults,energyy2,test_roc_micro_auc_mode_single,0.8807482719421387,single
PSNN_wSurrGPT_woFaults_gunpointmaleversusfemale_run4,woFaults,gunpointmaleversusfemale,test_acc_mode_none,0.6813187003135681,
PSNN_wSurrGPT_woFaults_gunpointmaleversusfemale_run4,woFaults,gunpointmaleversusfemale,test_acc_mode_single,0.6373626589775085,
PSNN_wSurrGPT_woFaults_gunpointmaleversusfemale_run4,woFaults,gunpointmaleversusfemale,val_loss,0.6550967693328857,
PSNN_wSurrGPT_woFaults_gunpointmaleversusfemale_run4,woFaults,gunpointmaleversusfemale,val_power,0.0025003005284816027,
PSNN_wSurrGPT_woFaults_gunpointmaleversusfemale_run4,woFaults,gunpointmaleversusfemale,test_roc_micro_auc,0.8979591727256775,generic
PSNN_wSurrGPT_woFaults_gunpointmaleversusfemale_run4,woFaults,gunpointmaleversusfemale,test_roc_micro_auc_mode_none,0.8979591727256775,none
PSNN_wSurrGPT_woFaults_gunpointmaleversusfemale_run4,woFaults,gunpointmaleversusfemale,test_roc_micro_auc_mode_single,0.8080660700798035,single
PSNN_wSurrGPT_wFaults_freezersmalltrain_run4,wFaults,freezersmalltrain,test_acc_mode_none,0.4600000083446502,
PSNN_wSurrGPT_wFaults_freezersmalltrain_run4,wFaults,freezersmalltrain,test_acc_mode_single,0.4600000083446502,
PSNN_wSurrGPT_wFaults_freezersmalltrain_run4,wFaults,freezersmalltrain,val_loss,0.6948854923248291,
PSNN_wSurrGPT_wFaults_freezersmalltrain_run4,wFaults,freezersmalltrain,val_power,0.001700695720501244,
PSNN_wSurrGPT_wFaults_freezersmalltrain_run4,wFaults,freezersmalltrain,test_roc_micro_auc,0.7582527995109558,generic
PSNN_wSurrGPT_wFaults_freezersmalltrain_run4,wFaults,freezersmalltrain,test_roc_micro_auc_mode_none,0.7582527995109558,none
PSNN_wSurrGPT_wFaults_freezersmalltrain_run4,wFaults,freezersmalltrain,test_roc_micro_auc_mode_single,0.5233494639396667,single
PSNN_wSurrGPT_wFaults_gunpointmaleversusfemale_run4,wFaults,gunpointmaleversusfemale,test_acc_mode_none,0.6373626589775085,
PSNN_wSurrGPT_wFaults_gunpointmaleversusfemale_run4,wFaults,gunpointmaleversusfemale,test_acc_mode_single,0.6153846383094788,
PSNN_wSurrGPT_wFaults_gunpointmaleversusfemale_run4,wFaults,gunpointmaleversusfemale,val_loss,0.6599397659301758,
PSNN_wSurrGPT_wFaults_gunpointmaleversusfemale_run4,wFaults,gunpointmaleversusfemale,val_power,0.0044331736862659454,
PSNN_wSurrGPT_wFaults_gunpointmaleversusfemale_run4,wFaults,gunpointmaleversusfemale,test_roc_micro_auc,0.8255587816238403,generic
PSNN_wSurrGPT_wFaults_gunpointmaleversusfemale_run4,wFaults,gunpointmaleversusfemale,test_roc_micro_auc_mode_none,0.8255587816238403,none
PSNN_wSurrGPT_wFaults_gunpointmaleversusfemale_run4,wFaults,gunpointmaleversusfemale,test_roc_micro_auc_mode_single,0.7905733585357666,single
PSNN_wSurrGPT_woFaults_freezersmalltrain_run4,woFaults,freezersmalltrain,test_acc_mode_none,0.4600000083446502,
PSNN_wSurrGPT_woFaults_freezersmalltrain_run4,woFaults,freezersmalltrain,test_acc_mode_single,0.4600000083446502,
PSNN_wSurrGPT_woFaults_freezersmalltrain_run4,woFaults,freezersmalltrain,val_loss,0.6941027641296387,
PSNN_wSurrGPT_woFaults_freezersmalltrain_run4,woFaults,freezersmalltrain,val_power,0.0003064494230784476,
PSNN_wSurrGPT_woFaults_freezersmalltrain_run4,woFaults,freezersmalltrain,test_roc_micro_auc,0.5791062712669373,generic
PSNN_wSurrGPT_woFaults_freezersmalltrain_run4,woFaults,freezersmalltrain,test_roc_micro_auc_mode_none,0.5791062712669373,none
PSNN_wSurrGPT_woFaults_freezersmalltrain_run4,woFaults,freezersmalltrain,test_roc_micro_auc_mode_single,0.5350241661071777,single
PSNN_wSurrGPT_woFaults_proximalphalanxoutlinecorrect_run4,woFaults,proximalphalanxoutlinecorrect,test_acc_mode_none,0.6600000262260437,
PSNN_wSurrGPT_woFaults_proximalphalanxoutlinecorrect_run4,woFaults,proximalphalanxoutlinecorrect,test_acc_mode_single,0.6600000262260437,
PSNN_wSurrGPT_woFaults_proximalphalanxoutlinecorrect_run4,woFaults,proximalphalanxoutlinecorrect,val_loss,0.6672314405441284,
PSNN_wSurrGPT_woFaults_proximalphalanxoutlinecorrect_run4,woFaults,proximalphalanxoutlinecorrect,val_power,0.0007684134179726243,
PSNN_wSurrGPT_woFaults_proximalphalanxoutlinecorrect_run4,woFaults,proximalphalanxoutlinecorrect,test_roc_micro_auc,0.40262922644615173,generic
PSNN_wSurrGPT_woFaults_proximalphalanxoutlinecorrect_run4,woFaults,proximalphalanxoutlinecorrect,test_roc_micro_auc_mode_none,0.40262922644615173,none
PSNN_wSurrGPT_woFaults_proximalphalanxoutlinecorrect_run4,woFaults,proximalphalanxoutlinecorrect,test_roc_micro_auc_mode_single,0.5552584528923035,single
PSNN_wSurrGPT_wFaults_energyy1_run2,wFaults,energyy1,test_acc_mode_none,0.8481012582778931,
PSNN_wSurrGPT_wFaults_energyy1_run2,wFaults,energyy1,test_acc_mode_single,0.8481012582778931,
PSNN_wSurrGPT_wFaults_energyy1_run2,wFaults,energyy1,val_loss,0.8313443660736084,
PSNN_wSurrGPT_wFaults_energyy1_run2,wFaults,energyy1,val_power,0.0031468600500375032,
PSNN_wSurrGPT_wFaults_energyy1_run2,wFaults,energyy1,test_roc_micro_auc,0.881909966468811,generic
PSNN_wSurrGPT_wFaults_energyy1_run2,wFaults,energyy1,test_roc_micro_auc_mode_none,0.881909966468811,none
PSNN_wSurrGPT_wFaults_energyy1_run2,wFaults,energyy1,test_roc_micro_auc_mode_single,0.8751001358032227,single
PSNN_wSurrGPT_woFaults_energyy1_run2,woFaults,energyy1,test_acc_mode_none,0.8481012582778931,
PSNN_wSurrGPT_woFaults_energyy1_run2,woFaults,energyy1,test_acc_mode_single,0.8481012582778931,
PSNN_wSurrGPT_woFaults_energyy1_run2,woFaults,energyy1,val_loss,0.9085829257965088,
PSNN_wSurrGPT_woFaults_energyy1_run2,woFaults,energyy1,val_power,0.0035542999394237995,
PSNN_wSurrGPT_woFaults_energyy1_run2,woFaults,energyy1,test_roc_micro_auc,0.8858756422996521,generic
PSNN_wSurrGPT_woFaults_energyy1_run2,woFaults,energyy1,test_roc_micro_auc_mode_none,0.8858756422996521,none
PSNN_wSurrGPT_woFaults_energyy1_run2,woFaults,energyy1,test_roc_micro_auc_mode_single,0.8835923671722412,single
PSNN_wSurrGPT_woFaults_iris_run5,woFaults,iris,test_acc_mode_none,0.32258063554763794,
PSNN_wSurrGPT_woFaults_iris_run5,woFaults,iris,test_acc_mode_single,0.32258063554763794,
PSNN_wSurrGPT_woFaults_iris_run5,woFaults,iris,val_loss,1.101344108581543,
PSNN_wSurrGPT_woFaults_iris_run5,woFaults,iris,val_power,0.002791274106130004,
PSNN_wSurrGPT_woFaults_iris_run5,woFaults,iris,test_roc_micro_auc,0.5931321382522583,generic
PSNN_wSurrGPT_woFaults_iris_run5,woFaults,iris,test_roc_micro_auc_mode_none,0.5931321382522583,none
PSNN_wSurrGPT_woFaults_iris_run5,woFaults,iris,test_roc_micro_auc_mode_single,0.6092612147331238,single
PSNN_wSurrGPT_wFaults_energyy2_run2,wFaults,energyy2,test_acc_mode_none,0.5189873576164246,
PSNN_wSurrGPT_wFaults_energyy2_run2,wFaults,energyy2,test_acc_mode_single,0.5189873576164246,
PSNN_wSurrGPT_wFaults_energyy2_run2,wFaults,energyy2,val_loss,0.8976232409477234,
PSNN_wSurrGPT_wFaults_energyy2_run2,wFaults,energyy2,val_power,0.0019271993078291416,
PSNN_wSurrGPT_wFaults_energyy2_run2,wFaults,energyy2,test_roc_micro_auc,0.8160551190376282,generic
PSNN_wSurrGPT_wFaults_energyy2_run2,wFaults,energyy2,test_roc_micro_auc_mode_none,0.8160551190376282,none
PSNN_wSurrGPT_wFaults_energyy2_run2,wFaults,energyy2,test_roc_micro_auc_mode_single,0.8211824893951416,single
PSNN_wSurrGPT_wFaults_iris_run5,wFaults,iris,test_acc_mode_none,0.32258063554763794,
PSNN_wSurrGPT_wFaults_iris_run5,wFaults,iris,test_acc_mode_single,0.32258063554763794,
PSNN_wSurrGPT_wFaults_iris_run5,wFaults,iris,val_loss,1.1031020879745483,
PSNN_wSurrGPT_wFaults_iris_run5,wFaults,iris,val_power,0.0009223889210261405,
PSNN_wSurrGPT_wFaults_iris_run5,wFaults,iris,test_roc_micro_auc,0.4859521389007568,generic
PSNN_wSurrGPT_wFaults_iris_run5,wFaults,iris,test_roc_micro_auc_mode_none,0.4859521389007568,none
PSNN_wSurrGPT_wFaults_iris_run5,wFaults,iris,test_roc_micro_auc_mode_single,0.4906347692012787,single
PSNN_wSurrGPT_wFaults_vertebralcolumn2clases_run4,wFaults,vertebralcolumn2clases,test_acc_mode_none,0.6349206566810608,
PSNN_wSurrGPT_wFaults_vertebralcolumn2clases_run4,wFaults,vertebralcolumn2clases,test_acc_mode_single,0.6349206566810608,
PSNN_wSurrGPT_wFaults_vertebralcolumn2clases_run4,wFaults,vertebralcolumn2clases,val_loss,0.6364582777023315,
PSNN_wSurrGPT_wFaults_vertebralcolumn2clases_run4,wFaults,vertebralcolumn2clases,val_power,0.000597624690271914,
PSNN_wSurrGPT_wFaults_vertebralcolumn2clases_run4,wFaults,vertebralcolumn2clases,test_roc_micro_auc,0.834782600402832,generic
PSNN_wSurrGPT_wFaults_vertebralcolumn2clases_run4,wFaults,vertebralcolumn2clases,test_roc_micro_auc_mode_none,0.834782600402832,none
PSNN_wSurrGPT_wFaults_vertebralcolumn2clases_run4,wFaults,vertebralcolumn2clases,test_roc_micro_auc_mode_single,0.842391312122345,single
PSNN_wSurrGPT_woFaults_vertebralcolumn2clases_run4,woFaults,vertebralcolumn2clases,test_acc_mode_none,0.6349206566810608,
PSNN_wSurrGPT_woFaults_vertebralcolumn2clases_run4,woFaults,vertebralcolumn2clases,test_acc_mode_single,0.6349206566810608,
PSNN_wSurrGPT_woFaults_vertebralcolumn2clases_run4,woFaults,vertebralcolumn2clases,val_loss,0.629448652267456,
PSNN_wSurrGPT_woFaults_vertebralcolumn2clases_run4,woFaults,vertebralcolumn2clases,val_power,0.004962026607245207,
PSNN_wSurrGPT_woFaults_vertebralcolumn2clases_run4,woFaults,vertebralcolumn2clases,test_roc_micro_auc,0.8282608985900879,generic
PSNN_wSurrGPT_woFaults_vertebralcolumn2clases_run4,woFaults,vertebralcolumn2clases,test_roc_micro_auc_mode_none,0.8282608985900879,none
PSNN_wSurrGPT_woFaults_vertebralcolumn2clases_run4,woFaults,vertebralcolumn2clases,test_roc_micro_auc_mode_single,0.841304361820221,single
PSNN_wSurrGPT_wFaults_proximalphalanxoutlinecorrect_run5,wFaults,proximalphalanxoutlinecorrect,test_acc_mode_none,0.6600000262260437,
PSNN_wSurrGPT_wFaults_proximalphalanxoutlinecorrect_run5,wFaults,proximalphalanxoutlinecorrect,test_acc_mode_single,0.6600000262260437,
PSNN_wSurrGPT_wFaults_proximalphalanxoutlinecorrect_run5,wFaults,proximalphalanxoutlinecorrect,val_loss,0.671764075756073,
PSNN_wSurrGPT_wFaults_proximalphalanxoutlinecorrect_run5,wFaults,proximalphalanxoutlinecorrect,val_power,0.000310749834170565,
PSNN_wSurrGPT_wFaults_proximalphalanxoutlinecorrect_run5,wFaults,proximalphalanxoutlinecorrect,test_roc_micro_auc,0.7497771978378296,generic
PSNN_wSurrGPT_wFaults_proximalphalanxoutlinecorrect_run5,wFaults,proximalphalanxoutlinecorrect,test_roc_micro_auc_mode_none,0.7497771978378296,none
PSNN_wSurrGPT_wFaults_proximalphalanxoutlinecorrect_run5,wFaults,proximalphalanxoutlinecorrect,test_roc_micro_auc_mode_single,0.541889488697052,single
PSNN_wSurrGPT_woFaults_iris_run6,woFaults,iris,test_acc_mode_none,0.32258063554763794,
PSNN_wSurrGPT_woFaults_iris_run6,woFaults,iris,test_acc_mode_single,0.32258063554763794,
PSNN_wSurrGPT_woFaults_iris_run6,woFaults,iris,val_loss,1.1032071113586426,
PSNN_wSurrGPT_woFaults_iris_run6,woFaults,iris,val_power,0.0007187991286627948,
PSNN_wSurrGPT_woFaults_iris_run6,woFaults,iris,test_roc_micro_auc,0.47970864176750183,generic
PSNN_wSurrGPT_woFaults_iris_run6,woFaults,iris,test_roc_micro_auc_mode_none,0.47970864176750183,none
PSNN_wSurrGPT_woFaults_iris_run6,woFaults,iris,test_roc_micro_auc_mode_single,0.5533298850059509,single
PSNN_wSurrGPT_wFaults_freezersmalltrain_run5,wFaults,freezersmalltrain,test_acc_mode_none,0.5400000214576721,
PSNN_wSurrGPT_wFaults_freezersmalltrain_run5,wFaults,freezersmalltrain,test_acc_mode_single,0.5199999809265137,
PSNN_wSurrGPT_wFaults_freezersmalltrain_run5,wFaults,freezersmalltrain,val_loss,0.6956035494804382,
PSNN_wSurrGPT_wFaults_freezersmalltrain_run5,wFaults,freezersmalltrain,val_power,0.004269156139343977,
PSNN_wSurrGPT_wFaults_freezersmalltrain_run5,wFaults,freezersmalltrain,test_roc_micro_auc,0.7302737236022949,generic
PSNN_wSurrGPT_wFaults_freezersmalltrain_run5,wFaults,freezersmalltrain,test_roc_micro_auc_mode_none,0.7302737236022949,none
PSNN_wSurrGPT_wFaults_freezersmalltrain_run5,wFaults,freezersmalltrain,test_roc_micro_auc_mode_single,0.6278180480003357,single
PSNN_wSurrGPT_wFaults_iris_run6,wFaults,iris,test_acc_mode_none,0.32258063554763794,
PSNN_wSurrGPT_wFaults_iris_run6,wFaults,iris,test_acc_mode_single,0.32258063554763794,
PSNN_wSurrGPT_wFaults_iris_run6,wFaults,iris,val_loss,1.235527276992798,
PSNN_wSurrGPT_wFaults_iris_run6,wFaults,iris,val_power,0.00045465101720765233,
PSNN_wSurrGPT_wFaults_iris_run6,wFaults,iris,test_roc_micro_auc,0.5046826004981995,generic
PSNN_wSurrGPT_wFaults_iris_run6,wFaults,iris,test_roc_micro_auc_mode_none,0.5046826004981995,none
PSNN_wSurrGPT_wFaults_iris_run6,wFaults,iris,test_roc_micro_auc_mode_single,0.46982309222221375,single
PSNN_wSurrGPT_woFaults_gunpointmaleversusfemale_run5,woFaults,gunpointmaleversusfemale,test_acc_mode_none,0.6703296899795532,
PSNN_wSurrGPT_woFaults_gunpointmaleversusfemale_run5,woFaults,gunpointmaleversusfemale,test_acc_mode_single,0.6483516693115234,
PSNN_wSurrGPT_woFaults_gunpointmaleversusfemale_run5,woFaults,gunpointmaleversusfemale,val_loss,0.6952231526374817,
PSNN_wSurrGPT_woFaults_gunpointmaleversusfemale_run5,woFaults,gunpointmaleversusfemale,val_power,0.406688004732132,
PSNN_wSurrGPT_woFaults_gunpointmaleversusfemale_run5,woFaults,gunpointmaleversusfemale,test_roc_micro_auc,0.852769672870636,generic
PSNN_wSurrGPT_woFaults_gunpointmaleversusfemale_run5,woFaults,gunpointmaleversusfemale,test_roc_micro_auc_mode_none,0.852769672870636,none
PSNN_wSurrGPT_woFaults_gunpointmaleversusfemale_run5,woFaults,gunpointmaleversusfemale,test_roc_micro_auc_mode_single,0.7784256339073181,single
PSNN_wSurrGPT_wFaults_gunpointmaleversusfemale_run5,wFaults,gunpointmaleversusfemale,test_acc_mode_none,0.6373626589775085,
PSNN_wSurrGPT_wFaults_gunpointmaleversusfemale_run5,wFaults,gunpointmaleversusfemale,test_acc_mode_single,0.7252747416496277,
PSNN_wSurrGPT_wFaults_gunpointmaleversusfemale_run5,wFaults,gunpointmaleversusfemale,val_loss,0.6611851453781128,
PSNN_wSurrGPT_wFaults_gunpointmaleversusfemale_run5,wFaults,gunpointmaleversusfemale,val_power,0.004642457235604525,
PSNN_wSurrGPT_wFaults_gunpointmaleversusfemale_run5,wFaults,gunpointmaleversusfemale,test_roc_micro_auc,0.8406219482421875,generic
PSNN_wSurrGPT_wFaults_gunpointmaleversusfemale_run5,wFaults,gunpointmaleversusfemale,test_roc_micro_auc_mode_none,0.8406219482421875,none
PSNN_wSurrGPT_wFaults_gunpointmaleversusfemale_run5,wFaults,gunpointmaleversusfemale,test_roc_micro_auc_mode_single,0.770165205001831,single
PSNN_wSurrGPT_woFaults_proximalphalanxoutlinecorrect_run5,woFaults,proximalphalanxoutlinecorrect,test_acc_mode_none,0.6600000262260437,
PSNN_wSurrGPT_woFaults_proximalphalanxoutlinecorrect_run5,woFaults,proximalphalanxoutlinecorrect,test_acc_mode_single,0.6600000262260437,
PSNN_wSurrGPT_woFaults_proximalphalanxoutlinecorrect_run5,woFaults,proximalphalanxoutlinecorrect,val_loss,0.6660345196723938,
PSNN_wSurrGPT_woFaults_proximalphalanxoutlinecorrect_run5,woFaults,proximalphalanxoutlinecorrect,val_power,0.0012712388997897506,
PSNN_wSurrGPT_woFaults_proximalphalanxoutlinecorrect_run5,woFaults,proximalphalanxoutlinecorrect,test_roc_micro_auc,0.8163992762565613,generic
PSNN_wSurrGPT_woFaults_proximalphalanxoutlinecorrect_run5,woFaults,proximalphalanxoutlinecorrect,test_roc_micro_auc_mode_none,0.8163992762565613,none
PSNN_wSurrGPT_woFaults_proximalphalanxoutlinecorrect_run5,woFaults,proximalphalanxoutlinecorrect,test_roc_micro_auc_mode_single,0.7379679083824158,single
PSNN_wSurrGPT_woFaults_freezersmalltrain_run5,woFaults,freezersmalltrain,test_acc_mode_none,0.5400000214576721,
PSNN_wSurrGPT_woFaults_freezersmalltrain_run5,woFaults,freezersmalltrain,test_acc_mode_single,0.5400000214576721,
PSNN_wSurrGPT_woFaults_freezersmalltrain_run5,woFaults,freezersmalltrain,val_loss,0.6940844655036926,
PSNN_wSurrGPT_woFaults_freezersmalltrain_run5,woFaults,freezersmalltrain,val_power,0.0005375780165195465,
PSNN_wSurrGPT_woFaults_freezersmalltrain_run5,woFaults,freezersmalltrain,test_roc_micro_auc,0.6465378403663635,generic
PSNN_wSurrGPT_woFaults_freezersmalltrain_run5,woFaults,freezersmalltrain,test_roc_micro_auc_mode_none,0.6465378403663635,none
PSNN_wSurrGPT_woFaults_freezersmalltrain_run5,woFaults,freezersmalltrain,test_roc_micro_auc_mode_single,0.5199275612831116,single
PSNN_wSurrGPT_wFaults_vertebralcolumn2clases_run5,wFaults,vertebralcolumn2clases,test_acc_mode_none,0.6349206566810608,
PSNN_wSurrGPT_wFaults_vertebralcolumn2clases_run5,wFaults,vertebralcolumn2clases,test_acc_mode_single,0.6349206566810608,
PSNN_wSurrGPT_wFaults_vertebralcolumn2clases_run5,wFaults,vertebralcolumn2clases,val_loss,0.6383046507835388,
PSNN_wSurrGPT_wFaults_vertebralcolumn2clases_run5,wFaults,vertebralcolumn2clases,val_power,0.0007013017311692238,
PSNN_wSurrGPT_wFaults_vertebralcolumn2clases_run5,wFaults,vertebralcolumn2clases,test_roc_micro_auc,0.36793479323387146,generic
PSNN_wSurrGPT_wFaults_vertebralcolumn2clases_run5,wFaults,vertebralcolumn2clases,test_roc_micro_auc_mode_none,0.36793479323387146,none
PSNN_wSurrGPT_wFaults_vertebralcolumn2clases_run5,wFaults,vertebralcolumn2clases,test_roc_micro_auc_mode_single,0.38260868191719055,single
PSNN_wSurrGPT_woFaults_vertebralcolumn2clases_run5,woFaults,vertebralcolumn2clases,test_acc_mode_none,0.6349206566810608,
PSNN_wSurrGPT_woFaults_vertebralcolumn2clases_run5,woFaults,vertebralcolumn2clases,test_acc_mode_single,0.6349206566810608,
PSNN_wSurrGPT_woFaults_vertebralcolumn2clases_run5,woFaults,vertebralcolumn2clases,val_loss,0.6407981514930725,
PSNN_wSurrGPT_woFaults_vertebralcolumn2clases_run5,woFaults,vertebralcolumn2clases,val_power,0.0662299171090126,
PSNN_wSurrGPT_woFaults_vertebralcolumn2clases_run5,woFaults,vertebralcolumn2clases,test_roc_micro_auc,0.33641305565834045,generic
PSNN_wSurrGPT_woFaults_vertebralcolumn2clases_run5,woFaults,vertebralcolumn2clases,test_roc_micro_auc_mode_none,0.33641305565834045,none
PSNN_wSurrGPT_woFaults_vertebralcolumn2clases_run5,woFaults,vertebralcolumn2clases,test_roc_micro_auc_mode_single,0.28478261828422546,single
PSNN_wSurrGPT_wFaults_proximalphalanxoutlinecorrect_run6,wFaults,proximalphalanxoutlinecorrect,test_acc_mode_none,0.6600000262260437,
PSNN_wSurrGPT_wFaults_proximalphalanxoutlinecorrect_run6,wFaults,proximalphalanxoutlinecorrect,test_acc_mode_single,0.6600000262260437,
PSNN_wSurrGPT_wFaults_proximalphalanxoutlinecorrect_run6,wFaults,proximalphalanxoutlinecorrect,val_loss,0.6673835515975952,
PSNN_wSurrGPT_wFaults_proximalphalanxoutlinecorrect_run6,wFaults,proximalphalanxoutlinecorrect,val_power,0.0005721827037632465,
PSNN_wSurrGPT_wFaults_proximalphalanxoutlinecorrect_run6,wFaults,proximalphalanxoutlinecorrect,test_roc_micro_auc,0.8282085657119751,generic
PSNN_wSurrGPT_wFaults_proximalphalanxoutlinecorrect_run6,wFaults,proximalphalanxoutlinecorrect,test_roc_micro_auc_mode_none,0.8282085657119751,none
PSNN_wSurrGPT_wFaults_proximalphalanxoutlinecorrect_run6,wFaults,proximalphalanxoutlinecorrect,test_roc_micro_auc_mode_single,0.5739750266075134,single
PSNN_wSurrGPT_wFaults_freezersmalltrain_run6,wFaults,freezersmalltrain,test_acc_mode_none,0.4600000083446502,
PSNN_wSurrGPT_wFaults_freezersmalltrain_run6,wFaults,freezersmalltrain,test_acc_mode_single,0.4600000083446502,
PSNN_wSurrGPT_wFaults_freezersmalltrain_run6,wFaults,freezersmalltrain,val_loss,0.6944321393966675,
PSNN_wSurrGPT_wFaults_freezersmalltrain_run6,wFaults,freezersmalltrain,val_power,0.005784122738987207,
PSNN_wSurrGPT_wFaults_freezersmalltrain_run6,wFaults,freezersmalltrain,test_roc_micro_auc,0.9021739363670348,generic
PSNN_wSurrGPT_wFaults_freezersmalltrain_run6,wFaults,freezersmalltrain,test_roc_micro_auc_mode_none,0.9021739363670348,none
PSNN_wSurrGPT_wFaults_freezersmalltrain_run6,wFaults,freezersmalltrain,test_roc_micro_auc_mode_single,0.6495571732521057,single
PSNN_wSurrGPT_woFaults_gunpointmaleversusfemale_run6,woFaults,gunpointmaleversusfemale,test_acc_mode_none,0.6813187003135681,
PSNN_wSurrGPT_woFaults_gunpointmaleversusfemale_run6,woFaults,gunpointmaleversusfemale,test_acc_mode_single,0.692307710647583,
PSNN_wSurrGPT_woFaults_gunpointmaleversusfemale_run6,woFaults,gunpointmaleversusfemale,val_loss,0.6486585140228271,
PSNN_wSurrGPT_woFaults_gunpointmaleversusfemale_run6,woFaults,gunpointmaleversusfemale,val_power,0.002304115565493703,
PSNN_wSurrGPT_woFaults_gunpointmaleversusfemale_run6,woFaults,gunpointmaleversusfemale,test_roc_micro_auc,0.8629737496376038,generic
PSNN_wSurrGPT_woFaults_gunpointmaleversusfemale_run6,woFaults,gunpointmaleversusfemale,test_roc_micro_auc_mode_none,0.8629737496376038,none
PSNN_wSurrGPT_woFaults_gunpointmaleversusfemale_run6,woFaults,gunpointmaleversusfemale,test_roc_micro_auc_mode_single,0.8143829107284546,single
PSNN_wSurrGPT_wFaults_gunpointmaleversusfemale_run6,wFaults,gunpointmaleversusfemale,test_acc_mode_none,0.6593406796455383,
PSNN_wSurrGPT_wFaults_gunpointmaleversusfemale_run6,wFaults,gunpointmaleversusfemale,test_acc_mode_single,0.6593406796455383,
PSNN_wSurrGPT_wFaults_gunpointmaleversusfemale_run6,wFaults,gunpointmaleversusfemale,val_loss,0.6607587337493896,
PSNN_wSurrGPT_wFaults_gunpointmaleversusfemale_run6,wFaults,gunpointmaleversusfemale,val_power,0.005593453533947468,
PSNN_wSurrGPT_wFaults_gunpointmaleversusfemale_run6,wFaults,gunpointmaleversusfemale,test_roc_micro_auc,0.8459669351577759,generic
PSNN_wSurrGPT_wFaults_gunpointmaleversusfemale_run6,wFaults,gunpointmaleversusfemale,test_roc_micro_auc_mode_none,0.8459669351577759,none
PSNN_wSurrGPT_wFaults_gunpointmaleversusfemale_run6,wFaults,gunpointmaleversusfemale,test_roc_micro_auc_mode_single,0.7998056411743164,single
PSNN_wSurrGPT_woFaults_proximalphalanxoutlinecorrect_run6,woFaults,proximalphalanxoutlinecorrect,test_acc_mode_none,0.6600000262260437,
PSNN_wSurrGPT_woFaults_proximalphalanxoutlinecorrect_run6,woFaults,proximalphalanxoutlinecorrect,test_acc_mode_single,0.6600000262260437,
PSNN_wSurrGPT_woFaults_proximalphalanxoutlinecorrect_run6,woFaults,proximalphalanxoutlinecorrect,val_loss,0.6664822101593018,
PSNN_wSurrGPT_woFaults_proximalphalanxoutlinecorrect_run6,woFaults,proximalphalanxoutlinecorrect,val_power,0.003024771809577942,
PSNN_wSurrGPT_woFaults_proximalphalanxoutlinecorrect_run6,woFaults,proximalphalanxoutlinecorrect,test_roc_micro_auc,0.7491087317466736,generic
PSNN_wSurrGPT_woFaults_proximalphalanxoutlinecorrect_run6,woFaults,proximalphalanxoutlinecorrect,test_roc_micro_auc_mode_none,0.7491087317466736,none
PSNN_wSurrGPT_woFaults_proximalphalanxoutlinecorrect_run6,woFaults,proximalphalanxoutlinecorrect,test_roc_micro_auc_mode_single,0.7147949934005737,single
PSNN_wSurrGPT_woFaults_freezersmalltrain_run6,woFaults,freezersmalltrain,test_acc_mode_none,0.4600000083446502,
PSNN_wSurrGPT_woFaults_freezersmalltrain_run6,woFaults,freezersmalltrain,test_acc_mode_single,0.4600000083446502,
PSNN_wSurrGPT_woFaults_freezersmalltrain_run6,woFaults,freezersmalltrain,val_loss,0.6939765214920044,
PSNN_wSurrGPT_woFaults_freezersmalltrain_run6,woFaults,freezersmalltrain,val_power,0.0014093193458393216,
PSNN_wSurrGPT_woFaults_freezersmalltrain_run6,woFaults,freezersmalltrain,test_roc_micro_auc,0.5980273485183716,generic
PSNN_wSurrGPT_woFaults_freezersmalltrain_run6,woFaults,freezersmalltrain,test_roc_micro_auc_mode_none,0.5980273485183716,none
PSNN_wSurrGPT_woFaults_freezersmalltrain_run6,woFaults,freezersmalltrain,test_roc_micro_auc_mode_single,0.5370370149612427,single
PSNN_wSurrGPT_wFaults_vertebralcolumn2clases_run6,wFaults,vertebralcolumn2clases,test_acc_mode_none,0.6349206566810608,
PSNN_wSurrGPT_wFaults_vertebralcolumn2clases_run6,wFaults,vertebralcolumn2clases,test_acc_mode_single,0.6349206566810608,
PSNN_wSurrGPT_wFaults_vertebralcolumn2clases_run6,wFaults,vertebralcolumn2clases,val_loss,0.6345956921577454,
PSNN_wSurrGPT_wFaults_vertebralcolumn2clases_run6,wFaults,vertebralcolumn2clases,val_power,0.0007525777327828109,
PSNN_wSurrGPT_wFaults_vertebralcolumn2clases_run6,wFaults,vertebralcolumn2clases,test_roc_micro_auc,0.457065224647522,generic
PSNN_wSurrGPT_wFaults_vertebralcolumn2clases_run6,wFaults,vertebralcolumn2clases,test_roc_micro_auc_mode_none,0.457065224647522,none
PSNN_wSurrGPT_wFaults_vertebralcolumn2clases_run6,wFaults,vertebralcolumn2clases,test_roc_micro_auc_mode_single,0.5983695387840271,single
PSNN_wSurrGPT_woFaults_tictactoe_run3,woFaults,tictactoe,test_acc_mode_none,0.6835442781448364,
PSNN_wSurrGPT_woFaults_tictactoe_run3,woFaults,tictactoe,test_acc_mode_single,0.6582278609275818,
PSNN_wSurrGPT_woFaults_tictactoe_run3,woFaults,tictactoe,val_loss,0.5626212358474731,
PSNN_wSurrGPT_woFaults_tictactoe_run3,woFaults,tictactoe,val_power,0.0025791034568101168,
PSNN_wSurrGPT_woFaults_tictactoe_run3,woFaults,tictactoe,test_roc_micro_auc,0.7343976497650146,generic
PSNN_wSurrGPT_woFaults_tictactoe_run3,woFaults,tictactoe,test_roc_micro_auc_mode_none,0.7343976497650146,none
PSNN_wSurrGPT_woFaults_tictactoe_run3,woFaults,tictactoe,test_roc_micro_auc_mode_single,0.7358490824699402,single
PSNN_wSurrGPT_wFaults_tictactoe_run3,wFaults,tictactoe,test_acc_mode_none,0.6962025165557861,
PSNN_wSurrGPT_wFaults_tictactoe_run3,wFaults,tictactoe,test_acc_mode_single,0.6962025165557861,
PSNN_wSurrGPT_wFaults_tictactoe_run3,wFaults,tictactoe,val_loss,0.5950640439987183,
PSNN_wSurrGPT_wFaults_tictactoe_run3,wFaults,tictactoe,val_power,0.4195820987224579,
PSNN_wSurrGPT_wFaults_tictactoe_run3,wFaults,tictactoe,test_roc_micro_auc,0.7786647081375122,generic
PSNN_wSurrGPT_wFaults_tictactoe_run3,wFaults,tictactoe,test_roc_micro_auc_mode_none,0.7786647081375122,none
PSNN_wSurrGPT_wFaults_tictactoe_run3,wFaults,tictactoe,test_roc_micro_auc_mode_single,0.7895500659942627,single
PSNN_wSurrGPT_woFaults_energyy2_run3,woFaults,energyy2,test_acc_mode_none,0.797468364238739,
PSNN_wSurrGPT_woFaults_energyy2_run3,woFaults,energyy2,test_acc_mode_single,0.797468364238739,
PSNN_wSurrGPT_woFaults_energyy2_run3,woFaults,energyy2,val_loss,0.881822943687439,
PSNN_wSurrGPT_woFaults_energyy2_run3,woFaults,energyy2,val_power,0.003087226767092943,
PSNN_wSurrGPT_woFaults_energyy2_run3,woFaults,energyy2,test_roc_micro_auc,0.9692757725715636,generic
PSNN_wSurrGPT_woFaults_energyy2_run3,woFaults,energyy2,test_roc_micro_auc_mode_none,0.9692757725715636,none
PSNN_wSurrGPT_woFaults_energyy2_run3,woFaults,energyy2,test_roc_micro_auc_mode_single,0.9693158268928528,single
PSNN_wSurrGPT_woFaults_vertebralcolumn2clases_run6,woFaults,vertebralcolumn2clases,test_acc_mode_none,0.6349206566810608,
PSNN_wSurrGPT_woFaults_vertebralcolumn2clases_run6,woFaults,vertebralcolumn2clases,test_acc_mode_single,0.6349206566810608,
PSNN_wSurrGPT_woFaults_vertebralcolumn2clases_run6,woFaults,vertebralcolumn2clases,val_loss,0.6344155073165894,
PSNN_wSurrGPT_woFaults_vertebralcolumn2clases_run6,woFaults,vertebralcolumn2clases,val_power,0.001547877909615636,
PSNN_wSurrGPT_woFaults_vertebralcolumn2clases_run6,woFaults,vertebralcolumn2clases,test_roc_micro_auc,0.3184782564640045,generic
PSNN_wSurrGPT_woFaults_vertebralcolumn2clases_run6,woFaults,vertebralcolumn2clases,test_roc_micro_auc_mode_none,0.3184782564640045,none
PSNN_wSurrGPT_woFaults_vertebralcolumn2clases_run6,woFaults,vertebralcolumn2clases,test_roc_micro_auc_mode_single,0.3076086938381195,single
PSNN_wSurrGPT_wFaults_energyy1_run3,wFaults,energyy1,test_acc_mode_none,0.8481012582778931,
PSNN_wSurrGPT_wFaults_energyy1_run3,wFaults,energyy1,test_acc_mode_single,0.8481012582778931,
PSNN_wSurrGPT_wFaults_energyy1_run3,wFaults,energyy1,val_loss,0.9253215193748474,
PSNN_wSurrGPT_wFaults_energyy1_run3,wFaults,energyy1,val_power,0.003935187589377165,
PSNN_wSurrGPT_wFaults_energyy1_run3,wFaults,energyy1,test_roc_micro_auc,0.8876782655715942,generic
PSNN_wSurrGPT_wFaults_energyy1_run3,wFaults,energyy1,test_roc_micro_auc_mode_none,0.8876782655715942,none
PSNN_wSurrGPT_wFaults_energyy1_run3,wFaults,energyy1,test_roc_micro_auc_mode_single,0.8889601230621338,single
PSNN_wSurrGPT_woFaults_energyy1_run3,woFaults,energyy1,test_acc_mode_none,0.4177215099334717,
PSNN_wSurrGPT_woFaults_energyy1_run3,woFaults,energyy1,test_acc_mode_single,0.4177215099334717,
PSNN_wSurrGPT_woFaults_energyy1_run3,woFaults,energyy1,val_loss,1.0349520444869995,
PSNN_wSurrGPT_woFaults_energyy1_run3,woFaults,energyy1,val_power,0.008359123952686787,
PSNN_wSurrGPT_woFaults_energyy1_run3,woFaults,energyy1,test_roc_micro_auc,0.7219997048377991,generic
PSNN_wSurrGPT_woFaults_energyy1_run3,woFaults,energyy1,test_roc_micro_auc_mode_none,0.7219997048377991,none
PSNN_wSurrGPT_woFaults_energyy1_run3,woFaults,energyy1,test_roc_micro_auc_mode_single,0.7278481125831604,single
PSNN_wSurrGPT_wFaults_energyy2_run3,wFaults,energyy2,test_acc_mode_none,0.797468364238739,
PSNN_wSurrGPT_wFaults_energyy2_run3,wFaults,energyy2,test_acc_mode_single,0.797468364238739,
PSNN_wSurrGPT_wFaults_energyy2_run3,wFaults,energyy2,val_loss,0.9024617075920104,
PSNN_wSurrGPT_wFaults_energyy2_run3,wFaults,energyy2,val_power,0.0018777174409478905,
PSNN_wSurrGPT_wFaults_energyy2_run3,wFaults,energyy2,test_roc_micro_auc,0.9705976843833924,generic
PSNN_wSurrGPT_wFaults_energyy2_run3,wFaults,energyy2,test_roc_micro_auc_mode_none,0.9705976843833924,none
PSNN_wSurrGPT_wFaults_energyy2_run3,wFaults,energyy2,test_roc_micro_auc_mode_single,0.9685146808624268,single
PSNN_wSurrGPT_woFaults_tictactoe_run4,woFaults,tictactoe,test_acc_mode_none,0.6708860993385315,
PSNN_wSurrGPT_woFaults_tictactoe_run4,woFaults,tictactoe,test_acc_mode_single,0.6708860993385315,
PSNN_wSurrGPT_woFaults_tictactoe_run4,woFaults,tictactoe,val_loss,0.5760613679885864,
PSNN_wSurrGPT_woFaults_tictactoe_run4,woFaults,tictactoe,val_power,0.010173867456614971,
PSNN_wSurrGPT_woFaults_tictactoe_run4,woFaults,tictactoe,test_roc_micro_auc,0.7416545748710632,generic
PSNN_wSurrGPT_woFaults_tictactoe_run4,woFaults,tictactoe,test_roc_micro_auc_mode_none,0.7416545748710632,none
PSNN_wSurrGPT_woFaults_tictactoe_run4,woFaults,tictactoe,test_roc_micro_auc_mode_single,0.7641509175300598,single
PSNN_wSurrGPT_wFaults_tictactoe_run4,wFaults,tictactoe,test_acc_mode_none,0.6708860993385315,
PSNN_wSurrGPT_wFaults_tictactoe_run4,wFaults,tictactoe,test_acc_mode_single,0.6708860993385315,
PSNN_wSurrGPT_wFaults_tictactoe_run4,wFaults,tictactoe,val_loss,0.5784935355186462,
PSNN_wSurrGPT_wFaults_tictactoe_run4,wFaults,tictactoe,val_power,0.0011761084897443652,
PSNN_wSurrGPT_wFaults_tictactoe_run4,wFaults,tictactoe,test_roc_micro_auc,0.7416545748710632,generic
PSNN_wSurrGPT_wFaults_tictactoe_run4,wFaults,tictactoe,test_roc_micro_auc_mode_none,0.7416545748710632,none
PSNN_wSurrGPT_wFaults_tictactoe_run4,wFaults,tictactoe,test_roc_micro_auc_mode_single,0.7547169923782349,single
PSNN_wSurrGPT_woFaults_energyy2_run4,woFaults,energyy2,test_acc_mode_none,0.8607594966888428,
PSNN_wSurrGPT_woFaults_energyy2_run4,woFaults,energyy2,test_acc_mode_single,0.8101266026496887,
PSNN_wSurrGPT_woFaults_energyy2_run4,woFaults,energyy2,val_loss,0.8326703310012817,
PSNN_wSurrGPT_woFaults_energyy2_run4,woFaults,energyy2,val_power,0.007798658683896065,
PSNN_wSurrGPT_woFaults_energyy2_run4,woFaults,energyy2,test_roc_micro_auc,0.9749239087104796,generic
PSNN_wSurrGPT_woFaults_energyy2_run4,woFaults,energyy2,test_roc_micro_auc_mode_none,0.9749239087104796,none
PSNN_wSurrGPT_woFaults_energyy2_run4,woFaults,energyy2,test_roc_micro_auc_mode_single,0.9448004961013794,single
PSNN_wSurrGPT_wFaults_energyy1_run4,wFaults,energyy1,test_acc_mode_none,0.4303797483444214,
PSNN_wSurrGPT_wFaults_energyy1_run4,wFaults,energyy1,test_acc_mode_single,0.4303797483444214,
PSNN_wSurrGPT_wFaults_energyy1_run4,wFaults,energyy1,val_loss,1.0325425863265991,
PSNN_wSurrGPT_wFaults_energyy1_run4,wFaults,energyy1,val_power,0.003644126700237394,
PSNN_wSurrGPT_wFaults_energyy1_run4,wFaults,energyy1,test_roc_micro_auc,0.7618170380592346,generic
PSNN_wSurrGPT_wFaults_energyy1_run4,wFaults,energyy1,test_roc_micro_auc_mode_none,0.7618170380592346,none
PSNN_wSurrGPT_wFaults_energyy1_run4,wFaults,energyy1,test_roc_micro_auc_mode_single,0.7618170380592346,single
PSNN_wSurrGPT_woFaults_energyy1_run4,woFaults,energyy1,test_acc_mode_none,0.8481012582778931,
PSNN_wSurrGPT_woFaults_energyy1_run4,woFaults,energyy1,test_acc_mode_single,0.8481012582778931,
PSNN_wSurrGPT_woFaults_energyy1_run4,woFaults,energyy1,val_loss,0.8766245245933533,
PSNN_wSurrGPT_woFaults_energyy1_run4,woFaults,energyy1,val_power,0.001364929717965424,
PSNN_wSurrGPT_woFaults_energyy1_run4,woFaults,energyy1,test_roc_micro_auc,0.9323826432228088,generic
PSNN_wSurrGPT_woFaults_energyy1_run4,woFaults,energyy1,test_roc_micro_auc_mode_none,0.9323826432228088,none
PSNN_wSurrGPT_woFaults_energyy1_run4,woFaults,energyy1,test_roc_micro_auc_mode_single,0.905063271522522,single
PSNN_wSurrGPT_wFaults_energyy2_run4,wFaults,energyy2,test_acc_mode_none,0.5189873576164246,
PSNN_wSurrGPT_wFaults_energyy2_run4,wFaults,energyy2,test_acc_mode_single,0.5189873576164246,
PSNN_wSurrGPT_wFaults_energyy2_run4,wFaults,energyy2,val_loss,0.8958767056465149,
PSNN_wSurrGPT_wFaults_energyy2_run4,wFaults,energyy2,val_power,0.00372661417350173,
PSNN_wSurrGPT_wFaults_energyy2_run4,wFaults,energyy2,test_roc_micro_auc,0.8373658061027527,generic
PSNN_wSurrGPT_wFaults_energyy2_run4,wFaults,energyy2,test_roc_micro_auc_mode_none,0.8373658061027527,none
PSNN_wSurrGPT_wFaults_energyy2_run4,wFaults,energyy2,test_roc_micro_auc_mode_single,0.8203012347221375,single
PSNN_wSurrGPT_woFaults_tictactoe_run5,woFaults,tictactoe,test_acc_mode_none,0.7215189933776855,
PSNN_wSurrGPT_woFaults_tictactoe_run5,woFaults,tictactoe,test_acc_mode_single,0.7215189933776855,
PSNN_wSurrGPT_woFaults_tictactoe_run5,woFaults,tictactoe,val_loss,0.661815881729126,
PSNN_wSurrGPT_woFaults_tictactoe_run5,woFaults,tictactoe,val_power,0.004651296883821487,
PSNN_wSurrGPT_woFaults_tictactoe_run5,woFaults,tictactoe,test_roc_micro_auc,0.762699544429779,generic
PSNN_wSurrGPT_woFaults_tictactoe_run5,woFaults,tictactoe,test_roc_micro_auc_mode_none,0.762699544429779,none
PSNN_wSurrGPT_woFaults_tictactoe_run5,woFaults,tictactoe,test_roc_micro_auc_mode_single,0.701741635799408,single
PSNN_wSurrGPT_wFaults_tictactoe_run5,wFaults,tictactoe,test_acc_mode_none,0.6708860993385315,
PSNN_wSurrGPT_wFaults_tictactoe_run5,wFaults,tictactoe,test_acc_mode_single,0.6708860993385315,
PSNN_wSurrGPT_wFaults_tictactoe_run5,wFaults,tictactoe,val_loss,0.6681149005889893,
PSNN_wSurrGPT_wFaults_tictactoe_run5,wFaults,tictactoe,val_power,0.0019237914821133015,
PSNN_wSurrGPT_wFaults_tictactoe_run5,wFaults,tictactoe,test_roc_micro_auc,0.22423802316188812,generic
PSNN_wSurrGPT_wFaults_tictactoe_run5,wFaults,tictactoe,test_roc_micro_auc_mode_none,0.22423802316188812,none
PSNN_wSurrGPT_wFaults_tictactoe_run5,wFaults,tictactoe,test_roc_micro_auc_mode_single,0.2322206050157547,single
PSNN_wSurrGPT_wFaults_energyy1_run5,wFaults,energyy1,test_acc_mode_none,0.8481012582778931,
PSNN_wSurrGPT_wFaults_energyy1_run5,wFaults,energyy1,test_acc_mode_single,0.8481012582778931,
PSNN_wSurrGPT_wFaults_energyy1_run5,wFaults,energyy1,val_loss,0.902431070804596,
PSNN_wSurrGPT_wFaults_energyy1_run5,wFaults,energyy1,val_power,0.00529177300632,
PSNN_wSurrGPT_wFaults_energyy1_run5,wFaults,energyy1,test_roc_micro_auc,0.8863964080810547,generic
PSNN_wSurrGPT_wFaults_energyy1_run5,wFaults,energyy1,test_roc_micro_auc_mode_none,0.8863964080810547,none
PSNN_wSurrGPT_wFaults_energyy1_run5,wFaults,energyy1,test_roc_micro_auc_mode_single,0.8903220891952515,single
PSNN_wSurrGPT_woFaults_energyy2_run5,woFaults,energyy2,test_acc_mode_none,0.5316455960273743,
PSNN_wSurrGPT_woFaults_energyy2_run5,woFaults,energyy2,test_acc_mode_single,0.5189873576164246,
PSNN_wSurrGPT_woFaults_energyy2_run5,woFaults,energyy2,val_loss,0.8781173825263977,
PSNN_wSurrGPT_woFaults_energyy2_run5,woFaults,energyy2,val_power,0.006280627567321062,
PSNN_wSurrGPT_woFaults_energyy2_run5,woFaults,energyy2,test_roc_micro_auc,0.8407306671142578,generic
PSNN_wSurrGPT_woFaults_energyy2_run5,woFaults,energyy2,test_roc_micro_auc_mode_none,0.8407306671142578,none
PSNN_wSurrGPT_woFaults_energyy2_run5,woFaults,energyy2,test_roc_micro_auc_mode_single,0.828793466091156,single
PSNN_wSurrGPT_woFaults_energyy1_run5,woFaults,energyy1,test_acc_mode_none,0.8481012582778931,
PSNN_wSurrGPT_woFaults_energyy1_run5,woFaults,energyy1,test_acc_mode_single,0.797468364238739,
PSNN_wSurrGPT_woFaults_energyy1_run5,woFaults,energyy1,val_loss,0.9720007181167604,
PSNN_wSurrGPT_woFaults_energyy1_run5,woFaults,energyy1,val_power,0.004141785204410553,
PSNN_wSurrGPT_woFaults_energyy1_run5,woFaults,energyy1,test_roc_micro_auc,0.882671058177948,generic
PSNN_wSurrGPT_woFaults_energyy1_run5,woFaults,energyy1,test_roc_micro_auc_mode_none,0.882671058177948,none
PSNN_wSurrGPT_woFaults_energyy1_run5,woFaults,energyy1,test_roc_micro_auc_mode_single,0.8471398949623108,single
PSNN_wSurrGPT_wFaults_energyy2_run5,wFaults,energyy2,test_acc_mode_none,0.7215189933776855,
PSNN_wSurrGPT_wFaults_energyy2_run5,wFaults,energyy2,test_acc_mode_single,0.7215189933776855,
PSNN_wSurrGPT_wFaults_energyy2_run5,wFaults,energyy2,val_loss,0.8812307715415955,
PSNN_wSurrGPT_wFaults_energyy2_run5,wFaults,energyy2,val_power,0.008746516890823841,
PSNN_wSurrGPT_wFaults_energyy2_run5,wFaults,energyy2,test_roc_micro_auc,0.8844736218452454,generic
PSNN_wSurrGPT_wFaults_energyy2_run5,wFaults,energyy2,test_roc_micro_auc_mode_none,0.8844736218452454,none
PSNN_wSurrGPT_wFaults_energyy2_run5,wFaults,energyy2,test_roc_micro_auc_mode_single,0.8835122585296631,single
PSNN_wSurrGPT_woFaults_tictactoe_run6,woFaults,tictactoe,test_acc_mode_none,0.6708860993385315,
PSNN_wSurrGPT_woFaults_tictactoe_run6,woFaults,tictactoe,test_acc_mode_single,0.6708860993385315,
PSNN_wSurrGPT_woFaults_tictactoe_run6,woFaults,tictactoe,val_loss,0.5810819864273071,
PSNN_wSurrGPT_woFaults_tictactoe_run6,woFaults,tictactoe,val_power,0.0030921355355530977,
PSNN_wSurrGPT_woFaults_tictactoe_run6,woFaults,tictactoe,test_roc_micro_auc,0.6952104568481445,generic
PSNN_wSurrGPT_woFaults_tictactoe_run6,woFaults,tictactoe,test_roc_micro_auc_mode_none,0.6952104568481445,none
PSNN_wSurrGPT_woFaults_tictactoe_run6,woFaults,tictactoe,test_roc_micro_auc_mode_single,0.6560232043266296,single
PSNN_wSurrGPT_wFaults_tictactoe_run6,wFaults,tictactoe,test_acc_mode_none,0.6708860993385315,
PSNN_wSurrGPT_wFaults_tictactoe_run6,wFaults,tictactoe,test_acc_mode_single,0.6708860993385315,
PSNN_wSurrGPT_wFaults_tictactoe_run6,wFaults,tictactoe,val_loss,0.5770363211631775,
PSNN_wSurrGPT_wFaults_tictactoe_run6,wFaults,tictactoe,val_power,0.0063050673343241215,
PSNN_wSurrGPT_wFaults_tictactoe_run6,wFaults,tictactoe,test_roc_micro_auc,0.7271407842636108,generic
PSNN_wSurrGPT_wFaults_tictactoe_run6,wFaults,tictactoe,test_roc_micro_auc_mode_none,0.7271407842636108,none
PSNN_wSurrGPT_wFaults_tictactoe_run6,wFaults,tictactoe,test_roc_micro_auc_mode_single,0.7358490824699402,single
